"File Name","Leaf #"
"FREC_C.Rust 0013.JPG","1.0"
"FREC_C.Rust 0014.JPG","1.0"
"FREC_C.Rust 0015.JPG","1.0"
"FREC_C.Rust 0016.JPG","1.0"
"FREC_C.Rust 0023.JPG","2.0"
"FREC_C.Rust 0024.JPG","2.0"
"FREC_C.Rust 0036.JPG","2.0"
"FREC_C.Rust 0037.JPG","2.0"
"FREC_C.Rust 0044.JPG","3.0"
"FREC_C.Rust 0045.JPG","3.0"
"FREC_C.Rust 0058.JPG","3.0"
"FREC_C.Rust 0059.JPG","3.0"
"FREC_C.Rust 0064.JPG","4.0"
"FREC_C.Rust 0065.JPG","4.0"
"FREC_C.Rust 0067.JPG","4.0"
"FREC_C.Rust 0074.JPG","4.0"
"FREC_C.Rust 0079.JPG","5.0"
"FREC_C.Rust 0082.JPG","5.0"
"FREC_C.Rust 0089.JPG","5.0"
"FREC_C.Rust 0092.JPG","5.0"
"FREC_C.Rust 0101.JPG","6.0"
"FREC_C.Rust 0107.JPG","6.0"
"FREC_C.Rust 0109.JPG","6.0"
"FREC_C.Rust 0110.JPG","6.0"
"FREC_C.Rust 0122.JPG","7.0"
"FREC_C.Rust 0127.JPG","7.0"
"FREC_C.Rust 0128.JPG","7.0"
"FREC_C.Rust 0133.JPG","7.0"
"FREC_C.Rust 0144.JPG","8.0"
"FREC_C.Rust 0145.JPG","8.0"
"FREC_C.Rust 0151.JPG","8.0"
"FREC_C.Rust 0155.JPG","8.0"
"FREC_C.Rust 0163.JPG","9.0"
"FREC_C.Rust 0164.JPG","9.0"
"FREC_C.Rust 0175.JPG","9.0"
"FREC_C.Rust 0182.JPG","9.0"
"FREC_C.Rust 0187.JPG","10.0"
"FREC_C.Rust 0190.JPG","10.0"
"FREC_C.Rust 0195.JPG","10.0"
"FREC_C.Rust 0197.JPG","10.0"
"FREC_C.Rust 0204.JPG","11.0"
"FREC_C.Rust 0206.JPG","11.0"
"FREC_C.Rust 0210.JPG","11.0"
"FREC_C.Rust 0212.JPG","11.0"
"FREC_C.Rust 0225.JPG","12.0"
"FREC_C.Rust 0230.JPG","12.0"
"FREC_C.Rust 0233.JPG","12.0"
"FREC_C.Rust 0234.JPG","12.0"
"FREC_C.Rust 3540.JPG","13.0"
"FREC_C.Rust 3541.JPG","13.0"
"FREC_C.Rust 3546.JPG","13.0"
"FREC_C.Rust 3550.JPG","13.0"
"FREC_C.Rust 3556.JPG","14.0"
"FREC_C.Rust 3558.JPG","14.0"
"FREC_C.Rust 3561.JPG","14.0"
"FREC_C.Rust 3564.JPG","14.0"
"FREC_C.Rust 3566.JPG","15.0"
"FREC_C.Rust 3569.JPG","15.0"
"FREC_C.Rust 3570.JPG","15.0"
"FREC_C.Rust 3579.JPG","15.0"
"FREC_C.Rust 3585.JPG","16.0"
"FREC_C.Rust 3587.JPG","16.0"
"FREC_C.Rust 3592.JPG","16.0"
"FREC_C.Rust 3594.JPG","16.0"
"FREC_C.Rust 3599.JPG","17.0"
"FREC_C.Rust 3600.JPG","17.0"
"FREC_C.Rust 3610.JPG","17.0"
"FREC_C.Rust 3611.JPG","17.0"
"FREC_C.Rust 3613.JPG","18.0"
"FREC_C.Rust 3616.JPG","18.0"
"FREC_C.Rust 3619.JPG","18.0"
"FREC_C.Rust 3621.JPG","18.0"
"FREC_C.Rust 3626.JPG","19.0"
"FREC_C.Rust 3627.JPG","19.0"
"FREC_C.Rust 3628.JPG","19.0"
"FREC_C.Rust 3631.JPG","19.0"
"FREC_C.Rust 3642.JPG","20.0"
"FREC_C.Rust 3654.JPG","20.0"
"FREC_C.Rust 3655.JPG","20.0"
"FREC_C.Rust 3656.JPG","20.0"
"FREC_C.Rust 3660.JPG","21.0"
"FREC_C.Rust 3664.JPG","21.0"
"FREC_C.Rust 3666.JPG","21.0"
"FREC_C.Rust 3667.JPG","21.0"
"FREC_C.Rust 3673.JPG","22.0"
"FREC_C.Rust 3674.JPG","22.0"
"FREC_C.Rust 3676.JPG","22.0"
"FREC_C.Rust 3679.JPG","22.0"
"FREC_C.Rust 3681.JPG","23.0"
"FREC_C.Rust 3686.JPG","23.0"
"FREC_C.Rust 3691.JPG","23.0"
"FREC_C.Rust 3692.JPG","23.0"
"FREC_C.Rust 3695.JPG","24.0"
"FREC_C.Rust 3699.JPG","24.0"
"FREC_C.Rust 3704.JPG","24.0"
"FREC_C.Rust 3710.JPG","24.0"
"FREC_C.Rust 3711.JPG","25.0"
"FREC_C.Rust 3718.JPG","25.0"
"FREC_C.Rust 3720.JPG","25.0"
"FREC_C.Rust 3727.JPG","25.0"
"FREC_C.Rust 3731.JPG","26.0"
"FREC_C.Rust 3732.JPG","26.0"
"FREC_C.Rust 3733.JPG","26.0"
"FREC_C.Rust 3742.JPG","26.0"
"FREC_C.Rust 3746.JPG","27.0"
"FREC_C.Rust 3747.JPG","27.0"
"FREC_C.Rust 3748.JPG","27.0"
"FREC_C.Rust 3756.JPG","27.0"
"FREC_C.Rust 3760.JPG","28.0"
"FREC_C.Rust 3762.JPG","28.0"
"FREC_C.Rust 3765.JPG","28.0"
"FREC_C.Rust 3766.JPG","28.0"
"FREC_C.Rust 3776.JPG","29.0"
"FREC_C.Rust 3781.JPG","29.0"
"FREC_C.Rust 3783.JPG","29.0"
"FREC_C.Rust 3788.JPG","29.0"
"FREC_C.Rust 3791.JPG","30.0"
"FREC_C.Rust 3801.JPG","30.0"
"FREC_C.Rust 3803.JPG","30.0"
"FREC_C.Rust 3805.JPG","30.0"
"FREC_C.Rust 3807.JPG","31.0"
"FREC_C.Rust 3815.JPG","31.0"
"FREC_C.Rust 3816.JPG","31.0"
"FREC_C.Rust 3818.JPG","31.0"
"FREC_C.Rust 3823.JPG","32.0"
"FREC_C.Rust 3824.JPG","32.0"
"FREC_C.Rust 3826.JPG","32.0"
"FREC_C.Rust 3833.JPG","32.0"
"FREC_C.Rust 3834.JPG","33.0"
"FREC_C.Rust 3839.JPG","33.0"
"FREC_C.Rust 3841.JPG","33.0"
"FREC_C.Rust 3842.JPG","33.0"
"FREC_C.Rust 3852.JPG","34.0"
"FREC_C.Rust 3853.JPG","34.0"
"FREC_C.Rust 3858.JPG","34.0"
"FREC_C.Rust 3862.JPG","34.0"
"FREC_C.Rust 3869.JPG","35.0"
"FREC_C.Rust 3879.JPG","35.0"
"FREC_C.Rust 3885.JPG","35.0"
"FREC_C.Rust 3891.JPG","35.0"
"FREC_C.Rust 3893.JPG","36.0"
"FREC_C.Rust 3907.JPG","36.0"
"FREC_C.Rust 3909.JPG","36.0"
"FREC_C.Rust 3913.JPG","36.0"
"FREC_C.Rust 3929.JPG","37.0"
"FREC_C.Rust 3938.JPG","37.0"
"FREC_C.Rust 3942.JPG","37.0"
"FREC_C.Rust 3944.JPG","37.0"
"FREC_C.Rust 3952.JPG","38.0"
"FREC_C.Rust 3955.JPG","38.0"
"FREC_C.Rust 3965.JPG","38.0"
"FREC_C.Rust 3969.JPG","38.0"
"FREC_C.Rust 3983.JPG","39.0"
"FREC_C.Rust 3991.JPG","39.0"
"FREC_C.Rust 3998.JPG","39.0"
"FREC_C.Rust 4006.JPG","39.0"
"FREC_C.Rust 4014.JPG","40.0"
"FREC_C.Rust 4024.JPG","40.0"
"FREC_C.Rust 4036.JPG","40.0"
"FREC_C.Rust 4038.JPG","40.0"
"FREC_C.Rust 4049.JPG","41.0"
"FREC_C.Rust 4052.JPG","41.0"
"FREC_C.Rust 4057.JPG","41.0"
"FREC_C.Rust 4075.JPG","41.0"
"FREC_C.Rust 4079.JPG","42.0"
"FREC_C.Rust 4088.JPG","42.0"
"FREC_C.Rust 4089.JPG","42.0"
"FREC_C.Rust 4092.JPG","42.0"
"FREC_C.Rust 4109.JPG","43.0"
"FREC_C.Rust 4123.JPG","43.0"
"FREC_C.Rust 4125.JPG","43.0"
"FREC_C.Rust 4130.JPG","43.0"
"FREC_C.Rust 4147.JPG","44.0"
"FREC_C.Rust 4155.JPG","44.0"
"FREC_C.Rust 4161.JPG","44.0"
"FREC_C.Rust 4170.JPG","44.0"
"FREC_C.Rust 4174.JPG","45.0"
"FREC_C.Rust 4181.JPG","45.0"
"FREC_C.Rust 4182.JPG","45.0"
"FREC_C.Rust 4183.JPG","45.0"
"FREC_C.Rust 4197.JPG","46.0"
"FREC_C.Rust 4199.JPG","46.0"
"FREC_C.Rust 4206.JPG","46.0"
"FREC_C.Rust 4219.JPG","46.0"
"FREC_C.Rust 4226.JPG","47.0"
"FREC_C.Rust 4231.JPG","47.0"
"FREC_C.Rust 4237.JPG","47.0"
"FREC_C.Rust 4245.JPG","47.0"
"FREC_C.Rust 4258.JPG","48.0"
"FREC_C.Rust 4260.JPG","48.0"
"FREC_C.Rust 4270.JPG","48.0"
"FREC_C.Rust 4274.JPG","48.0"
"FREC_C.Rust 4281.JPG","49.0"
"FREC_C.Rust 4290.JPG","49.0"
"FREC_C.Rust 4292.JPG","49.0"
"FREC_C.Rust 4300.JPG","49.0"
"FREC_C.Rust 4315.JPG","50.0"
"FREC_C.Rust 4327.JPG","50.0"
"FREC_C.Rust 4328.JPG","50.0"
"FREC_C.Rust 4334.JPG","50.0"
"FREC_C.Rust 4336.JPG","51.0"
"FREC_C.Rust 4344.JPG","51.0"
"FREC_C.Rust 4351.JPG","51.0"
"FREC_C.Rust 4354.JPG","51.0"
"FREC_C.Rust 4356.JPG","52.0"
"FREC_C.Rust 4365.JPG","52.0"
"FREC_C.Rust 4382.JPG","52.0"
"FREC_C.Rust 4385.JPG","52.0"
"FREC_C.Rust 4394.JPG","53.0"
"FREC_C.Rust 4404.JPG","53.0"
"FREC_C.Rust 4410.JPG","53.0"
"FREC_C.Rust 4412.JPG","53.0"
"FREC_C.Rust 4416.JPG","54.0"
"FREC_C.Rust 4424.JPG","54.0"
"FREC_C.Rust 4425.JPG","54.0"
"FREC_C.Rust 4431.JPG","54.0"
"FREC_C.Rust 4439.JPG","55.0"
"FREC_C.Rust 4442.JPG","55.0"
"FREC_C.Rust 4444.JPG","55.0"
"FREC_C.Rust 4450.JPG","55.0"
"FREC_C.Rust 9799.JPG","56.0"
"FREC_C.Rust 9801.JPG","56.0"
"FREC_C.Rust 9802.JPG","56.0"
"FREC_C.Rust 9807.JPG","56.0"
"FREC_C.Rust 9809.JPG","57.0"
"FREC_C.Rust 9811.JPG","57.0"
"FREC_C.Rust 9819.JPG","57.0"
"FREC_C.Rust 9821.JPG","57.0"
"FREC_C.Rust 9824.JPG","58.0"
"FREC_C.Rust 9826.JPG","58.0"
"FREC_C.Rust 9830.JPG","58.0"
"FREC_C.Rust 9833.JPG","58.0"
"FREC_C.Rust 9839.JPG","59.0"
"FREC_C.Rust 9843.JPG","59.0"
"FREC_C.Rust 9844.JPG","59.0"
"FREC_C.Rust 9847.JPG","59.0"
"FREC_C.Rust 9853.JPG","60.0"
"FREC_C.Rust 9856.JPG","60.0"
"FREC_C.Rust 9857.JPG","60.0"
"FREC_C.Rust 9861.JPG","60.0"
"FREC_C.Rust 9867.JPG","61.0"
"FREC_C.Rust 9868.JPG","61.0"
"FREC_C.Rust 9874.JPG","61.0"
"FREC_C.Rust 9878.JPG","61.0"
"FREC_C.Rust 9884.JPG","62.0"
"FREC_C.Rust 9889.JPG","62.0"
"FREC_C.Rust 9890.JPG","62.0"
"FREC_C.Rust 9891.JPG","62.0"
"FREC_C.Rust 9897.JPG","63.0"
"FREC_C.Rust 9904.JPG","63.0"
"FREC_C.Rust 9906.JPG","63.0"
"FREC_C.Rust 9907.JPG","63.0"
"FREC_C.Rust 9909.JPG","64.0"
"FREC_C.Rust 9910.JPG","64.0"
"FREC_C.Rust 9917.JPG","64.0"
"FREC_C.Rust 9919.JPG","64.0"
"FREC_C.Rust 9930.JPG","65.0"
"FREC_C.Rust 9932.JPG","65.0"
"FREC_C.Rust 9937.JPG","65.0"
"FREC_C.Rust 9939.JPG","65.0"
"FREC_C.Rust 9944.JPG","66.0"
"FREC_C.Rust 9945.JPG","66.0"
"FREC_C.Rust 9951.JPG","66.0"
"FREC_C.Rust 9953.JPG","66.0"
"FREC_C.Rust 9960.JPG","67.0"
"FREC_C.Rust 9962.JPG","67.0"
"FREC_C.Rust 9963.JPG","67.0"
"FREC_C.Rust 9966.JPG","67.0"
"FREC_C.Rust 9971.JPG","68.0"
"FREC_C.Rust 9972.JPG","68.0"
"FREC_C.Rust 9974.JPG","68.0"
"FREC_C.Rust 9980.JPG","68.0"
"FREC_C.Rust 9986.JPG","69.0"
"FREC_C.Rust 9989.JPG","69.0"
"FREC_C.Rust 9995.JPG","69.0"
"FREC_C.Rust 9996.JPG","69.0"
