"File Name","Leaf #"
"JR_FrgE.S 2729.JPG","1.0"
"JR_FrgE.S 2730.JPG","1.0"
"JR_FrgE.S 2731.JPG","1.0"
"JR_FrgE.S 2732.JPG","1.0"
"JR_FrgE.S 2733.JPG","1.0"
"JR_FrgE.S 2734.JPG","1.0"
"JR_FrgE.S 2735.JPG","1.0"
"JR_FrgE.S 2736.JPG","1.0"
"JR_FrgE.S 2737.JPG","1.0"
"JR_FrgE.S 2738.JPG","2.0"
"JR_FrgE.S 2739.JPG","2.0"
"JR_FrgE.S 2740.JPG","2.0"
"JR_FrgE.S 2741.JPG","2.0"
"JR_FrgE.S 2742.JPG","2.0"
"JR_FrgE.S 2743.JPG","2.0"
"JR_FrgE.S 2744.JPG","2.0"
"JR_FrgE.S 2745.JPG","2.0"
"JR_FrgE.S 2746.JPG","2.0"
"JR_FrgE.S 2747.JPG","2.0"
"JR_FrgE.S 2748.JPG","3.0"
"JR_FrgE.S 2749.JPG","3.0"
"JR_FrgE.S 2750.JPG","3.0"
"JR_FrgE.S 2751.JPG","3.0"
"JR_FrgE.S 2752.JPG","3.0"
"JR_FrgE.S 2753.JPG","3.0"
"JR_FrgE.S 2754.JPG","3.0"
"JR_FrgE.S 2755.JPG","3.0"
"JR_FrgE.S 2756.JPG","3.0"
"JR_FrgE.S 2757.JPG","4.0"
"JR_FrgE.S 2758.JPG","4.0"
"JR_FrgE.S 2759.JPG","4.0"
"JR_FrgE.S 2760.JPG","4.0"
"JR_FrgE.S 2761.JPG","4.0"
"JR_FrgE.S 2762.JPG","4.0"
"JR_FrgE.S 2763.JPG","4.0"
"JR_FrgE.S 2764.JPG","4.0"
"JR_FrgE.S 2765.JPG","4.0"
"JR_FrgE.S 2766.JPG","4.0"
"JR_FrgE.S 2767.JPG","4.0"
"JR_FrgE.S 2768.JPG","4.0"
"JR_FrgE.S 2769.JPG","4.0"
"JR_FrgE.S 2770.JPG","4.0"
"JR_FrgE.S 2771.JPG","5.0"
"JR_FrgE.S 2772.JPG","5.0"
"JR_FrgE.S 2773.JPG","5.0"
"JR_FrgE.S 2774.JPG","5.0"
"JR_FrgE.S 2775.JPG","5.0"
"JR_FrgE.S 2776.JPG","5.0"
"JR_FrgE.S 2777.JPG","5.0"
"JR_FrgE.S 2778.JPG","5.0"
"JR_FrgE.S 2779.JPG","5.0"
"JR_FrgE.S 2780.JPG","5.0"
"JR_FrgE.S 2781.JPG","5.0"
"JR_FrgE.S 2782.JPG","6.0"
"JR_FrgE.S 2783.JPG","6.0"
"JR_FrgE.S 2784.JPG","6.0"
"JR_FrgE.S 2785.JPG","6.0"
"JR_FrgE.S 2786.JPG","6.0"
"JR_FrgE.S 2787.JPG","6.0"
"JR_FrgE.S 2788.JPG","6.0"
"JR_FrgE.S 2789.JPG","6.0"
"JR_FrgE.S 2790.JPG","6.0"
"JR_FrgE.S 2791.JPG","6.0"
"JR_FrgE.S 2792.JPG","6.0"
"JR_FrgE.S 2793.JPG","6.0"
"JR_FrgE.S 2794.JPG","7.0"
"JR_FrgE.S 2795.JPG","7.0"
"JR_FrgE.S 2796.JPG","7.0"
"JR_FrgE.S 2797.JPG","7.0"
"JR_FrgE.S 2798.JPG","7.0"
"JR_FrgE.S 2799.JPG","7.0"
"JR_FrgE.S 2800.JPG","7.0"
"JR_FrgE.S 2801.JPG","7.0"
"JR_FrgE.S 2802.JPG","7.0"
"JR_FrgE.S 2803.JPG","7.0"
"JR_FrgE.S 2804.JPG","7.0"
"JR_FrgE.S 2805.JPG","7.0"
"JR_FrgE.S 2806.JPG","7.0"
"JR_FrgE.S 2807.JPG","7.0"
"JR_FrgE.S 2808.JPG","7.0"
"JR_FrgE.S 2809.JPG","7.0"
"JR_FrgE.S 2810.JPG","7.0"
"JR_FrgE.S 2811.JPG","7.0"
"JR_FrgE.S 2812.JPG","7.0"
"JR_FrgE.S 2813.JPG","8.0"
"JR_FrgE.S 2814.JPG","8.0"
"JR_FrgE.S 2815.JPG","8.0"
"JR_FrgE.S 2816.JPG","8.0"
"JR_FrgE.S 2817.JPG","8.0"
"JR_FrgE.S 2818.JPG","8.0"
"JR_FrgE.S 2819.JPG","8.0"
"JR_FrgE.S 2820.JPG","8.0"
"JR_FrgE.S 2821.JPG","8.0"
"JR_FrgE.S 2822.JPG","8.0"
"JR_FrgE.S 2823.JPG","8.0"
"JR_FrgE.S 2824.JPG","8.0"
"JR_FrgE.S 2825.JPG","8.0"
"JR_FrgE.S 2826.JPG","8.0"
"JR_FrgE.S 2827.JPG","8.0"
"JR_FrgE.S 2828.JPG","8.0"
"JR_FrgE.S 2829.JPG","8.0"
"JR_FrgE.S 2830.JPG","8.0"
"JR_FrgE.S 2831.JPG","8.0"
"JR_FrgE.S 2832.JPG","8.0"
"JR_FrgE.S 2833.JPG","8.0"
"JR_FrgE.S 2834.JPG","9.0"
"JR_FrgE.S 2835.JPG","9.0"
"JR_FrgE.S 2836.JPG","9.0"
"JR_FrgE.S 2837.JPG","9.0"
"JR_FrgE.S 2838.JPG","9.0"
"JR_FrgE.S 2839.JPG","9.0"
"JR_FrgE.S 2840.JPG","9.0"
"JR_FrgE.S 2841.JPG","9.0"
"JR_FrgE.S 2842.JPG","9.0"
"JR_FrgE.S 2843.JPG","9.0"
"JR_FrgE.S 2844.JPG","9.0"
"JR_FrgE.S 2845.JPG","9.0"
"JR_FrgE.S 2846.JPG","9.0"
"JR_FrgE.S 2847.JPG","9.0"
"JR_FrgE.S 2848.JPG","10.0"
"JR_FrgE.S 2849.JPG","10.0"
"JR_FrgE.S 2850.JPG","10.0"
"JR_FrgE.S 2851.JPG","10.0"
"JR_FrgE.S 2852.JPG","10.0"
"JR_FrgE.S 2853.JPG","10.0"
"JR_FrgE.S 2854.JPG","10.0"
"JR_FrgE.S 2855.JPG","10.0"
"JR_FrgE.S 2856.JPG","10.0"
"JR_FrgE.S 2857.JPG","10.0"
"JR_FrgE.S 2858.JPG","10.0"
"JR_FrgE.S 2859.JPG","11.0"
"JR_FrgE.S 2860.JPG","11.0"
"JR_FrgE.S 2861.JPG","11.0"
"JR_FrgE.S 2862.JPG","11.0"
"JR_FrgE.S 2863.JPG","11.0"
"JR_FrgE.S 2864.JPG","11.0"
"JR_FrgE.S 2865.JPG","11.0"
"JR_FrgE.S 2866.JPG","11.0"
"JR_FrgE.S 2867.JPG","11.0"
"JR_FrgE.S 2868.JPG","11.0"
"JR_FrgE.S 2869.JPG","11.0"
"JR_FrgE.S 2870.JPG","12.0"
"JR_FrgE.S 2871.JPG","12.0"
"JR_FrgE.S 2872.JPG","12.0"
"JR_FrgE.S 2873.JPG","12.0"
"JR_FrgE.S 2874.JPG","12.0"
"JR_FrgE.S 2875.JPG","12.0"
"JR_FrgE.S 2876.JPG","12.0"
"JR_FrgE.S 2877.JPG","12.0"
"JR_FrgE.S 2878.JPG","12.0"
"JR_FrgE.S 2879.JPG","12.0"
"JR_FrgE.S 2880.JPG","12.0"
"JR_FrgE.S 2881.JPG","12.0"
"JR_FrgE.S 2882.JPG","12.0"
"JR_FrgE.S 2883.JPG","12.0"
"JR_FrgE.S 2884.JPG","12.0"
"JR_FrgE.S 2885.JPG","13.0"
"JR_FrgE.S 2886.JPG","13.0"
"JR_FrgE.S 2887.JPG","13.0"
"JR_FrgE.S 2888.JPG","13.0"
"JR_FrgE.S 2889.JPG","13.0"
"JR_FrgE.S 2890.JPG","13.0"
"JR_FrgE.S 2891.JPG","13.0"
"JR_FrgE.S 2892.JPG","13.0"
"JR_FrgE.S 2893.JPG","13.0"
"JR_FrgE.S 2894.JPG","13.0"
"JR_FrgE.S 2895.JPG","14.0"
"JR_FrgE.S 2896.JPG","14.0"
"JR_FrgE.S 2897.JPG","14.0"
"JR_FrgE.S 2898.JPG","14.0"
"JR_FrgE.S 2899.JPG","14.0"
"JR_FrgE.S 2900.JPG","14.0"
"JR_FrgE.S 2901.JPG","14.0"
"JR_FrgE.S 2902.JPG","14.0"
"JR_FrgE.S 2903.JPG","14.0"
"JR_FrgE.S 2904.JPG","14.0"
"JR_FrgE.S 2905.JPG","14.0"
"JR_FrgE.S 2906.JPG","14.0"
"JR_FrgE.S 2907.JPG","14.0"
"JR_FrgE.S 2908.JPG","14.0"
"JR_FrgE.S 2909.JPG","15.0"
"JR_FrgE.S 2910.JPG","15.0"
"JR_FrgE.S 2911.JPG","15.0"
"JR_FrgE.S 2912.JPG","15.0"
"JR_FrgE.S 2913.JPG","15.0"
"JR_FrgE.S 2914.JPG","15.0"
"JR_FrgE.S 2915.JPG","15.0"
"JR_FrgE.S 2916.JPG","15.0"
"JR_FrgE.S 2917.JPG","15.0"
"JR_FrgE.S 2918.JPG","15.0"
"JR_FrgE.S 2919.JPG","15.0"
"JR_FrgE.S 2920.JPG","15.0"
"JR_FrgE.S 2921.JPG","16.0"
"JR_FrgE.S 2922.JPG","16.0"
"JR_FrgE.S 2923.JPG","16.0"
"JR_FrgE.S 2924.JPG","16.0"
"JR_FrgE.S 2925.JPG","16.0"
"JR_FrgE.S 2926.JPG","16.0"
"JR_FrgE.S 2927.JPG","16.0"
"JR_FrgE.S 2928.JPG","16.0"
"JR_FrgE.S 2929.JPG","16.0"
"JR_FrgE.S 2930.JPG","16.0"
"JR_FrgE.S 2931.JPG","16.0"
"JR_FrgE.S 2932.JPG","17.0"
"JR_FrgE.S 2933.JPG","17.0"
"JR_FrgE.S 2934.JPG","17.0"
"JR_FrgE.S 2935.JPG","17.0"
"JR_FrgE.S 2936.JPG","17.0"
"JR_FrgE.S 2937.JPG","17.0"
"JR_FrgE.S 2938.JPG","17.0"
"JR_FrgE.S 2939.JPG","17.0"
"JR_FrgE.S 2940.JPG","17.0"
"JR_FrgE.S 2941.JPG","17.0"
"JR_FrgE.S 2942.JPG","18.0"
"JR_FrgE.S 2943.JPG","18.0"
"JR_FrgE.S 2944.JPG","18.0"
"JR_FrgE.S 2945.JPG","18.0"
"JR_FrgE.S 2946.JPG","18.0"
"JR_FrgE.S 2947.JPG","18.0"
"JR_FrgE.S 2948.JPG","18.0"
"JR_FrgE.S 2949.JPG","18.0"
"JR_FrgE.S 2950.JPG","18.0"
"JR_FrgE.S 2951.JPG","18.0"
"JR_FrgE.S 2952.JPG","18.0"
"JR_FrgE.S 2953.JPG","18.0"
"JR_FrgE.S 2954.JPG","18.0"
"JR_FrgE.S 2955.JPG","18.0"
"JR_FrgE.S 2956.JPG","18.0"
"JR_FrgE.S 2957.JPG","19.0"
"JR_FrgE.S 2958.JPG","19.0"
"JR_FrgE.S 2959.JPG","19.0"
"JR_FrgE.S 2960.JPG","19.0"
"JR_FrgE.S 2961.JPG","19.0"
"JR_FrgE.S 2962.JPG","19.0"
"JR_FrgE.S 2963.JPG","19.0"
"JR_FrgE.S 2964.JPG","19.0"
"JR_FrgE.S 2965.JPG","19.0"
"JR_FrgE.S 2966.JPG","19.0"
"JR_FrgE.S 2967.JPG","19.0"
"JR_FrgE.S 2968.JPG","19.0"
"JR_FrgE.S 2969.JPG","20.0"
"JR_FrgE.S 2970.JPG","20.0"
"JR_FrgE.S 2971.JPG","20.0"
"JR_FrgE.S 2972.JPG","20.0"
"JR_FrgE.S 2973.JPG","20.0"
"JR_FrgE.S 2974.JPG","20.0"
"JR_FrgE.S 2975.JPG","20.0"
"JR_FrgE.S 2976.JPG","20.0"
"JR_FrgE.S 2977.JPG","21.0"
"JR_FrgE.S 2978.JPG","21.0"
"JR_FrgE.S 2979.JPG","21.0"
"JR_FrgE.S 2980.JPG","21.0"
"JR_FrgE.S 2981.JPG","21.0"
"JR_FrgE.S 2982.JPG","21.0"
"JR_FrgE.S 2983.JPG","21.0"
"JR_FrgE.S 2984.JPG","21.0"
"JR_FrgE.S 2985.JPG","21.0"
"JR_FrgE.S 2986.JPG","21.0"
"JR_FrgE.S 2987.JPG","22.0"
"JR_FrgE.S 2988.JPG","22.0"
"JR_FrgE.S 2989.JPG","22.0"
"JR_FrgE.S 2990.JPG","22.0"
"JR_FrgE.S 2991.JPG","22.0"
"JR_FrgE.S 2992.JPG","22.0"
"JR_FrgE.S 2993.JPG","22.0"
"JR_FrgE.S 2994.JPG","22.0"
"JR_FrgE.S 2995.JPG","22.0"
"JR_FrgE.S 2996.JPG","22.0"
"JR_FrgE.S 2997.JPG","23.0"
"JR_FrgE.S 2998.JPG","23.0"
"JR_FrgE.S 2999.JPG","23.0"
"JR_FrgE.S 3000.JPG","23.0"
"JR_FrgE.S 3001.JPG","23.0"
"JR_FrgE.S 3002.JPG","23.0"
"JR_FrgE.S 3003.JPG","23.0"
"JR_FrgE.S 3004.JPG","23.0"
"JR_FrgE.S 3005.JPG","23.0"
"JR_FrgE.S 3006.JPG","23.0"
"JR_FrgE.S 3007.JPG","23.0"
"JR_FrgE.S 3008.JPG","23.0"
"JR_FrgE.S 3009.JPG","24.0"
"JR_FrgE.S 3010.JPG","24.0"
"JR_FrgE.S 3011.JPG","24.0"
"JR_FrgE.S 3012.JPG","24.0"
"JR_FrgE.S 3013.JPG","24.0"
"JR_FrgE.S 3014.JPG","24.0"
"JR_FrgE.S 3015.JPG","24.0"
"JR_FrgE.S 3016.JPG","24.0"
"JR_FrgE.S 3017.JPG","25.0"
"JR_FrgE.S 3018.JPG","25.0"
"JR_FrgE.S 3019.JPG","25.0"
"JR_FrgE.S 3020.JPG","25.0"
"JR_FrgE.S 3021.JPG","25.0"
"JR_FrgE.S 3022.JPG","25.0"
"JR_FrgE.S 3023.JPG","25.0"
"JR_FrgE.S 3024.JPG","25.0"
"JR_FrgE.S 3025.JPG","25.0"
"JR_FrgE.S 3026.JPG","25.0"
"JR_FrgE.S 3027.JPG","26.0"
"JR_FrgE.S 3028.JPG","26.0"
"JR_FrgE.S 3029.JPG","26.0"
"JR_FrgE.S 3030.JPG","26.0"
"JR_FrgE.S 3031.JPG","26.0"
"JR_FrgE.S 3032.JPG","26.0"
"JR_FrgE.S 3033.JPG","26.0"
"JR_FrgE.S 3034.JPG","26.0"
"JR_FrgE.S 3035.JPG","26.0"
"JR_FrgE.S 3036.JPG","27.0"
"JR_FrgE.S 3037.JPG","27.0"
"JR_FrgE.S 3038.JPG","27.0"
"JR_FrgE.S 3039.JPG","27.0"
"JR_FrgE.S 3040.JPG","27.0"
"JR_FrgE.S 3041.JPG","27.0"
"JR_FrgE.S 3042.JPG","27.0"
"JR_FrgE.S 3043.JPG","27.0"
"JR_FrgE.S 3044.JPG","27.0"
"JR_FrgE.S 3045.JPG","27.0"
"JR_FrgE.S 3046.JPG","27.0"
"JR_FrgE.S 3047.JPG","28.0"
"JR_FrgE.S 3048.JPG","28.0"
"JR_FrgE.S 3049.JPG","28.0"
"JR_FrgE.S 3050.JPG","28.0"
"JR_FrgE.S 3051.JPG","28.0"
"JR_FrgE.S 3052.JPG","28.0"
"JR_FrgE.S 3053.JPG","28.0"
"JR_FrgE.S 3054.JPG","28.0"
"JR_FrgE.S 3055.JPG","28.0"
"JR_FrgE.S 3056.JPG","28.0"
"JR_FrgE.S 3057.JPG","28.0"
"JR_FrgE.S 3058.JPG","28.0"
"JR_FrgE.S 3059.JPG","28.0"
"JR_FrgE.S 3060.JPG","28.0"
"JR_FrgE.S 3061.JPG","28.0"
"JR_FrgE.S 3062.JPG","29.0"
"JR_FrgE.S 3063.JPG","29.0"
"JR_FrgE.S 3064.JPG","29.0"
"JR_FrgE.S 3065.JPG","29.0"
"JR_FrgE.S 3066.JPG","29.0"
"JR_FrgE.S 3067.JPG","29.0"
"JR_FrgE.S 3068.JPG","29.0"
"JR_FrgE.S 3069.JPG","29.0"
"JR_FrgE.S 3070.JPG","29.0"
"JR_FrgE.S 3071.JPG","29.0"
"JR_FrgE.S 3072.JPG","29.0"
"JR_FrgE.S 3073.JPG","29.0"
"JR_FrgE.S 3074.JPG","29.0"
"JR_FrgE.S 3075.JPG","30.0"
"JR_FrgE.S 3076.JPG","30.0"
"JR_FrgE.S 3077.JPG","30.0"
"JR_FrgE.S 3078.JPG","30.0"
"JR_FrgE.S 3079.JPG","30.0"
"JR_FrgE.S 3080.JPG","30.0"
"JR_FrgE.S 3081.JPG","30.0"
"JR_FrgE.S 3082.JPG","30.0"
"JR_FrgE.S 3083.JPG","30.0"
"JR_FrgE.S 3084.JPG","30.0"
"JR_FrgE.S 3085.JPG","30.0"
"JR_FrgE.S 3086.JPG","31.0"
"JR_FrgE.S 3087.JPG","31.0"
"JR_FrgE.S 3088.JPG","31.0"
"JR_FrgE.S 3089.JPG","31.0"
"JR_FrgE.S 3090.JPG","31.0"
"JR_FrgE.S 3091.JPG","31.0"
"JR_FrgE.S 3092.JPG","31.0"
"JR_FrgE.S 3093.JPG","31.0"
"JR_FrgE.S 3094.JPG","31.0"
"JR_FrgE.S 3095.JPG","31.0"
"JR_FrgE.S 3096.JPG","31.0"
"JR_FrgE.S 8569.JPG","32.0"
"JR_FrgE.S 8570.JPG","32.0"
"JR_FrgE.S 8571.JPG","32.0"
"JR_FrgE.S 8572.JPG","32.0"
"JR_FrgE.S 8573.JPG","32.0"
"JR_FrgE.S 8574.JPG","33.0"
"JR_FrgE.S 8575.JPG","33.0"
"JR_FrgE.S 8576.JPG","33.0"
"JR_FrgE.S 8577.JPG","33.0"
"JR_FrgE.S 8578.JPG","33.0"
"JR_FrgE.S 8579.JPG","34.0"
"JR_FrgE.S 8580.JPG","34.0"
"JR_FrgE.S 8581.JPG","34.0"
"JR_FrgE.S 8582.JPG","34.0"
"JR_FrgE.S 8583.JPG","34.0"
"JR_FrgE.S 8584.JPG","34.0"
"JR_FrgE.S 8585.JPG","34.0"
"JR_FrgE.S 8586.JPG","34.0"
"JR_FrgE.S 8587.JPG","34.0"
"JR_FrgE.S 8588.JPG","34.0"
"JR_FrgE.S 8589.JPG","34.0"
"JR_FrgE.S 8590.JPG","35.0"
"JR_FrgE.S 8591.JPG","35.0"
"JR_FrgE.S 8592.JPG","35.0"
"JR_FrgE.S 8593.JPG","35.0"
"JR_FrgE.S 8594.JPG","35.0"
"JR_FrgE.S 8595.JPG","36.0"
"JR_FrgE.S 8596.JPG","36.0"
"JR_FrgE.S 8597.JPG","36.0"
"JR_FrgE.S 8598.JPG","36.0"
"JR_FrgE.S 8599.JPG","36.0"
"JR_FrgE.S 8600.JPG","37.0"
"JR_FrgE.S 8601.JPG","37.0"
"JR_FrgE.S 8602.JPG","37.0"
"JR_FrgE.S 8603.JPG","37.0"
"JR_FrgE.S 8604.JPG","37.0"
"JR_FrgE.S 8605.JPG","38.0"
"JR_FrgE.S 8606.JPG","38.0"
"JR_FrgE.S 8607.JPG","38.0"
"JR_FrgE.S 8608.JPG","38.0"
"JR_FrgE.S 8609.JPG","38.0"
"JR_FrgE.S 8610.JPG","38.0"
"JR_FrgE.S 8611.JPG","39.0"
"JR_FrgE.S 8612.JPG","39.0"
"JR_FrgE.S 8613.JPG","39.0"
"JR_FrgE.S 8614.JPG","39.0"
"JR_FrgE.S 8615.JPG","39.0"
"JR_FrgE.S 8616.JPG","39.0"
"JR_FrgE.S 8617.JPG","40.0"
"JR_FrgE.S 8618.JPG","40.0"
"JR_FrgE.S 8619.JPG","40.0"
"JR_FrgE.S 8620.JPG","40.0"
"JR_FrgE.S 8621.JPG","40.0"
"JR_FrgE.S 8622.JPG","40.0"
"JR_FrgE.S 8623.JPG","41.0"
"JR_FrgE.S 8624.JPG","41.0"
"JR_FrgE.S 8625.JPG","41.0"
"JR_FrgE.S 8626.JPG","41.0"
"JR_FrgE.S 8627.JPG","41.0"
"JR_FrgE.S 8628.JPG","41.0"
"JR_FrgE.S 8629.JPG","42.0"
"JR_FrgE.S 8630.JPG","42.0"
"JR_FrgE.S 8631.JPG","42.0"
"JR_FrgE.S 8632.JPG","42.0"
"JR_FrgE.S 8633.JPG","42.0"
"JR_FrgE.S 8634.JPG","42.0"
"JR_FrgE.S 8635.JPG","41.0"
"JR_FrgE.S 8636.JPG","41.0"
"JR_FrgE.S 8637.JPG","41.0"
"JR_FrgE.S 8638.JPG","41.0"
"JR_FrgE.S 8639.JPG","41.0"
"JR_FrgE.S 8640.JPG","41.0"
"JR_FrgE.S 8641.JPG","42.0"
"JR_FrgE.S 8642.JPG","42.0"
"JR_FrgE.S 8643.JPG","42.0"
"JR_FrgE.S 8644.JPG","42.0"
"JR_FrgE.S 8645.JPG","42.0"
"JR_FrgE.S 8646.JPG","42.0"
"JR_FrgE.S 8647.JPG","43.0"
"JR_FrgE.S 8648.JPG","43.0"
"JR_FrgE.S 8649.JPG","43.0"
"JR_FrgE.S 8650.JPG","43.0"
"JR_FrgE.S 8651.JPG","43.0"
"JR_FrgE.S 8652.JPG","43.0"
"JR_FrgE.S 8653.JPG","44.0"
"JR_FrgE.S 8654.JPG","44.0"
"JR_FrgE.S 8655.JPG","44.0"
"JR_FrgE.S 8656.JPG","44.0"
"JR_FrgE.S 8657.JPG","44.0"
"JR_FrgE.S 8658.JPG","44.0"
"JR_FrgE.S 8659.JPG","45.0"
"JR_FrgE.S 8660.JPG","45.0"
"JR_FrgE.S 8661.JPG","45.0"
"JR_FrgE.S 8662.JPG","45.0"
"JR_FrgE.S 8663.JPG","45.0"
"JR_FrgE.S 8664.JPG","45.0"
"JR_FrgE.S 8665.JPG","46.0"
"JR_FrgE.S 8666.JPG","46.0"
"JR_FrgE.S 8667.JPG","46.0"
"JR_FrgE.S 8668.JPG","46.0"
"JR_FrgE.S 8669.JPG","46.0"
"JR_FrgE.S 8670.JPG","46.0"
"JR_FrgE.S 8671.JPG","47.0"
"JR_FrgE.S 8672.JPG","47.0"
"JR_FrgE.S 8673.JPG","47.0"
"JR_FrgE.S 8674.JPG","47.0"
"JR_FrgE.S 8675.JPG","47.0"
"JR_FrgE.S 8676.JPG","47.0"
"JR_FrgE.S 8677.JPG","48.0"
"JR_FrgE.S 8678.JPG","48.0"
"JR_FrgE.S 8679.JPG","48.0"
"JR_FrgE.S 8680.JPG","48.0"
"JR_FrgE.S 8681.JPG","48.0"
"JR_FrgE.S 8682.JPG","48.0"
"JR_FrgE.S 8683.JPG","49.0"
"JR_FrgE.S 8684.JPG","49.0"
"JR_FrgE.S 8685.JPG","49.0"
"JR_FrgE.S 8686.JPG","49.0"
"JR_FrgE.S 8687.JPG","49.0"
"JR_FrgE.S 8688.JPG","49.0"
"JR_FrgE.S 8689.JPG","49.0"
"JR_FrgE.S 8690.JPG","50.0"
"JR_FrgE.S 8691.JPG","50.0"
"JR_FrgE.S 8692.JPG","50.0"
"JR_FrgE.S 8693.JPG","50.0"
"JR_FrgE.S 8694.JPG","50.0"
"JR_FrgE.S 8695.JPG","50.0"
"JR_FrgE.S 8696.JPG","50.0"
"JR_FrgE.S 8697.JPG","51.0"
"JR_FrgE.S 8698.JPG","51.0"
"JR_FrgE.S 8699.JPG","51.0"
"JR_FrgE.S 8700.JPG","51.0"
"JR_FrgE.S 8701.JPG","51.0"
"JR_FrgE.S 8702.JPG","51.0"
"JR_FrgE.S 8703.JPG","52.0"
"JR_FrgE.S 8704.JPG","52.0"
"JR_FrgE.S 8705.JPG","52.0"
"JR_FrgE.S 8706.JPG","52.0"
"JR_FrgE.S 8707.JPG","52.0"
"JR_FrgE.S 8708.JPG","52.0"
"JR_FrgE.S 8709.JPG","53.0"
"JR_FrgE.S 8710.JPG","53.0"
"JR_FrgE.S 8711.JPG","53.0"
"JR_FrgE.S 8712.JPG","53.0"
"JR_FrgE.S 8713.JPG","53.0"
"JR_FrgE.S 8714.JPG","54.0"
"JR_FrgE.S 8715.JPG","54.0"
"JR_FrgE.S 8716.JPG","54.0"
"JR_FrgE.S 8717.JPG","54.0"
"JR_FrgE.S 8718.JPG","54.0"
"JR_FrgE.S 8719.JPG","54.0"
"JR_FrgE.S 8720.JPG","55.0"
"JR_FrgE.S 8721.JPG","55.0"
"JR_FrgE.S 8722.JPG","55.0"
"JR_FrgE.S 8723.JPG","55.0"
"JR_FrgE.S 8724.JPG","55.0"
"JR_FrgE.S 8725.JPG","55.0"
"JR_FrgE.S 8726.JPG","56.0"
"JR_FrgE.S 8727.JPG","56.0"
"JR_FrgE.S 8728.JPG","56.0"
"JR_FrgE.S 8729.JPG","56.0"
"JR_FrgE.S 8730.JPG","56.0"
"JR_FrgE.S 8731.JPG","57.0"
"JR_FrgE.S 8732.JPG","57.0"
"JR_FrgE.S 8733.JPG","57.0"
"JR_FrgE.S 8734.JPG","57.0"
"JR_FrgE.S 8735.JPG","57.0"
"JR_FrgE.S 8736.JPG","57.0"
"JR_FrgE.S 8737.JPG","57.0"
"JR_FrgE.S 8738.JPG","58.0"
"JR_FrgE.S 8739.JPG","58.0"
"JR_FrgE.S 8740.JPG","58.0"
"JR_FrgE.S 8741.JPG","58.0"
"JR_FrgE.S 8742.JPG","58.0"
"JR_FrgE.S 8743.JPG","58.0"
"JR_FrgE.S 8744.JPG","59.0"
"JR_FrgE.S 8745.JPG","59.0"
"JR_FrgE.S 8746.JPG","59.0"
"JR_FrgE.S 8747.JPG","59.0"
"JR_FrgE.S 8748.JPG","59.0"
"JR_FrgE.S 8749.JPG","59.0"
"JR_FrgE.S 8750.JPG","60.0"
"JR_FrgE.S 8751.JPG","60.0"
"JR_FrgE.S 8752.JPG","60.0"
"JR_FrgE.S 8753.JPG","60.0"
"JR_FrgE.S 8754.JPG","60.0"
"JR_FrgE.S 8755.JPG","60.0"
"JR_FrgE.S 8756.JPG","60.0"
"JR_FrgE.S 8757.JPG","61.0"
"JR_FrgE.S 8758.JPG","61.0"
"JR_FrgE.S 8759.JPG","61.0"
"JR_FrgE.S 8760.JPG","61.0"
"JR_FrgE.S 8761.JPG","61.0"
"JR_FrgE.S 8762.JPG","61.0"
"JR_FrgE.S 8763.JPG","62.0"
"JR_FrgE.S 8764.JPG","62.0"
"JR_FrgE.S 8765.JPG","62.0"
"JR_FrgE.S 8766.JPG","62.0"
"JR_FrgE.S 8767.JPG","62.0"
"JR_FrgE.S 8768.JPG","63.0"
"JR_FrgE.S 8769.JPG","63.0"
"JR_FrgE.S 8770.JPG","63.0"
"JR_FrgE.S 8771.JPG","63.0"
"JR_FrgE.S 8772.JPG","63.0"
"JR_FrgE.S 8773.JPG","63.0"
"JR_FrgE.S 8774.JPG","64.0"
"JR_FrgE.S 8775.JPG","64.0"
"JR_FrgE.S 8776.JPG","64.0"
"JR_FrgE.S 8777.JPG","64.0"
"JR_FrgE.S 8778.JPG","64.0"
"JR_FrgE.S 8779.JPG","64.0"
"JR_FrgE.S 8780.JPG","65.0"
"JR_FrgE.S 8781.JPG","65.0"
"JR_FrgE.S 8782.JPG","65.0"
"JR_FrgE.S 8783.JPG","65.0"
"JR_FrgE.S 8784.JPG","65.0"
"JR_FrgE.S 8785.JPG","65.0"
"JR_FrgE.S 8786.JPG","66.0"
"JR_FrgE.S 8787.JPG","66.0"
"JR_FrgE.S 8788.JPG","66.0"
"JR_FrgE.S 8789.JPG","66.0"
"JR_FrgE.S 8790.JPG","66.0"
"JR_FrgE.S 8791.JPG","67.0"
"JR_FrgE.S 8792.JPG","67.0"
"JR_FrgE.S 8793.JPG","67.0"
"JR_FrgE.S 8794.JPG","67.0"
"JR_FrgE.S 8795.JPG","67.0"
"JR_FrgE.S 8796.JPG","68.0"
"JR_FrgE.S 8797.JPG","68.0"
"JR_FrgE.S 8798.JPG","68.0"
"JR_FrgE.S 8799.JPG","68.0"
"JR_FrgE.S 8800.JPG","68.0"
"JR_FrgE.S 8801.JPG","68.0"
"JR_FrgE.S 8802.JPG","69.0"
"JR_FrgE.S 8803.JPG","69.0"
"JR_FrgE.S 8804.JPG","69.0"
"JR_FrgE.S 8805.JPG","69.0"
"JR_FrgE.S 8806.JPG","69.0"
"JR_FrgE.S 8807.JPG","69.0"
"JR_FrgE.S 8808.JPG","69.0"
"JR_FrgE.S 8809.JPG","70.0"
"JR_FrgE.S 8810.JPG","70.0"
"JR_FrgE.S 8811.JPG","70.0"
"JR_FrgE.S 8812.JPG","70.0"
"JR_FrgE.S 8813.JPG","70.0"
"JR_FrgE.S 8814.JPG","70.0"
"JR_FrgE.S 8815.JPG","71.0"
"JR_FrgE.S 8816.JPG","71.0"
"JR_FrgE.S 8817.JPG","71.0"
"JR_FrgE.S 8818.JPG","71.0"
"JR_FrgE.S 8819.JPG","71.0"
"JR_FrgE.S 8820.JPG","71.0"
"JR_FrgE.S 8821.JPG","71.0"
