"File Name","Leaf #"
"FREC_Pwd.M 0241.JPG","1.0"
"FREC_Pwd.M 0242.JPG","1.0"
"FREC_Pwd.M 0243.JPG","1.0"
"FREC_Pwd.M 0244.JPG","1.0"
"FREC_Pwd.M 0245.JPG","1.0"
"FREC_Pwd.M 0246.JPG","1.0"
"FREC_Pwd.M 0247.JPG","1.0"
"FREC_Pwd.M 0248.JPG","1.0"
"FREC_Pwd.M 0249.JPG","1.0"
"FREC_Pwd.M 0250.JPG","1.0"
"FREC_Pwd.M 0251.JPG","1.0"
"FREC_Pwd.M 0252.JPG","1.0"
"FREC_Pwd.M 0253.JPG","1.0"
"FREC_Pwd.M 0254.JPG","1.0"
"FREC_Pwd.M 0255.JPG","1.0"
"FREC_Pwd.M 0256.JPG","1.0"
"FREC_Pwd.M 0257.JPG","1.0"
"FREC_Pwd.M 0258.JPG","1.0"
"FREC_Pwd.M 0259.JPG","1.0"
"FREC_Pwd.M 0260.JPG","1.0"
"FREC_Pwd.M 0261.JPG","1.0"
"FREC_Pwd.M 0262.JPG","2.0"
"FREC_Pwd.M 0263.JPG","2.0"
"FREC_Pwd.M 0264.JPG","2.0"
"FREC_Pwd.M 0265.JPG","2.0"
"FREC_Pwd.M 0266.JPG","2.0"
"FREC_Pwd.M 0267.JPG","2.0"
"FREC_Pwd.M 0268.JPG","2.0"
"FREC_Pwd.M 0269.JPG","2.0"
"FREC_Pwd.M 0270.JPG","2.0"
"FREC_Pwd.M 0271.JPG","2.0"
"FREC_Pwd.M 0272.JPG","2.0"
"FREC_Pwd.M 0273.JPG","2.0"
"FREC_Pwd.M 0274.JPG","2.0"
"FREC_Pwd.M 0275.JPG","2.0"
"FREC_Pwd.M 0276.JPG","2.0"
"FREC_Pwd.M 0277.JPG","2.0"
"FREC_Pwd.M 0278.JPG","2.0"
"FREC_Pwd.M 0279.JPG","2.0"
"FREC_Pwd.M 0280.JPG","2.0"
"FREC_Pwd.M 0281.JPG","3.0"
"FREC_Pwd.M 0282.JPG","3.0"
"FREC_Pwd.M 0283.JPG","3.0"
"FREC_Pwd.M 0284.JPG","3.0"
"FREC_Pwd.M 0285.JPG","3.0"
"FREC_Pwd.M 0286.JPG","3.0"
"FREC_Pwd.M 0287.JPG","3.0"
"FREC_Pwd.M 0288.JPG","3.0"
"FREC_Pwd.M 0289.JPG","3.0"
"FREC_Pwd.M 0290.JPG","3.0"
"FREC_Pwd.M 0291.JPG","3.0"
"FREC_Pwd.M 0292.JPG","3.0"
"FREC_Pwd.M 0293.JPG","3.0"
"FREC_Pwd.M 0294.JPG","3.0"
"FREC_Pwd.M 0295.JPG","3.0"
"FREC_Pwd.M 0296.JPG","3.0"
"FREC_Pwd.M 0297.JPG","3.0"
"FREC_Pwd.M 0298.JPG","3.0"
"FREC_Pwd.M 0299.JPG","3.0"
"FREC_Pwd.M 0300.JPG","3.0"
"FREC_Pwd.M 0301.JPG","3.0"
"FREC_Pwd.M 0302.JPG","3.0"
"FREC_Pwd.M 0303.JPG","4.0"
"FREC_Pwd.M 0304.JPG","4.0"
"FREC_Pwd.M 0305.JPG","4.0"
"FREC_Pwd.M 0306.JPG","4.0"
"FREC_Pwd.M 0307.JPG","4.0"
"FREC_Pwd.M 0308.JPG","4.0"
"FREC_Pwd.M 0309.JPG","4.0"
"FREC_Pwd.M 0310.JPG","4.0"
"FREC_Pwd.M 0311.JPG","4.0"
"FREC_Pwd.M 0312.JPG","4.0"
"FREC_Pwd.M 0313.JPG","4.0"
"FREC_Pwd.M 0314.JPG","4.0"
"FREC_Pwd.M 0315.JPG","4.0"
"FREC_Pwd.M 0316.JPG","4.0"
"FREC_Pwd.M 0317.JPG","4.0"
"FREC_Pwd.M 0318.JPG","4.0"
"FREC_Pwd.M 0319.JPG","4.0"
"FREC_Pwd.M 0320.JPG","4.0"
"FREC_Pwd.M 0321.JPG","4.0"
"FREC_Pwd.M 0322.JPG","4.0"
"FREC_Pwd.M 0323.JPG","5.0"
"FREC_Pwd.M 0324.JPG","5.0"
"FREC_Pwd.M 0325.JPG","5.0"
"FREC_Pwd.M 0326.JPG","5.0"
"FREC_Pwd.M 0327.JPG","5.0"
"FREC_Pwd.M 0328.JPG","5.0"
"FREC_Pwd.M 0329.JPG","5.0"
"FREC_Pwd.M 0330.JPG","5.0"
"FREC_Pwd.M 0331.JPG","5.0"
"FREC_Pwd.M 0332.JPG","5.0"
"FREC_Pwd.M 0333.JPG","5.0"
"FREC_Pwd.M 0334.JPG","5.0"
"FREC_Pwd.M 0335.JPG","5.0"
"FREC_Pwd.M 0336.JPG","5.0"
"FREC_Pwd.M 0337.JPG","5.0"
"FREC_Pwd.M 0338.JPG","5.0"
"FREC_Pwd.M 0339.JPG","5.0"
"FREC_Pwd.M 0340.JPG","5.0"
"FREC_Pwd.M 0341.JPG","5.0"
"FREC_Pwd.M 0342.JPG","5.0"
"FREC_Pwd.M 0343.JPG","5.0"
"FREC_Pwd.M 0344.JPG","5.0"
"FREC_Pwd.M 0345.JPG","6.0"
"FREC_Pwd.M 0346.JPG","6.0"
"FREC_Pwd.M 0347.JPG","6.0"
"FREC_Pwd.M 0348.JPG","6.0"
"FREC_Pwd.M 0349.JPG","6.0"
"FREC_Pwd.M 0350.JPG","6.0"
"FREC_Pwd.M 0351.JPG","6.0"
"FREC_Pwd.M 0352.JPG","6.0"
"FREC_Pwd.M 0353.JPG","6.0"
"FREC_Pwd.M 0354.JPG","6.0"
"FREC_Pwd.M 0355.JPG","6.0"
"FREC_Pwd.M 0356.JPG","6.0"
"FREC_Pwd.M 0357.JPG","6.0"
"FREC_Pwd.M 0358.JPG","6.0"
"FREC_Pwd.M 0359.JPG","6.0"
"FREC_Pwd.M 0360.JPG","6.0"
"FREC_Pwd.M 0361.JPG","6.0"
"FREC_Pwd.M 0362.JPG","6.0"
"FREC_Pwd.M 0363.JPG","6.0"
"FREC_Pwd.M 0364.JPG","6.0"
"FREC_Pwd.M 0365.JPG","6.0"
"FREC_Pwd.M 0366.JPG","6.0"
"FREC_Pwd.M 0367.JPG","7.0"
"FREC_Pwd.M 0368.JPG","7.0"
"FREC_Pwd.M 0369.JPG","7.0"
"FREC_Pwd.M 0370.JPG","7.0"
"FREC_Pwd.M 0371.JPG","7.0"
"FREC_Pwd.M 0372.JPG","7.0"
"FREC_Pwd.M 0373.JPG","7.0"
"FREC_Pwd.M 0374.JPG","7.0"
"FREC_Pwd.M 0375.JPG","7.0"
"FREC_Pwd.M 0376.JPG","7.0"
"FREC_Pwd.M 0377.JPG","7.0"
"FREC_Pwd.M 0378.JPG","7.0"
"FREC_Pwd.M 0379.JPG","7.0"
"FREC_Pwd.M 0380.JPG","7.0"
"FREC_Pwd.M 0381.JPG","7.0"
"FREC_Pwd.M 0382.JPG","7.0"
"FREC_Pwd.M 0383.JPG","7.0"
"FREC_Pwd.M 0384.JPG","7.0"
"FREC_Pwd.M 0385.JPG","7.0"
"FREC_Pwd.M 0386.JPG","7.0"
"FREC_Pwd.M 0387.JPG","7.0"
"FREC_Pwd.M 0388.JPG","7.0"
"FREC_Pwd.M 0389.JPG","7.0"
"FREC_Pwd.M 0390.JPG","8.0"
"FREC_Pwd.M 0391.JPG","8.0"
"FREC_Pwd.M 0392.JPG","8.0"
"FREC_Pwd.M 0393.JPG","8.0"
"FREC_Pwd.M 0394.JPG","8.0"
"FREC_Pwd.M 0395.JPG","8.0"
"FREC_Pwd.M 0396.JPG","8.0"
"FREC_Pwd.M 0397.JPG","8.0"
"FREC_Pwd.M 0398.JPG","8.0"
"FREC_Pwd.M 0399.JPG","8.0"
"FREC_Pwd.M 0400.JPG","8.0"
"FREC_Pwd.M 0401.JPG","8.0"
"FREC_Pwd.M 0402.JPG","8.0"
"FREC_Pwd.M 0403.JPG","8.0"
"FREC_Pwd.M 0404.JPG","8.0"
"FREC_Pwd.M 0405.JPG","8.0"
"FREC_Pwd.M 0406.JPG","8.0"
"FREC_Pwd.M 0407.JPG","8.0"
"FREC_Pwd.M 0408.JPG","8.0"
"FREC_Pwd.M 0409.JPG","8.0"
"FREC_Pwd.M 0410.JPG","8.0"
"FREC_Pwd.M 0411.JPG","9.0"
"FREC_Pwd.M 0412.JPG","9.0"
"FREC_Pwd.M 0413.JPG","9.0"
"FREC_Pwd.M 0414.JPG","9.0"
"FREC_Pwd.M 0415.JPG","9.0"
"FREC_Pwd.M 0416.JPG","9.0"
"FREC_Pwd.M 0417.JPG","9.0"
"FREC_Pwd.M 0418.JPG","9.0"
"FREC_Pwd.M 0419.JPG","9.0"
"FREC_Pwd.M 0420.JPG","9.0"
"FREC_Pwd.M 0421.JPG","9.0"
"FREC_Pwd.M 0422.JPG","9.0"
"FREC_Pwd.M 0423.JPG","9.0"
"FREC_Pwd.M 0424.JPG","9.0"
"FREC_Pwd.M 0425.JPG","9.0"
"FREC_Pwd.M 0426.JPG","9.0"
"FREC_Pwd.M 0427.JPG","9.0"
"FREC_Pwd.M 0428.JPG","9.0"
"FREC_Pwd.M 0429.JPG","9.0"
"FREC_Pwd.M 0430.JPG","9.0"
"FREC_Pwd.M 0431.JPG","9.0"
"FREC_Pwd.M 0432.JPG","9.0"
"FREC_Pwd.M 0433.JPG","9.0"
"FREC_Pwd.M 0434.JPG","10.0"
"FREC_Pwd.M 0435.JPG","10.0"
"FREC_Pwd.M 0436.JPG","10.0"
"FREC_Pwd.M 0437.JPG","10.0"
"FREC_Pwd.M 0438.JPG","10.0"
"FREC_Pwd.M 0439.JPG","10.0"
"FREC_Pwd.M 0440.JPG","10.0"
"FREC_Pwd.M 0441.JPG","10.0"
"FREC_Pwd.M 0442.JPG","10.0"
"FREC_Pwd.M 0443.JPG","10.0"
"FREC_Pwd.M 0444.JPG","10.0"
"FREC_Pwd.M 0445.JPG","10.0"
"FREC_Pwd.M 0446.JPG","10.0"
"FREC_Pwd.M 0447.JPG","10.0"
"FREC_Pwd.M 0448.JPG","10.0"
"FREC_Pwd.M 0449.JPG","10.0"
"FREC_Pwd.M 0450.JPG","10.0"
"FREC_Pwd.M 0451.JPG","10.0"
"FREC_Pwd.M 0452.JPG","10.0"
"FREC_Pwd.M 0453.JPG","10.0"
"FREC_Pwd.M 0454.JPG","11.0"
"FREC_Pwd.M 0455.JPG","11.0"
"FREC_Pwd.M 0456.JPG","11.0"
"FREC_Pwd.M 0457.JPG","11.0"
"FREC_Pwd.M 0458.JPG","11.0"
"FREC_Pwd.M 0459.JPG","11.0"
"FREC_Pwd.M 0460.JPG","11.0"
"FREC_Pwd.M 0461.JPG","11.0"
"FREC_Pwd.M 0462.JPG","11.0"
"FREC_Pwd.M 0463.JPG","11.0"
"FREC_Pwd.M 0464.JPG","11.0"
"FREC_Pwd.M 0465.JPG","11.0"
"FREC_Pwd.M 0466.JPG","11.0"
"FREC_Pwd.M 0467.JPG","11.0"
"FREC_Pwd.M 0468.JPG","11.0"
"FREC_Pwd.M 0469.JPG","11.0"
"FREC_Pwd.M 0470.JPG","11.0"
"FREC_Pwd.M 0471.JPG","11.0"
"FREC_Pwd.M 0472.JPG","11.0"
"FREC_Pwd.M 0473.JPG","11.0"
"FREC_Pwd.M 0474.JPG","11.0"
"FREC_Pwd.M 0475.JPG","11.0"
"FREC_Pwd.M 0476.JPG","11.0"
"FREC_Pwd.M 0477.JPG","11.0"
"FREC_Pwd.M 0478.JPG","12.0"
"FREC_Pwd.M 0479.JPG","12.0"
"FREC_Pwd.M 0480.JPG","12.0"
"FREC_Pwd.M 0481.JPG","12.0"
"FREC_Pwd.M 0482.JPG","12.0"
"FREC_Pwd.M 0483.JPG","12.0"
"FREC_Pwd.M 0484.JPG","12.0"
"FREC_Pwd.M 0485.JPG","12.0"
"FREC_Pwd.M 0486.JPG","12.0"
"FREC_Pwd.M 0487.JPG","12.0"
"FREC_Pwd.M 0488.JPG","12.0"
"FREC_Pwd.M 0489.JPG","12.0"
"FREC_Pwd.M 0490.JPG","12.0"
"FREC_Pwd.M 0491.JPG","12.0"
"FREC_Pwd.M 0492.JPG","12.0"
"FREC_Pwd.M 0493.JPG","12.0"
"FREC_Pwd.M 0494.JPG","12.0"
"FREC_Pwd.M 0495.JPG","12.0"
"FREC_Pwd.M 0496.JPG","12.0"
"FREC_Pwd.M 0497.JPG","13.0"
"FREC_Pwd.M 0498.JPG","13.0"
"FREC_Pwd.M 0499.JPG","13.0"
"FREC_Pwd.M 0500.JPG","13.0"
"FREC_Pwd.M 0501.JPG","13.0"
"FREC_Pwd.M 0502.JPG","13.0"
"FREC_Pwd.M 0503.JPG","13.0"
"FREC_Pwd.M 0504.JPG","13.0"
"FREC_Pwd.M 0505.JPG","13.0"
"FREC_Pwd.M 0506.JPG","13.0"
"FREC_Pwd.M 0507.JPG","13.0"
"FREC_Pwd.M 0508.JPG","13.0"
"FREC_Pwd.M 0509.JPG","13.0"
"FREC_Pwd.M 0510.JPG","13.0"
"FREC_Pwd.M 0511.JPG","13.0"
"FREC_Pwd.M 0512.JPG","13.0"
"FREC_Pwd.M 0513.JPG","13.0"
"FREC_Pwd.M 0514.JPG","13.0"
"FREC_Pwd.M 0515.JPG","13.0"
"FREC_Pwd.M 0516.JPG","13.0"
"FREC_Pwd.M 0517.JPG","13.0"
"FREC_Pwd.M 0518.JPG","14.0"
"FREC_Pwd.M 0519.JPG","14.0"
"FREC_Pwd.M 0520.JPG","14.0"
"FREC_Pwd.M 0521.JPG","14.0"
"FREC_Pwd.M 0522.JPG","14.0"
"FREC_Pwd.M 0523.JPG","14.0"
"FREC_Pwd.M 0524.JPG","14.0"
"FREC_Pwd.M 0525.JPG","14.0"
"FREC_Pwd.M 0526.JPG","14.0"
"FREC_Pwd.M 0527.JPG","14.0"
"FREC_Pwd.M 0528.JPG","14.0"
"FREC_Pwd.M 0529.JPG","14.0"
"FREC_Pwd.M 0530.JPG","14.0"
"FREC_Pwd.M 0531.JPG","14.0"
"FREC_Pwd.M 0532.JPG","14.0"
"FREC_Pwd.M 0533.JPG","14.0"
"FREC_Pwd.M 0534.JPG","14.0"
"FREC_Pwd.M 0535.JPG","14.0"
"FREC_Pwd.M 0536.JPG","14.0"
"FREC_Pwd.M 0537.JPG","15.0"
"FREC_Pwd.M 0538.JPG","15.0"
"FREC_Pwd.M 0539.JPG","15.0"
"FREC_Pwd.M 0540.JPG","15.0"
"FREC_Pwd.M 0541.JPG","15.0"
"FREC_Pwd.M 0542.JPG","15.0"
"FREC_Pwd.M 0543.JPG","15.0"
"FREC_Pwd.M 0544.JPG","15.0"
"FREC_Pwd.M 0545.JPG","15.0"
"FREC_Pwd.M 0546.JPG","15.0"
"FREC_Pwd.M 0547.JPG","15.0"
"FREC_Pwd.M 0548.JPG","15.0"
"FREC_Pwd.M 0549.JPG","15.0"
"FREC_Pwd.M 0550.JPG","15.0"
"FREC_Pwd.M 0551.JPG","15.0"
"FREC_Pwd.M 0552.JPG","15.0"
"FREC_Pwd.M 0553.JPG","15.0"
"FREC_Pwd.M 0554.JPG","15.0"
"FREC_Pwd.M 0555.JPG","15.0"
"FREC_Pwd.M 0556.JPG","16.0"
"FREC_Pwd.M 0557.JPG","16.0"
"FREC_Pwd.M 0558.JPG","16.0"
"FREC_Pwd.M 0559.JPG","16.0"
"FREC_Pwd.M 0560.JPG","16.0"
"FREC_Pwd.M 0561.JPG","16.0"
"FREC_Pwd.M 0562.JPG","16.0"
"FREC_Pwd.M 0563.JPG","16.0"
"FREC_Pwd.M 0564.JPG","16.0"
"FREC_Pwd.M 0565.JPG","16.0"
"FREC_Pwd.M 0566.JPG","16.0"
"FREC_Pwd.M 0567.JPG","16.0"
"FREC_Pwd.M 0568.JPG","16.0"
"FREC_Pwd.M 0569.JPG","16.0"
"FREC_Pwd.M 0570.JPG","16.0"
"FREC_Pwd.M 0571.JPG","16.0"
"FREC_Pwd.M 0572.JPG","16.0"
"FREC_Pwd.M 0573.JPG","16.0"
"FREC_Pwd.M 0574.JPG","17.0"
"FREC_Pwd.M 0575.JPG","17.0"
"FREC_Pwd.M 0576.JPG","17.0"
"FREC_Pwd.M 0577.JPG","17.0"
"FREC_Pwd.M 0578.JPG","17.0"
"FREC_Pwd.M 0579.JPG","17.0"
"FREC_Pwd.M 0580.JPG","17.0"
"FREC_Pwd.M 0581.JPG","17.0"
"FREC_Pwd.M 0582.JPG","17.0"
"FREC_Pwd.M 0583.JPG","17.0"
"FREC_Pwd.M 0584.JPG","17.0"
"FREC_Pwd.M 0585.JPG","17.0"
"FREC_Pwd.M 0586.JPG","17.0"
"FREC_Pwd.M 0587.JPG","17.0"
"FREC_Pwd.M 0588.JPG","17.0"
"FREC_Pwd.M 0589.JPG","17.0"
"FREC_Pwd.M 0590.JPG","17.0"
"FREC_Pwd.M 0591.JPG","17.0"
"FREC_Pwd.M 0592.JPG","17.0"
"FREC_Pwd.M 0593.JPG","17.0"
"FREC_Pwd.M 0594.JPG","17.0"
"FREC_Pwd.M 4461.JPG","18.0"
"FREC_Pwd.M 4462.JPG","18.0"
"FREC_Pwd.M 4463.JPG","18.0"
"FREC_Pwd.M 4464.JPG","18.0"
"FREC_Pwd.M 4465.JPG","18.0"
"FREC_Pwd.M 4466.JPG","18.0"
"FREC_Pwd.M 4467.JPG","18.0"
"FREC_Pwd.M 4468.JPG","18.0"
"FREC_Pwd.M 4469.JPG","18.0"
"FREC_Pwd.M 4470.JPG","18.0"
"FREC_Pwd.M 4471.JPG","18.0"
"FREC_Pwd.M 4473.JPG","18.0"
"FREC_Pwd.M 4474.JPG","18.0"
"FREC_Pwd.M 4475.JPG","18.0"
"FREC_Pwd.M 4476.JPG","18.0"
"FREC_Pwd.M 4477.JPG","18.0"
"FREC_Pwd.M 4478.JPG","18.0"
"FREC_Pwd.M 4479.JPG","18.0"
"FREC_Pwd.M 4480.JPG","18.0"
"FREC_Pwd.M 4481.JPG","18.0"
"FREC_Pwd.M 4482.JPG","18.0"
"FREC_Pwd.M 4483.JPG","19.0"
"FREC_Pwd.M 4484.JPG","19.0"
"FREC_Pwd.M 4485.JPG","19.0"
"FREC_Pwd.M 4486.JPG","19.0"
"FREC_Pwd.M 4487.JPG","19.0"
"FREC_Pwd.M 4488.JPG","19.0"
"FREC_Pwd.M 4489.JPG","19.0"
"FREC_Pwd.M 4490.JPG","19.0"
"FREC_Pwd.M 4491.JPG","19.0"
"FREC_Pwd.M 4492.JPG","19.0"
"FREC_Pwd.M 4493.JPG","19.0"
"FREC_Pwd.M 4494.JPG","19.0"
"FREC_Pwd.M 4495.JPG","19.0"
"FREC_Pwd.M 4496.JPG","19.0"
"FREC_Pwd.M 4497.JPG","19.0"
"FREC_Pwd.M 4498.JPG","19.0"
"FREC_Pwd.M 4499.JPG","19.0"
"FREC_Pwd.M 4500.JPG","19.0"
"FREC_Pwd.M 4501.JPG","19.0"
"FREC_Pwd.M 4502.JPG","20.0"
"FREC_Pwd.M 4503.JPG","20.0"
"FREC_Pwd.M 4504.JPG","20.0"
"FREC_Pwd.M 4505.JPG","20.0"
"FREC_Pwd.M 4506.JPG","20.0"
"FREC_Pwd.M 4507.JPG","20.0"
"FREC_Pwd.M 4508.JPG","20.0"
"FREC_Pwd.M 4509.JPG","20.0"
"FREC_Pwd.M 4510.JPG","20.0"
"FREC_Pwd.M 4511.JPG","20.0"
"FREC_Pwd.M 4512.JPG","20.0"
"FREC_Pwd.M 4513.JPG","20.0"
"FREC_Pwd.M 4514.JPG","20.0"
"FREC_Pwd.M 4515.JPG","20.0"
"FREC_Pwd.M 4516.JPG","20.0"
"FREC_Pwd.M 4517.JPG","20.0"
"FREC_Pwd.M 4518.JPG","21.0"
"FREC_Pwd.M 4519.JPG","21.0"
"FREC_Pwd.M 4520.JPG","21.0"
"FREC_Pwd.M 4521.JPG","21.0"
"FREC_Pwd.M 4522.JPG","21.0"
"FREC_Pwd.M 4523.JPG","21.0"
"FREC_Pwd.M 4524.JPG","21.0"
"FREC_Pwd.M 4525.JPG","21.0"
"FREC_Pwd.M 4527.JPG","21.0"
"FREC_Pwd.M 4528.JPG","21.0"
"FREC_Pwd.M 4529.JPG","21.0"
"FREC_Pwd.M 4530.JPG","21.0"
"FREC_Pwd.M 4531.JPG","21.0"
"FREC_Pwd.M 4532.JPG","21.0"
"FREC_Pwd.M 4533.JPG","21.0"
"FREC_Pwd.M 4534.JPG","21.0"
"FREC_Pwd.M 4535.JPG","21.0"
"FREC_Pwd.M 4536.JPG","22.0"
"FREC_Pwd.M 4537.JPG","22.0"
"FREC_Pwd.M 4538.JPG","22.0"
"FREC_Pwd.M 4539.JPG","22.0"
"FREC_Pwd.M 4540.JPG","22.0"
"FREC_Pwd.M 4541.JPG","22.0"
"FREC_Pwd.M 4542.JPG","22.0"
"FREC_Pwd.M 4543.JPG","22.0"
"FREC_Pwd.M 4544.JPG","22.0"
"FREC_Pwd.M 4545.JPG","22.0"
"FREC_Pwd.M 4547.JPG","22.0"
"FREC_Pwd.M 4548.JPG","22.0"
"FREC_Pwd.M 4549.JPG","22.0"
"FREC_Pwd.M 4550.JPG","22.0"
"FREC_Pwd.M 4551.JPG","22.0"
"FREC_Pwd.M 4552.JPG","22.0"
"FREC_Pwd.M 4553.JPG","22.0"
"FREC_Pwd.M 4554.JPG","22.0"
"FREC_Pwd.M 4555.JPG","23.0"
"FREC_Pwd.M 4556.JPG","23.0"
"FREC_Pwd.M 4557.JPG","23.0"
"FREC_Pwd.M 4558.JPG","23.0"
"FREC_Pwd.M 4559.JPG","23.0"
"FREC_Pwd.M 4560.JPG","23.0"
"FREC_Pwd.M 4561.JPG","23.0"
"FREC_Pwd.M 4562.JPG","23.0"
"FREC_Pwd.M 4563.JPG","23.0"
"FREC_Pwd.M 4564.JPG","23.0"
"FREC_Pwd.M 4565.JPG","23.0"
"FREC_Pwd.M 4566.JPG","23.0"
"FREC_Pwd.M 4567.JPG","23.0"
"FREC_Pwd.M 4568.JPG","23.0"
"FREC_Pwd.M 4569.JPG","23.0"
"FREC_Pwd.M 4570.JPG","23.0"
"FREC_Pwd.M 4571.JPG","23.0"
"FREC_Pwd.M 4572.JPG","23.0"
"FREC_Pwd.M 4573.JPG","23.0"
"FREC_Pwd.M 4574.JPG","23.0"
"FREC_Pwd.M 4575.JPG","23.0"
"FREC_Pwd.M 4576.JPG","23.0"
"FREC_Pwd.M 4577.JPG","23.0"
"FREC_Pwd.M 4578.JPG","24.0"
"FREC_Pwd.M 4579.JPG","24.0"
"FREC_Pwd.M 4580.JPG","24.0"
"FREC_Pwd.M 4581.JPG","24.0"
"FREC_Pwd.M 4582.JPG","24.0"
"FREC_Pwd.M 4583.JPG","24.0"
"FREC_Pwd.M 4584.JPG","24.0"
"FREC_Pwd.M 4585.JPG","24.0"
"FREC_Pwd.M 4586.JPG","24.0"
"FREC_Pwd.M 4587.JPG","24.0"
"FREC_Pwd.M 4588.JPG","24.0"
"FREC_Pwd.M 4589.JPG","24.0"
"FREC_Pwd.M 4590.JPG","24.0"
"FREC_Pwd.M 4591.JPG","24.0"
"FREC_Pwd.M 4592.JPG","24.0"
"FREC_Pwd.M 4593.JPG","24.0"
"FREC_Pwd.M 4594.JPG","24.0"
"FREC_Pwd.M 4595.JPG","24.0"
"FREC_Pwd.M 4596.JPG","24.0"
"FREC_Pwd.M 4597.JPG","24.0"
"FREC_Pwd.M 4598.JPG","25.0"
"FREC_Pwd.M 4599.JPG","25.0"
"FREC_Pwd.M 4600.JPG","25.0"
"FREC_Pwd.M 4601.JPG","25.0"
"FREC_Pwd.M 4602.JPG","25.0"
"FREC_Pwd.M 4603.JPG","25.0"
"FREC_Pwd.M 4604.JPG","25.0"
"FREC_Pwd.M 4605.JPG","25.0"
"FREC_Pwd.M 4606.JPG","25.0"
"FREC_Pwd.M 4607.JPG","25.0"
"FREC_Pwd.M 4608.JPG","25.0"
"FREC_Pwd.M 4609.JPG","25.0"
"FREC_Pwd.M 4610.JPG","25.0"
"FREC_Pwd.M 4611.JPG","25.0"
"FREC_Pwd.M 4612.JPG","25.0"
"FREC_Pwd.M 4613.JPG","25.0"
"FREC_Pwd.M 4614.JPG","25.0"
"FREC_Pwd.M 4615.JPG","25.0"
"FREC_Pwd.M 4616.JPG","25.0"
"FREC_Pwd.M 4617.JPG","25.0"
"FREC_Pwd.M 4618.JPG","26.0"
"FREC_Pwd.M 4619.JPG","26.0"
"FREC_Pwd.M 4620.JPG","26.0"
"FREC_Pwd.M 4621.JPG","26.0"
"FREC_Pwd.M 4622.JPG","26.0"
"FREC_Pwd.M 4623.JPG","26.0"
"FREC_Pwd.M 4624.JPG","26.0"
"FREC_Pwd.M 4625.JPG","26.0"
"FREC_Pwd.M 4626.JPG","26.0"
"FREC_Pwd.M 4627.JPG","26.0"
"FREC_Pwd.M 4628.JPG","26.0"
"FREC_Pwd.M 4629.JPG","26.0"
"FREC_Pwd.M 4630.JPG","26.0"
"FREC_Pwd.M 4631.JPG","26.0"
"FREC_Pwd.M 4632.JPG","26.0"
"FREC_Pwd.M 4633.JPG","26.0"
"FREC_Pwd.M 4634.JPG","26.0"
"FREC_Pwd.M 4635.JPG","26.0"
"FREC_Pwd.M 4636.JPG","26.0"
"FREC_Pwd.M 4637.JPG","26.0"
"FREC_Pwd.M 4638.JPG","26.0"
"FREC_Pwd.M 4639.JPG","26.0"
"FREC_Pwd.M 4640.JPG","27.0"
"FREC_Pwd.M 4641.JPG","27.0"
"FREC_Pwd.M 4642.JPG","27.0"
"FREC_Pwd.M 4643.JPG","27.0"
"FREC_Pwd.M 4644.JPG","27.0"
"FREC_Pwd.M 4645.JPG","27.0"
"FREC_Pwd.M 4646.JPG","27.0"
"FREC_Pwd.M 4647.JPG","27.0"
"FREC_Pwd.M 4648.JPG","27.0"
"FREC_Pwd.M 4649.JPG","27.0"
"FREC_Pwd.M 4650.JPG","27.0"
"FREC_Pwd.M 4651.JPG","27.0"
"FREC_Pwd.M 4652.JPG","27.0"
"FREC_Pwd.M 4653.JPG","27.0"
"FREC_Pwd.M 4654.JPG","27.0"
"FREC_Pwd.M 4655.JPG","28.0"
"FREC_Pwd.M 4656.JPG","28.0"
"FREC_Pwd.M 4657.JPG","28.0"
"FREC_Pwd.M 4658.JPG","28.0"
"FREC_Pwd.M 4659.JPG","28.0"
"FREC_Pwd.M 4660.JPG","28.0"
"FREC_Pwd.M 4661.JPG","28.0"
"FREC_Pwd.M 4662.JPG","28.0"
"FREC_Pwd.M 4663.JPG","28.0"
"FREC_Pwd.M 4664.JPG","28.0"
"FREC_Pwd.M 4665.JPG","28.0"
"FREC_Pwd.M 4666.JPG","28.0"
"FREC_Pwd.M 4667.JPG","28.0"
"FREC_Pwd.M 4668.JPG","28.0"
"FREC_Pwd.M 4669.JPG","28.0"
"FREC_Pwd.M 4670.JPG","28.0"
"FREC_Pwd.M 4671.JPG","28.0"
"FREC_Pwd.M 4672.JPG","28.0"
"FREC_Pwd.M 4673.JPG","29.0"
"FREC_Pwd.M 4674.JPG","29.0"
"FREC_Pwd.M 4675.JPG","29.0"
"FREC_Pwd.M 4676.JPG","29.0"
"FREC_Pwd.M 4677.JPG","29.0"
"FREC_Pwd.M 4678.JPG","29.0"
"FREC_Pwd.M 4679.JPG","29.0"
"FREC_Pwd.M 4680.JPG","29.0"
"FREC_Pwd.M 4681.JPG","29.0"
"FREC_Pwd.M 4682.JPG","29.0"
"FREC_Pwd.M 4683.JPG","29.0"
"FREC_Pwd.M 4684.JPG","29.0"
"FREC_Pwd.M 4685.JPG","29.0"
"FREC_Pwd.M 4686.JPG","29.0"
"FREC_Pwd.M 4687.JPG","29.0"
"FREC_Pwd.M 4688.JPG","29.0"
"FREC_Pwd.M 4689.JPG","29.0"
"FREC_Pwd.M 4690.JPG","29.0"
"FREC_Pwd.M 4691.JPG","29.0"
"FREC_Pwd.M 4692.JPG","29.0"
"FREC_Pwd.M 4693.JPG","29.0"
"FREC_Pwd.M 4694.JPG","30.0"
"FREC_Pwd.M 4695.JPG","30.0"
"FREC_Pwd.M 4696.JPG","30.0"
"FREC_Pwd.M 4697.JPG","30.0"
"FREC_Pwd.M 4698.JPG","30.0"
"FREC_Pwd.M 4699.JPG","30.0"
"FREC_Pwd.M 4700.JPG","30.0"
"FREC_Pwd.M 4701.JPG","30.0"
"FREC_Pwd.M 4702.JPG","30.0"
"FREC_Pwd.M 4703.JPG","30.0"
"FREC_Pwd.M 4704.JPG","30.0"
"FREC_Pwd.M 4705.JPG","30.0"
"FREC_Pwd.M 4706.JPG","30.0"
"FREC_Pwd.M 4707.JPG","30.0"
"FREC_Pwd.M 4708.JPG","30.0"
"FREC_Pwd.M 4709.JPG","30.0"
"FREC_Pwd.M 4710.JPG","30.0"
"FREC_Pwd.M 4711.JPG","30.0"
"FREC_Pwd.M 4712.JPG","30.0"
"FREC_Pwd.M 4713.JPG","30.0"
"FREC_Pwd.M 4714.JPG","31.0"
"FREC_Pwd.M 4715.JPG","31.0"
"FREC_Pwd.M 4716.JPG","31.0"
"FREC_Pwd.M 4717.JPG","31.0"
"FREC_Pwd.M 4718.JPG","31.0"
"FREC_Pwd.M 4719.JPG","31.0"
"FREC_Pwd.M 4720.JPG","31.0"
"FREC_Pwd.M 4721.JPG","31.0"
"FREC_Pwd.M 4722.JPG","31.0"
"FREC_Pwd.M 4723.JPG","31.0"
"FREC_Pwd.M 4724.JPG","31.0"
"FREC_Pwd.M 4725.JPG","31.0"
"FREC_Pwd.M 4726.JPG","31.0"
"FREC_Pwd.M 4727.JPG","31.0"
"FREC_Pwd.M 4728.JPG","31.0"
"FREC_Pwd.M 4729.JPG","31.0"
"FREC_Pwd.M 4730.JPG","31.0"
"FREC_Pwd.M 4731.JPG","31.0"
"FREC_Pwd.M 4732.JPG","31.0"
"FREC_Pwd.M 4733.JPG","31.0"
"FREC_Pwd.M 4734.JPG","32.0"
"FREC_Pwd.M 4735.JPG","32.0"
"FREC_Pwd.M 4736.JPG","32.0"
"FREC_Pwd.M 4737.JPG","32.0"
"FREC_Pwd.M 4738.JPG","32.0"
"FREC_Pwd.M 4739.JPG","32.0"
"FREC_Pwd.M 4740.JPG","32.0"
"FREC_Pwd.M 4741.JPG","32.0"
"FREC_Pwd.M 4742.JPG","32.0"
"FREC_Pwd.M 4743.JPG","32.0"
"FREC_Pwd.M 4744.JPG","32.0"
"FREC_Pwd.M 4745.JPG","32.0"
"FREC_Pwd.M 4746.JPG","32.0"
"FREC_Pwd.M 4747.JPG","32.0"
"FREC_Pwd.M 4748.JPG","32.0"
"FREC_Pwd.M 4749.JPG","32.0"
"FREC_Pwd.M 4750.JPG","32.0"
"FREC_Pwd.M 4751.JPG","32.0"
"FREC_Pwd.M 4752.JPG","32.0"
"FREC_Pwd.M 4754.JPG","32.0"
"FREC_Pwd.M 4755.JPG","32.0"
"FREC_Pwd.M 4756.JPG","32.0"
"FREC_Pwd.M 4757.JPG","33.0"
"FREC_Pwd.M 4758.JPG","33.0"
"FREC_Pwd.M 4759.JPG","33.0"
"FREC_Pwd.M 4760.JPG","33.0"
"FREC_Pwd.M 4761.JPG","33.0"
"FREC_Pwd.M 4762.JPG","33.0"
"FREC_Pwd.M 4763.JPG","33.0"
"FREC_Pwd.M 4764.JPG","33.0"
"FREC_Pwd.M 4765.JPG","33.0"
"FREC_Pwd.M 4766.JPG","33.0"
"FREC_Pwd.M 4767.JPG","33.0"
"FREC_Pwd.M 4768.JPG","33.0"
"FREC_Pwd.M 4769.JPG","33.0"
"FREC_Pwd.M 4770.JPG","33.0"
"FREC_Pwd.M 4771.JPG","33.0"
"FREC_Pwd.M 4772.JPG","34.0"
"FREC_Pwd.M 4773.JPG","34.0"
"FREC_Pwd.M 4774.JPG","34.0"
"FREC_Pwd.M 4775.JPG","34.0"
"FREC_Pwd.M 4776.JPG","34.0"
"FREC_Pwd.M 4777.JPG","34.0"
"FREC_Pwd.M 4778.JPG","34.0"
"FREC_Pwd.M 4779.JPG","34.0"
"FREC_Pwd.M 4780.JPG","34.0"
"FREC_Pwd.M 4781.JPG","34.0"
"FREC_Pwd.M 4782.JPG","34.0"
"FREC_Pwd.M 4783.JPG","35.0"
"FREC_Pwd.M 4784.JPG","35.0"
"FREC_Pwd.M 4785.JPG","35.0"
"FREC_Pwd.M 4786.JPG","35.0"
"FREC_Pwd.M 4787.JPG","35.0"
"FREC_Pwd.M 4788.JPG","35.0"
"FREC_Pwd.M 4789.JPG","35.0"
"FREC_Pwd.M 4790.JPG","35.0"
"FREC_Pwd.M 4791.JPG","35.0"
"FREC_Pwd.M 4792.JPG","35.0"
"FREC_Pwd.M 4793.JPG","35.0"
"FREC_Pwd.M 4794.JPG","35.0"
"FREC_Pwd.M 4795.JPG","35.0"
"FREC_Pwd.M 4796.JPG","35.0"
"FREC_Pwd.M 4797.JPG","35.0"
"FREC_Pwd.M 4798.JPG","35.0"
"FREC_Pwd.M 4799.JPG","35.0"
"FREC_Pwd.M 4800.JPG","35.0"
"FREC_Pwd.M 4801.JPG","35.0"
"FREC_Pwd.M 4802.JPG","35.0"
"FREC_Pwd.M 4803.JPG","35.0"
"FREC_Pwd.M 4804.JPG","35.0"
"FREC_Pwd.M 4805.JPG","35.0"
"FREC_Pwd.M 4806.JPG","35.0"
"FREC_Pwd.M 4807.JPG","36.0"
"FREC_Pwd.M 4808.JPG","36.0"
"FREC_Pwd.M 4809.JPG","36.0"
"FREC_Pwd.M 4811.JPG","36.0"
"FREC_Pwd.M 4812.JPG","36.0"
"FREC_Pwd.M 4813.JPG","36.0"
"FREC_Pwd.M 4814.JPG","36.0"
"FREC_Pwd.M 4815.JPG","36.0"
"FREC_Pwd.M 4816.JPG","36.0"
"FREC_Pwd.M 4817.JPG","36.0"
"FREC_Pwd.M 4818.JPG","36.0"
"FREC_Pwd.M 4819.JPG","36.0"
"FREC_Pwd.M 4820.JPG","36.0"
"FREC_Pwd.M 4821.JPG","36.0"
"FREC_Pwd.M 4822.JPG","36.0"
"FREC_Pwd.M 4823.JPG","36.0"
"FREC_Pwd.M 4824.JPG","36.0"
"FREC_Pwd.M 4825.JPG","37.0"
"FREC_Pwd.M 4826.JPG","37.0"
"FREC_Pwd.M 4827.JPG","37.0"
"FREC_Pwd.M 4828.JPG","37.0"
"FREC_Pwd.M 4829.JPG","37.0"
"FREC_Pwd.M 4830.JPG","37.0"
"FREC_Pwd.M 4831.JPG","37.0"
"FREC_Pwd.M 4832.JPG","37.0"
"FREC_Pwd.M 4833.JPG","37.0"
"FREC_Pwd.M 4834.JPG","37.0"
"FREC_Pwd.M 4835.JPG","37.0"
"FREC_Pwd.M 4836.JPG","37.0"
"FREC_Pwd.M 4837.JPG","37.0"
"FREC_Pwd.M 4838.JPG","37.0"
"FREC_Pwd.M 4839.JPG","37.0"
"FREC_Pwd.M 4840.JPG","37.0"
"FREC_Pwd.M 4841.JPG","37.0"
"FREC_Pwd.M 4842.JPG","37.0"
"FREC_Pwd.M 4843.JPG","37.0"
"FREC_Pwd.M 4844.JPG","37.0"
"FREC_Pwd.M 4845.JPG","38.0"
"FREC_Pwd.M 4846.JPG","38.0"
"FREC_Pwd.M 4847.JPG","38.0"
"FREC_Pwd.M 4848.JPG","38.0"
"FREC_Pwd.M 4849.JPG","38.0"
"FREC_Pwd.M 4850.JPG","38.0"
"FREC_Pwd.M 4851.JPG","38.0"
"FREC_Pwd.M 4852.JPG","38.0"
"FREC_Pwd.M 4853.JPG","38.0"
"FREC_Pwd.M 4854.JPG","38.0"
"FREC_Pwd.M 4855.JPG","38.0"
"FREC_Pwd.M 4856.JPG","38.0"
"FREC_Pwd.M 4857.JPG","38.0"
"FREC_Pwd.M 4858.JPG","38.0"
"FREC_Pwd.M 4859.JPG","38.0"
"FREC_Pwd.M 4860.JPG","38.0"
"FREC_Pwd.M 4861.JPG","38.0"
"FREC_Pwd.M 4862.JPG","38.0"
"FREC_Pwd.M 4863.JPG","38.0"
"FREC_Pwd.M 4864.JPG","38.0"
"FREC_Pwd.M 4865.JPG","38.0"
"FREC_Pwd.M 4866.JPG","38.0"
"FREC_Pwd.M 4867.JPG","38.0"
"FREC_Pwd.M 4868.JPG","39.0"
"FREC_Pwd.M 4869.JPG","39.0"
"FREC_Pwd.M 4870.JPG","39.0"
"FREC_Pwd.M 4871.JPG","39.0"
"FREC_Pwd.M 4872.JPG","39.0"
"FREC_Pwd.M 4873.JPG","39.0"
"FREC_Pwd.M 4874.JPG","39.0"
"FREC_Pwd.M 4875.JPG","39.0"
"FREC_Pwd.M 4876.JPG","39.0"
"FREC_Pwd.M 4877.JPG","39.0"
"FREC_Pwd.M 4878.JPG","39.0"
"FREC_Pwd.M 4879.JPG","39.0"
"FREC_Pwd.M 4880.JPG","39.0"
"FREC_Pwd.M 4881.JPG","39.0"
"FREC_Pwd.M 4882.JPG","39.0"
"FREC_Pwd.M 4883.JPG","39.0"
"FREC_Pwd.M 4884.JPG","39.0"
"FREC_Pwd.M 4885.JPG","40.0"
"FREC_Pwd.M 4886.JPG","40.0"
"FREC_Pwd.M 4887.JPG","40.0"
"FREC_Pwd.M 4888.JPG","40.0"
"FREC_Pwd.M 4889.JPG","40.0"
"FREC_Pwd.M 4890.JPG","40.0"
"FREC_Pwd.M 4891.JPG","40.0"
"FREC_Pwd.M 4892.JPG","40.0"
"FREC_Pwd.M 4893.JPG","40.0"
"FREC_Pwd.M 4894.JPG","40.0"
"FREC_Pwd.M 4895.JPG","40.0"
"FREC_Pwd.M 4896.JPG","40.0"
"FREC_Pwd.M 4897.JPG","40.0"
"FREC_Pwd.M 4898.JPG","40.0"
"FREC_Pwd.M 4899.JPG","40.0"
"FREC_Pwd.M 4900.JPG","40.0"
"FREC_Pwd.M 4901.JPG","40.0"
"FREC_Pwd.M 4902.JPG","40.0"
"FREC_Pwd.M 4903.JPG","40.0"
"FREC_Pwd.M 4904.JPG","40.0"
"FREC_Pwd.M 4905.JPG","41.0"
"FREC_Pwd.M 4906.JPG","41.0"
"FREC_Pwd.M 4907.JPG","41.0"
"FREC_Pwd.M 4908.JPG","41.0"
"FREC_Pwd.M 4909.JPG","41.0"
"FREC_Pwd.M 4910.JPG","41.0"
"FREC_Pwd.M 4911.JPG","41.0"
"FREC_Pwd.M 4912.JPG","41.0"
"FREC_Pwd.M 4913.JPG","41.0"
"FREC_Pwd.M 4914.JPG","41.0"
"FREC_Pwd.M 4915.JPG","41.0"
"FREC_Pwd.M 4916.JPG","41.0"
"FREC_Pwd.M 4917.JPG","41.0"
"FREC_Pwd.M 4918.JPG","41.0"
"FREC_Pwd.M 4919.JPG","41.0"
"FREC_Pwd.M 4920.JPG","41.0"
"FREC_Pwd.M 4921.JPG","41.0"
"FREC_Pwd.M 4922.JPG","41.0"
"FREC_Pwd.M 4923.JPG","42.0"
"FREC_Pwd.M 4924.JPG","42.0"
"FREC_Pwd.M 4925.JPG","42.0"
"FREC_Pwd.M 4926.JPG","42.0"
"FREC_Pwd.M 4927.JPG","42.0"
"FREC_Pwd.M 4928.JPG","42.0"
"FREC_Pwd.M 4929.JPG","42.0"
"FREC_Pwd.M 4930.JPG","42.0"
"FREC_Pwd.M 4931.JPG","42.0"
"FREC_Pwd.M 4932.JPG","42.0"
"FREC_Pwd.M 4933.JPG","42.0"
"FREC_Pwd.M 4934.JPG","42.0"
"FREC_Pwd.M 4935.JPG","42.0"
"FREC_Pwd.M 4936.JPG","42.0"
"FREC_Pwd.M 4937.JPG","42.0"
"FREC_Pwd.M 4938.JPG","42.0"
"FREC_Pwd.M 4939.JPG","42.0"
"FREC_Pwd.M 4940.JPG","42.0"
"FREC_Pwd.M 4941.JPG","42.0"
"FREC_Pwd.M 4942.JPG","42.0"
"FREC_Pwd.M 4943.JPG","43.0"
"FREC_Pwd.M 4944.JPG","43.0"
"FREC_Pwd.M 4945.JPG","43.0"
"FREC_Pwd.M 4946.JPG","43.0"
"FREC_Pwd.M 4947.JPG","43.0"
"FREC_Pwd.M 4948.JPG","43.0"
"FREC_Pwd.M 4949.JPG","43.0"
"FREC_Pwd.M 4950.JPG","43.0"
"FREC_Pwd.M 4951.JPG","43.0"
"FREC_Pwd.M 4952.JPG","43.0"
"FREC_Pwd.M 4953.JPG","43.0"
"FREC_Pwd.M 4954.JPG","43.0"
"FREC_Pwd.M 4955.JPG","43.0"
"FREC_Pwd.M 4956.JPG","43.0"
"FREC_Pwd.M 4957.JPG","43.0"
"FREC_Pwd.M 4958.JPG","43.0"
"FREC_Pwd.M 4959.JPG","43.0"
"FREC_Pwd.M 4960.JPG","43.0"
"FREC_Pwd.M 4961.JPG","43.0"
"FREC_Pwd.M 4962.JPG","43.0"
"FREC_Pwd.M 4963.JPG","43.0"
"FREC_Pwd.M 4964.JPG","43.0"
"FREC_Pwd.M 4965.JPG","43.0"
"FREC_Pwd.M 4966.JPG","43.0"
"FREC_Pwd.M 4967.JPG","44.0"
"FREC_Pwd.M 4968.JPG","44.0"
"FREC_Pwd.M 4969.JPG","44.0"
"FREC_Pwd.M 4970.JPG","44.0"
"FREC_Pwd.M 4971.JPG","44.0"
"FREC_Pwd.M 4972.JPG","44.0"
"FREC_Pwd.M 4973.JPG","44.0"
"FREC_Pwd.M 4974.JPG","44.0"
"FREC_Pwd.M 4975.JPG","44.0"
"FREC_Pwd.M 4976.JPG","44.0"
"FREC_Pwd.M 4977.JPG","44.0"
"FREC_Pwd.M 4978.JPG","44.0"
"FREC_Pwd.M 4979.JPG","44.0"
"FREC_Pwd.M 4980.JPG","44.0"
"FREC_Pwd.M 4981.JPG","44.0"
"FREC_Pwd.M 4982.JPG","44.0"
"FREC_Pwd.M 4983.JPG","44.0"
"FREC_Pwd.M 4984.JPG","44.0"
"FREC_Pwd.M 4985.JPG","44.0"
"FREC_Pwd.M 4986.JPG","44.0"
"FREC_Pwd.M 4987.JPG","45.0"
"FREC_Pwd.M 4988.JPG","45.0"
"FREC_Pwd.M 4989.JPG","45.0"
"FREC_Pwd.M 4990.JPG","45.0"
"FREC_Pwd.M 4991.JPG","45.0"
"FREC_Pwd.M 4992.JPG","45.0"
"FREC_Pwd.M 4993.JPG","45.0"
"FREC_Pwd.M 4994.JPG","45.0"
"FREC_Pwd.M 4995.JPG","45.0"
"FREC_Pwd.M 4996.JPG","45.0"
"FREC_Pwd.M 4997.JPG","45.0"
"FREC_Pwd.M 4998.JPG","45.0"
"FREC_Pwd.M 4999.JPG","45.0"
"FREC_Pwd.M 5000.JPG","45.0"
"FREC_Pwd.M 5001.JPG","45.0"
"FREC_Pwd.M 5002.JPG","45.0"
"FREC_Pwd.M 5003.JPG","45.0"
"FREC_Pwd.M 5004.JPG","45.0"
"FREC_Pwd.M 5005.JPG","45.0"
"FREC_Pwd.M 5006.JPG","45.0"
"FREC_Pwd.M 5007.JPG","46.0"
"FREC_Pwd.M 5008.JPG","46.0"
"FREC_Pwd.M 5009.JPG","46.0"
"FREC_Pwd.M 5010.JPG","46.0"
"FREC_Pwd.M 5011.JPG","46.0"
"FREC_Pwd.M 5012.JPG","46.0"
"FREC_Pwd.M 5013.JPG","46.0"
"FREC_Pwd.M 5014.JPG","46.0"
"FREC_Pwd.M 5015.JPG","46.0"
"FREC_Pwd.M 5016.JPG","46.0"
"FREC_Pwd.M 5017.JPG","46.0"
"FREC_Pwd.M 5018.JPG","46.0"
"FREC_Pwd.M 5019.JPG","46.0"
"FREC_Pwd.M 5020.JPG","46.0"
"FREC_Pwd.M 5021.JPG","46.0"
"FREC_Pwd.M 5022.JPG","46.0"
"FREC_Pwd.M 5023.JPG","46.0"
"FREC_Pwd.M 5024.JPG","46.0"
"FREC_Pwd.M 5025.JPG","46.0"
"FREC_Pwd.M 5026.JPG","46.0"
"FREC_Pwd.M 5027.JPG","46.0"
"FREC_Pwd.M 5028.JPG","47.0"
"FREC_Pwd.M 5029.JPG","47.0"
"FREC_Pwd.M 5030.JPG","47.0"
"FREC_Pwd.M 5031.JPG","47.0"
"FREC_Pwd.M 5032.JPG","47.0"
"FREC_Pwd.M 5033.JPG","47.0"
"FREC_Pwd.M 5034.JPG","47.0"
"FREC_Pwd.M 5035.JPG","47.0"
"FREC_Pwd.M 5036.JPG","47.0"
"FREC_Pwd.M 5037.JPG","47.0"
"FREC_Pwd.M 5038.JPG","47.0"
"FREC_Pwd.M 5039.JPG","47.0"
"FREC_Pwd.M 5040.JPG","47.0"
"FREC_Pwd.M 5041.JPG","47.0"
"FREC_Pwd.M 5042.JPG","47.0"
"FREC_Pwd.M 5043.JPG","47.0"
"FREC_Pwd.M 5044.JPG","47.0"
"FREC_Pwd.M 5045.JPG","47.0"
"FREC_Pwd.M 5049.JPG","48.0"
"FREC_Pwd.M 5050.JPG","48.0"
"FREC_Pwd.M 5051.JPG","48.0"
"FREC_Pwd.M 5052.JPG","48.0"
"FREC_Pwd.M 5053.JPG","48.0"
"FREC_Pwd.M 5054.JPG","48.0"
"FREC_Pwd.M 5055.JPG","48.0"
"FREC_Pwd.M 5056.JPG","48.0"
"FREC_Pwd.M 5057.JPG","48.0"
"FREC_Pwd.M 5058.JPG","48.0"
"FREC_Pwd.M 5059.JPG","49.0"
"FREC_Pwd.M 5060.JPG","49.0"
"FREC_Pwd.M 5061.JPG","49.0"
"FREC_Pwd.M 5062.JPG","49.0"
"FREC_Pwd.M 5063.JPG","49.0"
"FREC_Pwd.M 5064.JPG","49.0"
"FREC_Pwd.M 5065.JPG","49.0"
"FREC_Pwd.M 5066.JPG","49.0"
"FREC_Pwd.M 5067.JPG","49.0"
"FREC_Pwd.M 5068.JPG","49.0"
"FREC_Pwd.M 5069.JPG","49.0"
"FREC_Pwd.M 5070.JPG","49.0"
"FREC_Pwd.M 5071.JPG","49.0"
"FREC_Pwd.M 5072.JPG","49.0"
"FREC_Pwd.M 5073.JPG","49.0"
"FREC_Pwd.M 5074.JPG","49.0"
"FREC_Pwd.M 5075.JPG","49.0"
"FREC_Pwd.M 5076.JPG","49.0"
"FREC_Pwd.M 5077.JPG","49.0"
"FREC_Pwd.M 5078.JPG","49.0"
"FREC_Pwd.M 5079.JPG","49.0"
"FREC_Pwd.M 5080.JPG","50.0"
"FREC_Pwd.M 5081.JPG","50.0"
"FREC_Pwd.M 5082.JPG","50.0"
"FREC_Pwd.M 5083.JPG","50.0"
"FREC_Pwd.M 5084.JPG","50.0"
"FREC_Pwd.M 5085.JPG","50.0"
"FREC_Pwd.M 5086.JPG","50.0"
"FREC_Pwd.M 5088.JPG","50.0"
"FREC_Pwd.M 5089.JPG","50.0"
"FREC_Pwd.M 5090.JPG","50.0"
"FREC_Pwd.M 5091.JPG","50.0"
"FREC_Pwd.M 5092.JPG","50.0"
"FREC_Pwd.M 5093.JPG","50.0"
"FREC_Pwd.M 5094.JPG","50.0"
"FREC_Pwd.M 5095.JPG","50.0"
"FREC_Pwd.M 5096.JPG","51.0"
"FREC_Pwd.M 5097.JPG","51.0"
"FREC_Pwd.M 5098.JPG","51.0"
"FREC_Pwd.M 5099.JPG","51.0"
"FREC_Pwd.M 5100.JPG","51.0"
"FREC_Pwd.M 5101.JPG","51.0"
"FREC_Pwd.M 5102.JPG","51.0"
"FREC_Pwd.M 5103.JPG","51.0"
"FREC_Pwd.M 5104.JPG","51.0"
"FREC_Pwd.M 5105.JPG","51.0"
"FREC_Pwd.M 5106.JPG","51.0"
"FREC_Pwd.M 5107.JPG","51.0"
"FREC_Pwd.M 5108.JPG","51.0"
"FREC_Pwd.M 5109.JPG","51.0"
"FREC_Pwd.M 5110.JPG","51.0"
"FREC_Pwd.M 5111.JPG","51.0"
"FREC_Pwd.M 5112.JPG","51.0"
"FREC_Pwd.M 5113.JPG","51.0"
"FREC_Pwd.M 5114.JPG","51.0"
"FREC_Pwd.M 5115.JPG","51.0"
"FREC_Pwd.M 5116.JPG","52.0"
"FREC_Pwd.M 5117.JPG","52.0"
"FREC_Pwd.M 5118.JPG","52.0"
"FREC_Pwd.M 5119.JPG","52.0"
"FREC_Pwd.M 5120.JPG","52.0"
"FREC_Pwd.M 5121.JPG","52.0"
"FREC_Pwd.M 5122.JPG","52.0"
"FREC_Pwd.M 5123.JPG","52.0"
"FREC_Pwd.M 5124.JPG","52.0"
"FREC_Pwd.M 5125.JPG","52.0"
"FREC_Pwd.M 5126.JPG","52.0"
"FREC_Pwd.M 5127.JPG","52.0"
"FREC_Pwd.M 5128.JPG","52.0"
"FREC_Pwd.M 5129.JPG","52.0"
"FREC_Pwd.M 5130.JPG","52.0"
"FREC_Pwd.M 5131.JPG","53.0"
"FREC_Pwd.M 5132.JPG","53.0"
"FREC_Pwd.M 5133.JPG","53.0"
"FREC_Pwd.M 5134.JPG","54.0"
"FREC_Pwd.M 5135.JPG","55.0"
"FREC_Pwd.M 5136.JPG","56.0"
"FREC_Pwd.M 5137.JPG","57.0"
"FREC_Pwd.M 5138.JPG","58.0"
"FREC_Pwd.M 5139.JPG","58.0"
"FREC_Pwd.M 5140.JPG","59.0"
"FREC_Pwd.M 5141.JPG","60.0"
"FREC_Pwd.M 5142.JPG","60.0"
"FREC_Pwd.M 5143.JPG","61.0"
"FREC_Pwd.M 5144.JPG","62.0"
"FREC_Pwd.M 5145.JPG","63.0"
"FREC_Pwd.M 5146.JPG","63.0"
"FREC_Pwd.M 5147.JPG","63.0"
"FREC_Pwd.M 5148.JPG","63.0"
"FREC_Pwd.M 5149.JPG","63.0"
"FREC_Pwd.M 5150.JPG","63.0"
"FREC_Pwd.M 5151.JPG","64.0"
"FREC_Pwd.M 5152.JPG","64.0"
"FREC_Pwd.M 5153.JPG","64.0"
"FREC_Pwd.M 5154.JPG","64.0"
"FREC_Pwd.M 5155.JPG","64.0"
"FREC_Pwd.M 5156.JPG","64.0"
"FREC_Pwd.M 5157.JPG","64.0"
"FREC_Pwd.M 5158.JPG","64.0"
"FREC_Pwd.M 5159.JPG","64.0"
"FREC_Pwd.M 5160.JPG","64.0"
"FREC_Pwd.M 5161.JPG","64.0"
"FREC_Pwd.M 5162.JPG","65.0"
"FREC_Pwd.M 5163.JPG","65.0"
"FREC_Pwd.M 5164.JPG","65.0"
"FREC_Pwd.M 5165.JPG","65.0"
"FREC_Pwd.M 5166.JPG","65.0"
"FREC_Pwd.M 5167.JPG","65.0"
