"File Name","Leaf #"
"FAM_B.Rot 0323.JPG","1.0"
"FAM_B.Rot 0324.JPG","1.0"
"FAM_B.Rot 0325.JPG","1.0"
"FAM_B.Rot 0326.JPG","1.0"
"FAM_B.Rot 0327.JPG","2.0"
"FAM_B.Rot 0328.JPG","2.0"
"FAM_B.Rot 0329.JPG","2.0"
"FAM_B.Rot 0330.JPG","2.0"
"FAM_B.Rot 0331.JPG","3.0"
"FAM_B.Rot 0332.JPG","3.0"
"FAM_B.Rot 0333.JPG","3.0"
"FAM_B.Rot 0334.JPG","3.0"
"FAM_B.Rot 0335.JPG","4.0"
"FAM_B.Rot 0336.JPG","4.0"
"FAM_B.Rot 0337.JPG","4.0"
"FAM_B.Rot 0338.JPG","4.0"
"FAM_B.Rot 0339.JPG","5.0"
"FAM_B.Rot 0340.JPG","5.0"
"FAM_B.Rot 0341.JPG","5.0"
"FAM_B.Rot 0342.JPG","5.0"
"FAM_B.Rot 0343.JPG","6.0"
"FAM_B.Rot 0344.JPG","6.0"
"FAM_B.Rot 0345.JPG","6.0"
"FAM_B.Rot 0346.JPG","6.0"
"FAM_B.Rot 0347.JPG","7.0"
"FAM_B.Rot 0348.JPG","7.0"
"FAM_B.Rot 0349.JPG","7.0"
"FAM_B.Rot 0350.JPG","7.0"
"FAM_B.Rot 0351.JPG","8.0"
"FAM_B.Rot 0352.JPG","8.0"
"FAM_B.Rot 0353.JPG","8.0"
"FAM_B.Rot 0354.JPG","8.0"
"FAM_B.Rot 0355.JPG","9.0"
"FAM_B.Rot 0356.JPG","9.0"
"FAM_B.Rot 0357.JPG","9.0"
"FAM_B.Rot 0358.JPG","9.0"
"FAM_B.Rot 0359.JPG","10.0"
"FAM_B.Rot 0360.JPG","10.0"
"FAM_B.Rot 0361.JPG","10.0"
"FAM_B.Rot 0362.JPG","10.0"
"FAM_B.Rot 0363.JPG","11.0"
"FAM_B.Rot 0364.JPG","11.0"
"FAM_B.Rot 0365.JPG","11.0"
"FAM_B.Rot 0366.JPG","11.0"
"FAM_B.Rot 0367.JPG","12.0"
"FAM_B.Rot 0368.JPG","12.0"
"FAM_B.Rot 0369.JPG","12.0"
"FAM_B.Rot 0370.JPG","12.0"
"FAM_B.Rot 0371.JPG","13.0"
"FAM_B.Rot 0372.JPG","13.0"
"FAM_B.Rot 0373.JPG","13.0"
"FAM_B.Rot 0374.JPG","13.0"
"FAM_B.Rot 0375.JPG","14.0"
"FAM_B.Rot 0376.JPG","14.0"
"FAM_B.Rot 0377.JPG","14.0"
"FAM_B.Rot 0378.JPG","14.0"
"FAM_B.Rot 0379.JPG","15.0"
"FAM_B.Rot 0380.JPG","15.0"
"FAM_B.Rot 0381.JPG","15.0"
"FAM_B.Rot 0382.JPG","15.0"
"FAM_B.Rot 0383.JPG","16.0"
"FAM_B.Rot 0384.JPG","16.0"
"FAM_B.Rot 0385.JPG","16.0"
"FAM_B.Rot 0386.JPG","16.0"
"FAM_B.Rot 0387.JPG","17.0"
"FAM_B.Rot 0388.JPG","17.0"
"FAM_B.Rot 0389.JPG","17.0"
"FAM_B.Rot 0390.JPG","17.0"
"FAM_B.Rot 0391.JPG","18.0"
"FAM_B.Rot 0392.JPG","18.0"
"FAM_B.Rot 0393.JPG","18.0"
"FAM_B.Rot 0394.JPG","18.0"
"FAM_B.Rot 0395.JPG","19.0"
"FAM_B.Rot 0396.JPG","19.0"
"FAM_B.Rot 0397.JPG","19.0"
"FAM_B.Rot 0398.JPG","19.0"
"FAM_B.Rot 0399.JPG","20.0"
"FAM_B.Rot 0400.JPG","20.0"
"FAM_B.Rot 0401.JPG","20.0"
"FAM_B.Rot 0402.JPG","20.0"
"FAM_B.Rot 0403.JPG","21.0"
"FAM_B.Rot 0404.JPG","21.0"
"FAM_B.Rot 0405.JPG","21.0"
"FAM_B.Rot 0406.JPG","21.0"
"FAM_B.Rot 0407.JPG","22.0"
"FAM_B.Rot 0408.JPG","22.0"
"FAM_B.Rot 0409.JPG","22.0"
"FAM_B.Rot 0410.JPG","22.0"
"FAM_B.Rot 0411.JPG","23.0"
"FAM_B.Rot 0412.JPG","23.0"
"FAM_B.Rot 0413.JPG","23.0"
"FAM_B.Rot 0414.JPG","23.0"
"FAM_B.Rot 0415.JPG","24.0"
"FAM_B.Rot 0416.JPG","24.0"
"FAM_B.Rot 0417.JPG","24.0"
"FAM_B.Rot 0418.JPG","24.0"
"FAM_B.Rot 0419.JPG","25.0"
"FAM_B.Rot 0420.JPG","25.0"
"FAM_B.Rot 0421.JPG","25.0"
"FAM_B.Rot 0422.JPG","25.0"
"FAM_B.Rot 0423.JPG","26.0"
"FAM_B.Rot 0424.JPG","26.0"
"FAM_B.Rot 0425.JPG","26.0"
"FAM_B.Rot 0426.JPG","26.0"
"FAM_B.Rot 0427.JPG","27.0"
"FAM_B.Rot 0428.JPG","27.0"
"FAM_B.Rot 0429.JPG","27.0"
"FAM_B.Rot 0430.JPG","27.0"
"FAM_B.Rot 0431.JPG","28.0"
"FAM_B.Rot 0432.JPG","28.0"
"FAM_B.Rot 0433.JPG","28.0"
"FAM_B.Rot 0434.JPG","28.0"
"FAM_B.Rot 0435.JPG","29.0"
"FAM_B.Rot 0436.JPG","29.0"
"FAM_B.Rot 0437.JPG","29.0"
"FAM_B.Rot 0438.JPG","29.0"
"FAM_B.Rot 0439.JPG","30.0"
"FAM_B.Rot 0440.JPG","30.0"
"FAM_B.Rot 0441.JPG","30.0"
"FAM_B.Rot 0442.JPG","30.0"
"FAM_B.Rot 0443.JPG","31.0"
"FAM_B.Rot 0444.JPG","31.0"
"FAM_B.Rot 0445.JPG","31.0"
"FAM_B.Rot 0446.JPG","31.0"
"FAM_B.Rot 0447.JPG","32.0"
"FAM_B.Rot 0448.JPG","32.0"
"FAM_B.Rot 0449.JPG","32.0"
"FAM_B.Rot 0450.JPG","32.0"
"FAM_B.Rot 0451.JPG","33.0"
"FAM_B.Rot 0452.JPG","33.0"
"FAM_B.Rot 0453.JPG","33.0"
"FAM_B.Rot 0454.JPG","33.0"
"FAM_B.Rot 0455.JPG","34.0"
"FAM_B.Rot 0456.JPG","34.0"
"FAM_B.Rot 0457.JPG","34.0"
"FAM_B.Rot 0458.JPG","34.0"
"FAM_B.Rot 0459.JPG","35.0"
"FAM_B.Rot 0460.JPG","35.0"
"FAM_B.Rot 0461.JPG","35.0"
"FAM_B.Rot 0462.JPG","35.0"
"FAM_B.Rot 0463.JPG","36.0"
"FAM_B.Rot 0464.JPG","36.0"
"FAM_B.Rot 0465.JPG","36.0"
"FAM_B.Rot 0466.JPG","36.0"
"FAM_B.Rot 0467.JPG","37.0"
"FAM_B.Rot 0468.JPG","37.0"
"FAM_B.Rot 0469.JPG","37.0"
"FAM_B.Rot 0470.JPG","37.0"
"FAM_B.Rot 0471.JPG","38.0"
"FAM_B.Rot 0472.JPG","38.0"
"FAM_B.Rot 0473.JPG","38.0"
"FAM_B.Rot 0474.JPG","38.0"
"FAM_B.Rot 0475.JPG","39.0"
"FAM_B.Rot 0476.JPG","39.0"
"FAM_B.Rot 0477.JPG","39.0"
"FAM_B.Rot 0478.JPG","39.0"
"FAM_B.Rot 0479.JPG","40.0"
"FAM_B.Rot 0480.JPG","40.0"
"FAM_B.Rot 0481.JPG","40.0"
"FAM_B.Rot 0482.JPG","40.0"
"FAM_B.Rot 0483.JPG","41.0"
"FAM_B.Rot 0484.JPG","41.0"
"FAM_B.Rot 0485.JPG","41.0"
"FAM_B.Rot 0486.JPG","41.0"
"FAM_B.Rot 0487.JPG","42.0"
"FAM_B.Rot 0488.JPG","42.0"
"FAM_B.Rot 0489.JPG","42.0"
"FAM_B.Rot 0490.JPG","42.0"
"FAM_B.Rot 0491.JPG","43.0"
"FAM_B.Rot 0492.JPG","43.0"
"FAM_B.Rot 0493.JPG","43.0"
"FAM_B.Rot 0494.JPG","43.0"
"FAM_B.Rot 0495.JPG","44.0"
"FAM_B.Rot 0496.JPG","44.0"
"FAM_B.Rot 0497.JPG","44.0"
"FAM_B.Rot 0498.JPG","44.0"
"FAM_B.Rot 0499.JPG","45.0"
"FAM_B.Rot 0500.JPG","45.0"
"FAM_B.Rot 0501.JPG","45.0"
"FAM_B.Rot 0502.JPG","45.0"
"FAM_B.Rot 0503.JPG","46.0"
"FAM_B.Rot 0504.JPG","46.0"
"FAM_B.Rot 0505.JPG","46.0"
"FAM_B.Rot 0506.JPG","46.0"
"FAM_B.Rot 0507.JPG","47.0"
"FAM_B.Rot 0508.JPG","47.0"
"FAM_B.Rot 0509.JPG","47.0"
"FAM_B.Rot 0510.JPG","47.0"
"FAM_B.Rot 0511.JPG","48.0"
"FAM_B.Rot 0512.JPG","48.0"
"FAM_B.Rot 0513.JPG","48.0"
"FAM_B.Rot 0514.JPG","48.0"
"FAM_B.Rot 0515.JPG","49.0"
"FAM_B.Rot 0516.JPG","49.0"
"FAM_B.Rot 0517.JPG","49.0"
"FAM_B.Rot 0518.JPG","49.0"
"FAM_B.Rot 0519.JPG","50.0"
"FAM_B.Rot 0520.JPG","50.0"
"FAM_B.Rot 0521.JPG","50.0"
"FAM_B.Rot 0522.JPG","50.0"
"FAM_B.Rot 0523.JPG","51.0"
"FAM_B.Rot 0524.JPG","51.0"
"FAM_B.Rot 0525.JPG","51.0"
"FAM_B.Rot 0526.JPG","51.0"
"FAM_B.Rot 0527.JPG","52.0"
"FAM_B.Rot 0528.JPG","52.0"
"FAM_B.Rot 0529.JPG","52.0"
"FAM_B.Rot 0530.JPG","52.0"
"FAM_B.Rot 0531.JPG","53.0"
"FAM_B.Rot 0532.JPG","53.0"
"FAM_B.Rot 0533.JPG","53.0"
"FAM_B.Rot 0534.JPG","53.0"
"FAM_B.Rot 0535.JPG","54.0"
"FAM_B.Rot 0536.JPG","54.0"
"FAM_B.Rot 0537.JPG","54.0"
"FAM_B.Rot 0538.JPG","54.0"
"FAM_B.Rot 0539.JPG","55.0"
"FAM_B.Rot 0540.JPG","55.0"
"FAM_B.Rot 0541.JPG","55.0"
"FAM_B.Rot 0542.JPG","55.0"
"FAM_B.Rot 0543.JPG","56.0"
"FAM_B.Rot 0544.JPG","56.0"
"FAM_B.Rot 0545.JPG","56.0"
"FAM_B.Rot 0546.JPG","56.0"
"FAM_B.Rot 0547.JPG","57.0"
"FAM_B.Rot 0548.JPG","57.0"
"FAM_B.Rot 0549.JPG","57.0"
"FAM_B.Rot 0550.JPG","57.0"
"FAM_B.Rot 0551.JPG","58.0"
"FAM_B.Rot 0552.JPG","58.0"
"FAM_B.Rot 0553.JPG","58.0"
"FAM_B.Rot 0554.JPG","58.0"
"FAM_B.Rot 0555.JPG","59.0"
"FAM_B.Rot 0556.JPG","59.0"
"FAM_B.Rot 0557.JPG","59.0"
"FAM_B.Rot 0558.JPG","59.0"
"FAM_B.Rot 0559.JPG","60.0"
"FAM_B.Rot 0560.JPG","60.0"
"FAM_B.Rot 0561.JPG","60.0"
"FAM_B.Rot 0562.JPG","60.0"
"FAM_B.Rot 0563.JPG","61.0"
"FAM_B.Rot 0564.JPG","61.0"
"FAM_B.Rot 0565.JPG","61.0"
"FAM_B.Rot 0566.JPG","61.0"
"FAM_B.Rot 0567.JPG","62.0"
"FAM_B.Rot 0568.JPG","62.0"
"FAM_B.Rot 0569.JPG","62.0"
"FAM_B.Rot 0570.JPG","62.0"
"FAM_B.Rot 0571.JPG","63.0"
"FAM_B.Rot 0572.JPG","63.0"
"FAM_B.Rot 0573.JPG","63.0"
"FAM_B.Rot 0574.JPG","63.0"
"FAM_B.Rot 0575.JPG","64.0"
"FAM_B.Rot 0576.JPG","64.0"
"FAM_B.Rot 0577.JPG","64.0"
"FAM_B.Rot 0578.JPG","64.0"
"FAM_B.Rot 0579.JPG","65.0"
"FAM_B.Rot 0580.JPG","65.0"
"FAM_B.Rot 0581.JPG","65.0"
"FAM_B.Rot 0582.JPG","65.0"
"FAM_B.Rot 0583.JPG","66.0"
"FAM_B.Rot 0585.JPG","66.0"
"FAM_B.Rot 0586.JPG","66.0"
"FAM_B.Rot 0587.JPG","66.0"
"FAM_B.Rot 0588.JPG","67.0"
"FAM_B.Rot 0589.JPG","67.0"
"FAM_B.Rot 0590.JPG","67.0"
"FAM_B.Rot 0591.JPG","67.0"
"FAM_B.Rot 0592.JPG","68.0"
"FAM_B.Rot 0593.JPG","68.0"
"FAM_B.Rot 0594.JPG","68.0"
"FAM_B.Rot 0595.JPG","68.0"
"FAM_B.Rot 0596.JPG","69.0"
"FAM_B.Rot 0597.JPG","69.0"
"FAM_B.Rot 0598.JPG","69.0"
"FAM_B.Rot 0599.JPG","69.0"
"FAM_B.Rot 0600.JPG","70.0"
"FAM_B.Rot 0601.JPG","70.0"
"FAM_B.Rot 0602.JPG","70.0"
"FAM_B.Rot 0603.JPG","70.0"
"FAM_B.Rot 0604.JPG","71.0"
"FAM_B.Rot 0605.JPG","71.0"
"FAM_B.Rot 0606.JPG","71.0"
"FAM_B.Rot 0607.JPG","71.0"
"FAM_B.Rot 0608.JPG","72.0"
"FAM_B.Rot 0609.JPG","72.0"
"FAM_B.Rot 0610.JPG","72.0"
"FAM_B.Rot 0611.JPG","72.0"
"FAM_B.Rot 0612.JPG","73.0"
"FAM_B.Rot 0613.JPG","73.0"
"FAM_B.Rot 0614.JPG","73.0"
"FAM_B.Rot 0615.JPG","73.0"
"FAM_B.Rot 0616.JPG","74.0"
"FAM_B.Rot 0617.JPG","74.0"
"FAM_B.Rot 0618.JPG","74.0"
"FAM_B.Rot 0619.JPG","74.0"
"FAM_B.Rot 0620.JPG","75.0"
"FAM_B.Rot 0621.JPG","75.0"
"FAM_B.Rot 0622.JPG","75.0"
"FAM_B.Rot 0623.JPG","75.0"
"FAM_B.Rot 0624.JPG","76.0"
"FAM_B.Rot 0625.JPG","76.0"
"FAM_B.Rot 0626.JPG","76.0"
"FAM_B.Rot 0627.JPG","76.0"
"FAM_B.Rot 0628.JPG","77.0"
"FAM_B.Rot 0629.JPG","77.0"
"FAM_B.Rot 0630.JPG","77.0"
"FAM_B.Rot 0631.JPG","77.0"
"FAM_B.Rot 0633.JPG","78.0"
"FAM_B.Rot 0634.JPG","78.0"
"FAM_B.Rot 0635.JPG","78.0"
"FAM_B.Rot 0636.JPG","78.0"
"FAM_B.Rot 0637.JPG","79.0"
"FAM_B.Rot 0638.JPG","79.0"
"FAM_B.Rot 0639.JPG","79.0"
"FAM_B.Rot 0640.JPG","79.0"
"FAM_B.Rot 0641.JPG","80.0"
"FAM_B.Rot 0642.JPG","80.0"
"FAM_B.Rot 0643.JPG","80.0"
"FAM_B.Rot 0644.JPG","80.0"
"FAM_B.Rot 0645.JPG","81.0"
"FAM_B.Rot 0646.JPG","81.0"
"FAM_B.Rot 0647.JPG","81.0"
"FAM_B.Rot 0648.JPG","81.0"
"FAM_B.Rot 0649.JPG","82.0"
"FAM_B.Rot 0650.JPG","82.0"
"FAM_B.Rot 0651.JPG","82.0"
"FAM_B.Rot 0652.JPG","82.0"
"FAM_B.Rot 0653.JPG","83.0"
"FAM_B.Rot 0654.JPG","83.0"
"FAM_B.Rot 0655.JPG","83.0"
"FAM_B.Rot 0656.JPG","83.0"
"FAM_B.Rot 0657.JPG","84.0"
"FAM_B.Rot 0658.JPG","84.0"
"FAM_B.Rot 0659.JPG","84.0"
"FAM_B.Rot 0660.JPG","84.0"
"FAM_B.Rot 0661.JPG","85.0"
"FAM_B.Rot 0662.JPG","85.0"
"FAM_B.Rot 0663.JPG","85.0"
"FAM_B.Rot 0664.JPG","85.0"
"FAM_B.Rot 0665.JPG","86.0"
"FAM_B.Rot 0666.JPG","86.0"
"FAM_B.Rot 0667.JPG","86.0"
"FAM_B.Rot 0668.JPG","86.0"
"FAM_B.Rot 0669.JPG","87.0"
"FAM_B.Rot 0670.JPG","87.0"
"FAM_B.Rot 0671.JPG","87.0"
"FAM_B.Rot 0672.JPG","87.0"
"FAM_B.Rot 0673.JPG","88.0"
"FAM_B.Rot 0674.JPG","88.0"
"FAM_B.Rot 0675.JPG","88.0"
"FAM_B.Rot 0676.JPG","88.0"
"FAM_B.Rot 0677.JPG","89.0"
"FAM_B.Rot 0678.JPG","89.0"
"FAM_B.Rot 0679.JPG","89.0"
"FAM_B.Rot 0680.JPG","89.0"
"FAM_B.Rot 0681.JPG","90.0"
"FAM_B.Rot 0682.JPG","90.0"
"FAM_B.Rot 0683.JPG","90.0"
"FAM_B.Rot 0684.JPG","90.0"
"FAM_B.Rot 0685.JPG","91.0"
"FAM_B.Rot 0686.JPG","91.0"
"FAM_B.Rot 0687.JPG","91.0"
"FAM_B.Rot 0688.JPG","91.0"
"FAM_B.Rot 0689.JPG","92.0"
"FAM_B.Rot 0690.JPG","92.0"
"FAM_B.Rot 0691.JPG","92.0"
"FAM_B.Rot 0692.JPG","92.0"
"FAM_B.Rot 0693.JPG","93.0"
"FAM_B.Rot 0694.JPG","93.0"
"FAM_B.Rot 0695.JPG","93.0"
"FAM_B.Rot 0696.JPG","93.0"
"FAM_B.Rot 0697.JPG","94.0"
"FAM_B.Rot 0698.JPG","94.0"
"FAM_B.Rot 0699.JPG","94.0"
"FAM_B.Rot 0700.JPG","94.0"
"FAM_B.Rot 0701.JPG","95.0"
"FAM_B.Rot 0702.JPG","95.0"
"FAM_B.Rot 0703.JPG","95.0"
"FAM_B.Rot 0704.JPG","95.0"
"FAM_B.Rot 0705.JPG","96.0"
"FAM_B.Rot 0706.JPG","96.0"
"FAM_B.Rot 0707.JPG","96.0"
"FAM_B.Rot 0708.JPG","96.0"
"FAM_B.Rot 0709.JPG","97.0"
"FAM_B.Rot 0710.JPG","97.0"
"FAM_B.Rot 0711.JPG","97.0"
"FAM_B.Rot 0712.JPG","97.0"
"FAM_B.Rot 0713.JPG","98.0"
"FAM_B.Rot 0714.JPG","98.0"
"FAM_B.Rot 0715.JPG","98.0"
"FAM_B.Rot 0716.JPG","98.0"
"FAM_B.Rot 0717.JPG","99.0"
"FAM_B.Rot 0718.JPG","99.0"
"FAM_B.Rot 0719.JPG","99.0"
"FAM_B.Rot 0720.JPG","99.0"
"FAM_B.Rot 0721.JPG","100.0"
"FAM_B.Rot 0722.JPG","100.0"
"FAM_B.Rot 0723.JPG","100.0"
"FAM_B.Rot 0724.JPG","100.0"
"FAM_B.Rot 0725.JPG","101.0"
"FAM_B.Rot 0726.JPG","101.0"
"FAM_B.Rot 0727.JPG","101.0"
"FAM_B.Rot 0728.JPG","101.0"
"FAM_B.Rot 0729.JPG","102.0"
"FAM_B.Rot 0730.JPG","102.0"
"FAM_B.Rot 0731.JPG","102.0"
"FAM_B.Rot 0732.JPG","102.0"
"FAM_B.Rot 0733.JPG","103.0"
"FAM_B.Rot 0734.JPG","103.0"
"FAM_B.Rot 0735.JPG","103.0"
"FAM_B.Rot 0736.JPG","103.0"
"FAM_B.Rot 0737.JPG","104.0"
"FAM_B.Rot 0738.JPG","104.0"
"FAM_B.Rot 0739.JPG","104.0"
"FAM_B.Rot 0740.JPG","104.0"
"FAM_B.Rot 0741.JPG","105.0"
"FAM_B.Rot 0742.JPG","105.0"
"FAM_B.Rot 0743.JPG","105.0"
"FAM_B.Rot 0744.JPG","105.0"
"FAM_B.Rot 0745.JPG","106.0"
"FAM_B.Rot 0746.JPG","106.0"
"FAM_B.Rot 0747.JPG","106.0"
"FAM_B.Rot 0748.JPG","106.0"
"FAM_B.Rot 0749.JPG","107.0"
"FAM_B.Rot 0750.JPG","107.0"
"FAM_B.Rot 0751.JPG","107.0"
"FAM_B.Rot 0752.JPG","107.0"
"FAM_B.Rot 0753.JPG","108.0"
"FAM_B.Rot 0754.JPG","108.0"
"FAM_B.Rot 0755.JPG","108.0"
"FAM_B.Rot 0756.JPG","108.0"
"FAM_B.Rot 0757.JPG","109.0"
"FAM_B.Rot 0758.JPG","109.0"
"FAM_B.Rot 0759.JPG","109.0"
"FAM_B.Rot 0760.JPG","109.0"
"FAM_B.Rot 0761.JPG","110.0"
"FAM_B.Rot 0762.JPG","110.0"
"FAM_B.Rot 0763.JPG","110.0"
"FAM_B.Rot 0764.JPG","110.0"
"FAM_B.Rot 2993.JPG","111.0"
"FAM_B.Rot 2994.JPG","111.0"
"FAM_B.Rot 2995.JPG","111.0"
"FAM_B.Rot 2996.JPG","111.0"
"FAM_B.Rot 2997.JPG","112.0"
"FAM_B.Rot 2998.JPG","112.0"
"FAM_B.Rot 2999.JPG","112.0"
"FAM_B.Rot 3000.JPG","112.0"
"FAM_B.Rot 3001.JPG","113.0"
"FAM_B.Rot 3002.JPG","113.0"
"FAM_B.Rot 3003.JPG","113.0"
"FAM_B.Rot 3004.JPG","113.0"
"FAM_B.Rot 3005.JPG","114.0"
"FAM_B.Rot 3006.JPG","114.0"
"FAM_B.Rot 3007.JPG","114.0"
"FAM_B.Rot 3008.JPG","114.0"
"FAM_B.Rot 3009.JPG","115.0"
"FAM_B.Rot 3010.JPG","115.0"
"FAM_B.Rot 3011.JPG","115.0"
"FAM_B.Rot 3012.JPG","115.0"
"FAM_B.Rot 3013.JPG","116.0"
"FAM_B.Rot 3014.JPG","116.0"
"FAM_B.Rot 3015.JPG","116.0"
"FAM_B.Rot 3016.JPG","116.0"
"FAM_B.Rot 3017.JPG","117.0"
"FAM_B.Rot 3018.JPG","117.0"
"FAM_B.Rot 3019.JPG","117.0"
"FAM_B.Rot 3020.JPG","117.0"
"FAM_B.Rot 3021.JPG","118.0"
"FAM_B.Rot 3022.JPG","118.0"
"FAM_B.Rot 3023.JPG","118.0"
"FAM_B.Rot 3024.JPG","118.0"
"FAM_B.Rot 3025.JPG","119.0"
"FAM_B.Rot 3026.JPG","119.0"
"FAM_B.Rot 3027.JPG","119.0"
"FAM_B.Rot 3028.JPG","119.0"
"FAM_B.Rot 3029.JPG","120.0"
"FAM_B.Rot 3030.JPG","120.0"
"FAM_B.Rot 3031.JPG","120.0"
"FAM_B.Rot 3032.JPG","120.0"
"FAM_B.Rot 3033.JPG","121.0"
"FAM_B.Rot 3034.JPG","121.0"
"FAM_B.Rot 3035.JPG","121.0"
"FAM_B.Rot 3036.JPG","121.0"
"FAM_B.Rot 3037.JPG","122.0"
"FAM_B.Rot 3038.JPG","122.0"
"FAM_B.Rot 3039.JPG","122.0"
"FAM_B.Rot 3040.JPG","122.0"
"FAM_B.Rot 3041.JPG","123.0"
"FAM_B.Rot 3042.JPG","123.0"
"FAM_B.Rot 3043.JPG","123.0"
"FAM_B.Rot 3044.JPG","123.0"
"FAM_B.Rot 3045.JPG","124.0"
"FAM_B.Rot 3046.JPG","124.0"
"FAM_B.Rot 3047.JPG","124.0"
"FAM_B.Rot 3048.JPG","124.0"
"FAM_B.Rot 3049.JPG","125.0"
"FAM_B.Rot 3050.JPG","125.0"
"FAM_B.Rot 3051.JPG","125.0"
"FAM_B.Rot 3052.JPG","125.0"
"FAM_B.Rot 3053.JPG","126.0"
"FAM_B.Rot 3054.JPG","126.0"
"FAM_B.Rot 3055.JPG","126.0"
"FAM_B.Rot 3056.JPG","126.0"
"FAM_B.Rot 3057.JPG","127.0"
"FAM_B.Rot 3058.JPG","127.0"
"FAM_B.Rot 3059.JPG","127.0"
"FAM_B.Rot 3060.JPG","127.0"
"FAM_B.Rot 3061.JPG","128.0"
"FAM_B.Rot 3062.JPG","128.0"
"FAM_B.Rot 3063.JPG","128.0"
"FAM_B.Rot 3064.JPG","128.0"
"FAM_B.Rot 3065.JPG","129.0"
"FAM_B.Rot 3066.JPG","129.0"
"FAM_B.Rot 3067.JPG","129.0"
"FAM_B.Rot 3068.JPG","129.0"
"FAM_B.Rot 3069.JPG","130.0"
"FAM_B.Rot 3070.JPG","130.0"
"FAM_B.Rot 3071.JPG","130.0"
"FAM_B.Rot 3072.JPG","130.0"
"FAM_B.Rot 3073.JPG","131.0"
"FAM_B.Rot 3074.JPG","131.0"
"FAM_B.Rot 3075.JPG","131.0"
"FAM_B.Rot 3076.JPG","131.0"
"FAM_B.Rot 3077.JPG","132.0"
"FAM_B.Rot 3078.JPG","132.0"
"FAM_B.Rot 3079.JPG","132.0"
"FAM_B.Rot 3080.JPG","132.0"
"FAM_B.Rot 3081.JPG","133.0"
"FAM_B.Rot 3082.JPG","133.0"
"FAM_B.Rot 3083.JPG","133.0"
"FAM_B.Rot 3084.JPG","133.0"
"FAM_B.Rot 3085.JPG","134.0"
"FAM_B.Rot 3086.JPG","134.0"
"FAM_B.Rot 3087.JPG","134.0"
"FAM_B.Rot 3088.JPG","134.0"
"FAM_B.Rot 3089.JPG","135.0"
"FAM_B.Rot 3090.JPG","135.0"
"FAM_B.Rot 3091.JPG","135.0"
"FAM_B.Rot 3092.JPG","135.0"
"FAM_B.Rot 3093.JPG","136.0"
"FAM_B.Rot 3094.JPG","136.0"
"FAM_B.Rot 3095.JPG","136.0"
"FAM_B.Rot 3096.JPG","136.0"
"FAM_B.Rot 3097.JPG","137.0"
"FAM_B.Rot 3098.JPG","137.0"
"FAM_B.Rot 3099.JPG","137.0"
"FAM_B.Rot 3100.JPG","137.0"
"FAM_B.Rot 3101.JPG","138.0"
"FAM_B.Rot 3102.JPG","138.0"
"FAM_B.Rot 3103.JPG","138.0"
"FAM_B.Rot 3104.JPG","138.0"
"FAM_B.Rot 3105.JPG","139.0"
"FAM_B.Rot 3106.JPG","139.0"
"FAM_B.Rot 3107.JPG","139.0"
"FAM_B.Rot 3108.JPG","139.0"
"FAM_B.Rot 3109.JPG","140.0"
"FAM_B.Rot 3111.JPG","140.0"
"FAM_B.Rot 3112.JPG","140.0"
"FAM_B.Rot 3113.JPG","140.0"
"FAM_B.Rot 3114.JPG","141.0"
"FAM_B.Rot 3115.JPG","141.0"
"FAM_B.Rot 3116.JPG","141.0"
"FAM_B.Rot 3117.JPG","141.0"
"FAM_B.Rot 3118.JPG","142.0"
"FAM_B.Rot 3119.JPG","142.0"
"FAM_B.Rot 3120.JPG","142.0"
"FAM_B.Rot 3121.JPG","142.0"
"FAM_B.Rot 3122.JPG","143.0"
"FAM_B.Rot 3123.JPG","143.0"
"FAM_B.Rot 3124.JPG","143.0"
"FAM_B.Rot 3125.JPG","143.0"
"FAM_B.Rot 3126.JPG","144.0"
"FAM_B.Rot 3127.JPG","144.0"
"FAM_B.Rot 3128.JPG","144.0"
"FAM_B.Rot 3129.JPG","144.0"
"FAM_B.Rot 3130.JPG","145.0"
"FAM_B.Rot 3131.JPG","145.0"
"FAM_B.Rot 3132.JPG","145.0"
"FAM_B.Rot 3133.JPG","145.0"
"FAM_B.Rot 3134.JPG","146.0"
"FAM_B.Rot 3135.JPG","146.0"
"FAM_B.Rot 3136.JPG","146.0"
"FAM_B.Rot 3137.JPG","146.0"
"FAM_B.Rot 3138.JPG","147.0"
"FAM_B.Rot 3139.JPG","147.0"
"FAM_B.Rot 3140.JPG","147.0"
"FAM_B.Rot 3141.JPG","147.0"
"FAM_B.Rot 3142.JPG","148.0"
"FAM_B.Rot 3143.JPG","148.0"
"FAM_B.Rot 3144.JPG","148.0"
"FAM_B.Rot 3145.JPG","148.0"
"FAM_B.Rot 3146.JPG","149.0"
"FAM_B.Rot 3147.JPG","149.0"
"FAM_B.Rot 3148.JPG","149.0"
"FAM_B.Rot 3149.JPG","149.0"
"FAM_B.Rot 3150.JPG","150.0"
"FAM_B.Rot 3151.JPG","150.0"
"FAM_B.Rot 3152.JPG","150.0"
"FAM_B.Rot 3153.JPG","150.0"
"FAM_B.Rot 3154.JPG","151.0"
"FAM_B.Rot 3155.JPG","151.0"
"FAM_B.Rot 3156.JPG","151.0"
"FAM_B.Rot 3157.JPG","151.0"
"FAM_B.Rot 3158.JPG","152.0"
"FAM_B.Rot 3159.JPG","152.0"
"FAM_B.Rot 3160.JPG","152.0"
"FAM_B.Rot 3161.JPG","152.0"
"FAM_B.Rot 3162.JPG","153.0"
"FAM_B.Rot 3163.JPG","153.0"
"FAM_B.Rot 3164.JPG","153.0"
"FAM_B.Rot 3165.JPG","153.0"
"FAM_B.Rot 3166.JPG","154.0"
"FAM_B.Rot 3167.JPG","154.0"
"FAM_B.Rot 3168.JPG","154.0"
"FAM_B.Rot 3169.JPG","154.0"
"FAM_B.Rot 3170.JPG","155.0"
"FAM_B.Rot 3171.JPG","155.0"
"FAM_B.Rot 3172.JPG","155.0"
"FAM_B.Rot 3173.JPG","155.0"
"FAM_B.Rot 3174.JPG","156.0"
"FAM_B.Rot 3175.JPG","156.0"
"FAM_B.Rot 3176.JPG","156.0"
"FAM_B.Rot 3177.JPG","156.0"
"FAM_B.Rot 3178.JPG","157.0"
"FAM_B.Rot 3179.JPG","157.0"
"FAM_B.Rot 3180.JPG","157.0"
"FAM_B.Rot 3181.JPG","157.0"
"FAM_B.Rot 3182.JPG","158.0"
"FAM_B.Rot 3183.JPG","158.0"
"FAM_B.Rot 3184.JPG","158.0"
"FAM_B.Rot 3185.JPG","158.0"
"FAM_B.Rot 3186.JPG","159.0"
"FAM_B.Rot 3187.JPG","159.0"
"FAM_B.Rot 3188.JPG","159.0"
"FAM_B.Rot 3189.JPG","159.0"
"FAM_B.Rot 3190.JPG","160.0"
"FAM_B.Rot 3191.JPG","160.0"
"FAM_B.Rot 3192.JPG","160.0"
"FAM_B.Rot 3193.JPG","160.0"
"FAM_B.Rot 3194.JPG","161.0"
"FAM_B.Rot 3195.JPG","161.0"
"FAM_B.Rot 3196.JPG","161.0"
"FAM_B.Rot 3197.JPG","161.0"
"FAM_B.Rot 3198.JPG","162.0"
"FAM_B.Rot 3199.JPG","162.0"
"FAM_B.Rot 3200.JPG","162.0"
"FAM_B.Rot 3201.JPG","162.0"
"FAM_B.Rot 3202.JPG","163.0"
"FAM_B.Rot 3203.JPG","163.0"
"FAM_B.Rot 3204.JPG","163.0"
"FAM_B.Rot 3205.JPG","163.0"
"FAM_B.Rot 3206.JPG","164.0"
"FAM_B.Rot 3207.JPG","164.0"
"FAM_B.Rot 3208.JPG","164.0"
"FAM_B.Rot 3209.JPG","164.0"
"FAM_B.Rot 3210.JPG","165.0"
"FAM_B.Rot 3211.JPG","165.0"
"FAM_B.Rot 3212.JPG","165.0"
"FAM_B.Rot 3213.JPG","165.0"
"FAM_B.Rot 3214.JPG","166.0"
"FAM_B.Rot 3215.JPG","166.0"
"FAM_B.Rot 3216.JPG","166.0"
"FAM_B.Rot 3217.JPG","166.0"
"FAM_B.Rot 3218.JPG","167.0"
"FAM_B.Rot 3219.JPG","167.0"
"FAM_B.Rot 3220.JPG","167.0"
"FAM_B.Rot 3221.JPG","167.0"
"FAM_B.Rot 3222.JPG","168.0"
"FAM_B.Rot 3223.JPG","168.0"
"FAM_B.Rot 3224.JPG","168.0"
"FAM_B.Rot 3225.JPG","168.0"
"FAM_B.Rot 3226.JPG","169.0"
"FAM_B.Rot 3227.JPG","169.0"
"FAM_B.Rot 3228.JPG","169.0"
"FAM_B.Rot 3229.JPG","169.0"
"FAM_B.Rot 3230.JPG","170.0"
"FAM_B.Rot 3231.JPG","170.0"
"FAM_B.Rot 3232.JPG","170.0"
"FAM_B.Rot 3233.JPG","170.0"
"FAM_B.Rot 3234.JPG","171.0"
"FAM_B.Rot 3235.JPG","171.0"
"FAM_B.Rot 3236.JPG","171.0"
"FAM_B.Rot 3237.JPG","171.0"
"FAM_B.Rot 3238.JPG","172.0"
"FAM_B.Rot 3239.JPG","172.0"
"FAM_B.Rot 3240.JPG","172.0"
"FAM_B.Rot 3241.JPG","172.0"
"FAM_B.Rot 3242.JPG","173.0"
"FAM_B.Rot 3243.JPG","173.0"
"FAM_B.Rot 3244.JPG","173.0"
"FAM_B.Rot 3245.JPG","173.0"
"FAM_B.Rot 3246.JPG","174.0"
"FAM_B.Rot 3247.JPG","174.0"
"FAM_B.Rot 3248.JPG","174.0"
"FAM_B.Rot 3249.JPG","174.0"
"FAM_B.Rot 3250.JPG","175.0"
"FAM_B.Rot 3251.JPG","175.0"
"FAM_B.Rot 3252.JPG","175.0"
"FAM_B.Rot 3253.JPG","175.0"
"FAM_B.Rot 3254.JPG","176.0"
"FAM_B.Rot 3255.JPG","176.0"
"FAM_B.Rot 3256.JPG","176.0"
"FAM_B.Rot 3257.JPG","176.0"
"FAM_B.Rot 3258.JPG","177.0"
"FAM_B.Rot 3259.JPG","177.0"
"FAM_B.Rot 3260.JPG","177.0"
"FAM_B.Rot 3261.JPG","177.0"
"FAM_B.Rot 3262.JPG","178.0"
"FAM_B.Rot 3263.JPG","178.0"
"FAM_B.Rot 3264.JPG","178.0"
"FAM_B.Rot 3265.JPG","178.0"
"FAM_B.Rot 3266.JPG","179.0"
"FAM_B.Rot 3267.JPG","179.0"
"FAM_B.Rot 3268.JPG","179.0"
"FAM_B.Rot 3269.JPG","179.0"
"FAM_B.Rot 3270.JPG","180.0"
"FAM_B.Rot 3271.JPG","180.0"
"FAM_B.Rot 3272.JPG","180.0"
"FAM_B.Rot 3273.JPG","180.0"
"FAM_B.Rot 3274.JPG","181.0"
"FAM_B.Rot 3275.JPG","181.0"
"FAM_B.Rot 3276.JPG","181.0"
"FAM_B.Rot 3277.JPG","181.0"
"FAM_B.Rot 3278.JPG","182.0"
"FAM_B.Rot 3279.JPG","182.0"
"FAM_B.Rot 3280.JPG","182.0"
"FAM_B.Rot 3281.JPG","182.0"
"FAM_B.Rot 3282.JPG","183.0"
"FAM_B.Rot 3283.JPG","183.0"
"FAM_B.Rot 3284.JPG","183.0"
"FAM_B.Rot 3285.JPG","183.0"
"FAM_B.Rot 3286.JPG","184.0"
"FAM_B.Rot 3287.JPG","184.0"
"FAM_B.Rot 3288.JPG","184.0"
"FAM_B.Rot 3289.JPG","184.0"
"FAM_B.Rot 3290.JPG","185.0"
"FAM_B.Rot 3291.JPG","185.0"
"FAM_B.Rot 3292.JPG","185.0"
"FAM_B.Rot 3293.JPG","185.0"
"FAM_B.Rot 3294.JPG","186.0"
"FAM_B.Rot 3295.JPG","186.0"
"FAM_B.Rot 3296.JPG","186.0"
"FAM_B.Rot 3297.JPG","186.0"
"FAM_B.Rot 3298.JPG","187.0"
"FAM_B.Rot 3299.JPG","187.0"
"FAM_B.Rot 3300.JPG","187.0"
"FAM_B.Rot 3301.JPG","187.0"
"FAM_B.Rot 3302.JPG","188.0"
"FAM_B.Rot 3303.JPG","188.0"
"FAM_B.Rot 3304.JPG","188.0"
"FAM_B.Rot 3305.JPG","188.0"
"FAM_B.Rot 3306.JPG","189.0"
"FAM_B.Rot 3307.JPG","189.0"
"FAM_B.Rot 3308.JPG","189.0"
"FAM_B.Rot 3309.JPG","189.0"
"FAM_B.Rot 3310.JPG","190.0"
"FAM_B.Rot 3311.JPG","190.0"
"FAM_B.Rot 3312.JPG","190.0"
"FAM_B.Rot 3313.JPG","190.0"
"FAM_B.Rot 3314.JPG","191.0"
"FAM_B.Rot 3315.JPG","191.0"
"FAM_B.Rot 3316.JPG","191.0"
"FAM_B.Rot 3317.JPG","191.0"
"FAM_B.Rot 3318.JPG","192.0"
"FAM_B.Rot 3319.JPG","192.0"
"FAM_B.Rot 3320.JPG","192.0"
"FAM_B.Rot 3321.JPG","192.0"
"FAM_B.Rot 3322.JPG","193.0"
"FAM_B.Rot 3323.JPG","193.0"
"FAM_B.Rot 3324.JPG","193.0"
"FAM_B.Rot 3325.JPG","193.0"
"FAM_B.Rot 3326.JPG","194.0"
"FAM_B.Rot 3327.JPG","194.0"
"FAM_B.Rot 3328.JPG","194.0"
"FAM_B.Rot 3329.JPG","194.0"
"FAM_B.Rot 3330.JPG","195.0"
"FAM_B.Rot 3331.JPG","195.0"
"FAM_B.Rot 3332.JPG","195.0"
"FAM_B.Rot 3333.JPG","195.0"
"FAM_B.Rot 3334.JPG","196.0"
"FAM_B.Rot 3335.JPG","196.0"
"FAM_B.Rot 3336.JPG","196.0"
"FAM_B.Rot 3337.JPG","196.0"
"FAM_B.Rot 3338.JPG","197.0"
"FAM_B.Rot 3339.JPG","197.0"
"FAM_B.Rot 3340.JPG","197.0"
"FAM_B.Rot 3341.JPG","197.0"
"FAM_B.Rot 3342.JPG","198.0"
"FAM_B.Rot 3343.JPG","198.0"
"FAM_B.Rot 3344.JPG","198.0"
"FAM_B.Rot 3345.JPG","198.0"
"FAM_B.Rot 3346.JPG","199.0"
"FAM_B.Rot 3347.JPG","199.0"
"FAM_B.Rot 3348.JPG","199.0"
"FAM_B.Rot 3349.JPG","199.0"
"FAM_B.Rot 3350.JPG","200.0"
"FAM_B.Rot 3351.JPG","200.0"
"FAM_B.Rot 3352.JPG","200.0"
"FAM_B.Rot 3353.JPG","200.0"
"FAM_B.Rot 3354.JPG","201.0"
"FAM_B.Rot 3355.JPG","201.0"
"FAM_B.Rot 3356.JPG","201.0"
"FAM_B.Rot 3357.JPG","201.0"
"FAM_B.Rot 3358.JPG","202.0"
"FAM_B.Rot 3359.JPG","202.0"
"FAM_B.Rot 3360.JPG","202.0"
"FAM_B.Rot 3361.JPG","202.0"
"FAM_B.Rot 3362.JPG","203.0"
"FAM_B.Rot 3363.JPG","203.0"
"FAM_B.Rot 3364.JPG","203.0"
"FAM_B.Rot 3365.JPG","203.0"
"FAM_B.Rot 3366.JPG","204.0"
"FAM_B.Rot 3367.JPG","204.0"
"FAM_B.Rot 3368.JPG","204.0"
"FAM_B.Rot 3369.JPG","204.0"
"FAM_B.Rot 3370.JPG","205.0"
"FAM_B.Rot 3371.JPG","205.0"
"FAM_B.Rot 3372.JPG","205.0"
"FAM_B.Rot 3373.JPG","205.0"
"FAM_B.Rot 3374.JPG","206.0"
"FAM_B.Rot 3375.JPG","206.0"
"FAM_B.Rot 3376.JPG","206.0"
"FAM_B.Rot 3377.JPG","206.0"
"FAM_B.Rot 3378.JPG","207.0"
"FAM_B.Rot 3379.JPG","207.0"
"FAM_B.Rot 3380.JPG","207.0"
"FAM_B.Rot 3381.JPG","207.0"
"FAM_B.Rot 3382.JPG","208.0"
"FAM_B.Rot 3383.JPG","208.0"
"FAM_B.Rot 3384.JPG","208.0"
"FAM_B.Rot 3385.JPG","208.0"
"FAM_B.Rot 3386.JPG","209.0"
"FAM_B.Rot 3387.JPG","209.0"
"FAM_B.Rot 3388.JPG","209.0"
"FAM_B.Rot 3389.JPG","209.0"
"FAM_B.Rot 3390.JPG","210.0"
"FAM_B.Rot 3391.JPG","210.0"
"FAM_B.Rot 3392.JPG","210.0"
"FAM_B.Rot 3393.JPG","210.0"
"FAM_B.Rot 3394.JPG","211.0"
"FAM_B.Rot 3395.JPG","211.0"
"FAM_B.Rot 3396.JPG","211.0"
"FAM_B.Rot 3397.JPG","211.0"
"FAM_B.Rot 3398.JPG","212.0"
"FAM_B.Rot 3399.JPG","212.0"
"FAM_B.Rot 3401.JPG","212.0"
"FAM_B.Rot 3402.JPG","212.0"
"FAM_B.Rot 3403.JPG","213.0"
"FAM_B.Rot 3404.JPG","213.0"
"FAM_B.Rot 3405.JPG","213.0"
"FAM_B.Rot 3406.JPG","213.0"
"FAM_B.Rot 3407.JPG","214.0"
"FAM_B.Rot 3408.JPG","214.0"
"FAM_B.Rot 3409.JPG","214.0"
"FAM_B.Rot 3410.JPG","214.0"
"FAM_B.Rot 3411.JPG","215.0"
"FAM_B.Rot 3412.JPG","215.0"
"FAM_B.Rot 3413.JPG","215.0"
"FAM_B.Rot 3414.JPG","215.0"
"FAM_B.Rot 3415.JPG","216.0"
"FAM_B.Rot 3416.JPG","216.0"
"FAM_B.Rot 3417.JPG","216.0"
"FAM_B.Rot 3418.JPG","216.0"
"FAM_B.Rot 3419.JPG","217.0"
"FAM_B.Rot 3420.JPG","217.0"
"FAM_B.Rot 3421.JPG","217.0"
"FAM_B.Rot 3422.JPG","217.0"
"FAM_B.Rot 3423.JPG","218.0"
"FAM_B.Rot 3424.JPG","218.0"
"FAM_B.Rot 3425.JPG","218.0"
"FAM_B.Rot 3426.JPG","218.0"
"FAM_B.Rot 3427.JPG","219.0"
"FAM_B.Rot 3428.JPG","219.0"
"FAM_B.Rot 3429.JPG","219.0"
"FAM_B.Rot 3430.JPG","219.0"
"FAM_B.Rot 3431.JPG","220.0"
"FAM_B.Rot 3432.JPG","220.0"
"FAM_B.Rot 3433.JPG","220.0"
"FAM_B.Rot 3434.JPG","220.0"
"FAM_B.Rot 3435.JPG","221.0"
"FAM_B.Rot 3436.JPG","221.0"
"FAM_B.Rot 3437.JPG","221.0"
"FAM_B.Rot 3438.JPG","221.0"
"FAM_B.Rot 3439.JPG","222.0"
"FAM_B.Rot 3440.JPG","222.0"
"FAM_B.Rot 3441.JPG","222.0"
"FAM_B.Rot 3442.JPG","222.0"
"FAM_B.Rot 3443.JPG","223.0"
"FAM_B.Rot 3444.JPG","223.0"
"FAM_B.Rot 3445.JPG","223.0"
"FAM_B.Rot 3446.JPG","223.0"
"FAM_B.Rot 3447.JPG","224.0"
"FAM_B.Rot 3448.JPG","224.0"
"FAM_B.Rot 3449.JPG","224.0"
"FAM_B.Rot 3450.JPG","224.0"
"FAM_B.Rot 3451.JPG","225.0"
"FAM_B.Rot 3452.JPG","225.0"
"FAM_B.Rot 3453.JPG","225.0"
"FAM_B.Rot 3454.JPG","225.0"
"FAM_B.Rot 3455.JPG","226.0"
"FAM_B.Rot 3456.JPG","226.0"
"FAM_B.Rot 3457.JPG","226.0"
"FAM_B.Rot 3458.JPG","226.0"
"FAM_B.Rot 3459.JPG","227.0"
"FAM_B.Rot 3460.JPG","227.0"
"FAM_B.Rot 3461.JPG","227.0"
"FAM_B.Rot 3462.JPG","227.0"
"FAM_B.Rot 3463.JPG","228.0"
"FAM_B.Rot 3464.JPG","228.0"
"FAM_B.Rot 3465.JPG","228.0"
"FAM_B.Rot 3466.JPG","228.0"
"FAM_B.Rot 3467.JPG","229.0"
"FAM_B.Rot 3468.JPG","229.0"
"FAM_B.Rot 3469.JPG","229.0"
"FAM_B.Rot 3470.JPG","229.0"
"FAM_B.Rot 3471.JPG","230.0"
"FAM_B.Rot 3472.JPG","230.0"
"FAM_B.Rot 3473.JPG","230.0"
"FAM_B.Rot 3474.JPG","230.0"
"FAM_B.Rot 3475.JPG","231.0"
"FAM_B.Rot 3476.JPG","231.0"
"FAM_B.Rot 3477.JPG","231.0"
"FAM_B.Rot 3478.JPG","231.0"
"FAM_B.Rot 3479.JPG","232.0"
"FAM_B.Rot 3480.JPG","232.0"
"FAM_B.Rot 3481.JPG","232.0"
"FAM_B.Rot 3482.JPG","232.0"
"FAM_B.Rot 3483.JPG","233.0"
"FAM_B.Rot 3484.JPG","233.0"
"FAM_B.Rot 3485.JPG","233.0"
"FAM_B.Rot 3486.JPG","233.0"
"FAM_B.Rot 3487.JPG","234.0"
"FAM_B.Rot 3488.JPG","234.0"
"FAM_B.Rot 3489.JPG","234.0"
"FAM_B.Rot 3490.JPG","234.0"
"FAM_B.Rot 3491.JPG","235.0"
"FAM_B.Rot 3492.JPG","235.0"
"FAM_B.Rot 3493.JPG","235.0"
"FAM_B.Rot 3494.JPG","235.0"
"FAM_B.Rot 3495.JPG","236.0"
"FAM_B.Rot 3496.JPG","236.0"
"FAM_B.Rot 3497.JPG","236.0"
"FAM_B.Rot 3498.JPG","236.0"
"FAM_B.Rot 3499.JPG","237.0"
"FAM_B.Rot 3500.JPG","237.0"
"FAM_B.Rot 3501.JPG","237.0"
"FAM_B.Rot 3502.JPG","237.0"
"FAM_B.Rot 3503.JPG","238.0"
"FAM_B.Rot 3504.JPG","238.0"
"FAM_B.Rot 3505.JPG","238.0"
"FAM_B.Rot 3506.JPG","238.0"
"FAM_B.Rot 3507.JPG","239.0"
"FAM_B.Rot 3508.JPG","239.0"
"FAM_B.Rot 3509.JPG","239.0"
"FAM_B.Rot 3510.JPG","239.0"
"FAM_B.Rot 3511.JPG","240.0"
"FAM_B.Rot 3512.JPG","240.0"
"FAM_B.Rot 3513.JPG","240.0"
"FAM_B.Rot 3514.JPG","240.0"
"FAM_B.Rot 3515.JPG","241.0"
"FAM_B.Rot 3516.JPG","241.0"
"FAM_B.Rot 3517.JPG","241.0"
"FAM_B.Rot 3518.JPG","241.0"
"FAM_B.Rot 3519.JPG","242.0"
"FAM_B.Rot 3520.JPG","242.0"
"FAM_B.Rot 3521.JPG","242.0"
"FAM_B.Rot 3522.JPG","242.0"
"FAM_B.Rot 3523.JPG","243.0"
"FAM_B.Rot 3524.JPG","243.0"
"FAM_B.Rot 3525.JPG","243.0"
"FAM_B.Rot 3526.JPG","243.0"
"FAM_B.Rot 3527.JPG","244.0"
"FAM_B.Rot 3528.JPG","244.0"
"FAM_B.Rot 3529.JPG","244.0"
"FAM_B.Rot 3530.JPG","244.0"
"FAM_B.Rot 3531.JPG","245.0"
"FAM_B.Rot 3532.JPG","245.0"
"FAM_B.Rot 3533.JPG","245.0"
"FAM_B.Rot 3534.JPG","245.0"
"FAM_B.Rot 3535.JPG","246.0"
"FAM_B.Rot 3536.JPG","246.0"
"FAM_B.Rot 3537.JPG","246.0"
"FAM_B.Rot 3538.JPG","246.0"
"FAM_B.Rot 3539.JPG","247.0"
"FAM_B.Rot 3540.JPG","247.0"
"FAM_B.Rot 3541.JPG","247.0"
"FAM_B.Rot 3542.JPG","247.0"
"FAM_B.Rot 3543.JPG","248.0"
"FAM_B.Rot 3544.JPG","248.0"
"FAM_B.Rot 3545.JPG","248.0"
"FAM_B.Rot 3546.JPG","248.0"
"FAM_B.Rot 3547.JPG","249.0"
"FAM_B.Rot 3548.JPG","249.0"
"FAM_B.Rot 3549.JPG","249.0"
"FAM_B.Rot 3550.JPG","249.0"
"FAM_B.Rot 3551.JPG","250.0"
"FAM_B.Rot 3552.JPG","250.0"
"FAM_B.Rot 3553.JPG","250.0"
"FAM_B.Rot 3554.JPG","250.0"
"FAM_B.Rot 3555.JPG","251.0"
"FAM_B.Rot 3556.JPG","251.0"
"FAM_B.Rot 3557.JPG","251.0"
"FAM_B.Rot 3558.JPG","251.0"
"FAM_B.Rot 3559.JPG","252.0"
"FAM_B.Rot 3560.JPG","252.0"
"FAM_B.Rot 3561.JPG","252.0"
"FAM_B.Rot 3562.JPG","252.0"
"FAM_B.Rot 3563.JPG","253.0"
"FAM_B.Rot 3564.JPG","253.0"
"FAM_B.Rot 3565.JPG","253.0"
"FAM_B.Rot 3566.JPG","253.0"
"FAM_B.Rot 3567.JPG","254.0"
"FAM_B.Rot 3568.JPG","254.0"
"FAM_B.Rot 3569.JPG","254.0"
"FAM_B.Rot 3570.JPG","254.0"
"FAM_B.Rot 3571.JPG","255.0"
"FAM_B.Rot 3572.JPG","255.0"
"FAM_B.Rot 3573.JPG","255.0"
"FAM_B.Rot 3574.JPG","255.0"
"FAM_B.Rot 3575.JPG","256.0"
"FAM_B.Rot 3576.JPG","256.0"
"FAM_B.Rot 3577.JPG","256.0"
"FAM_B.Rot 3578.JPG","256.0"
"FAM_B.Rot 3579.JPG","257.0"
"FAM_B.Rot 3580.JPG","257.0"
"FAM_B.Rot 3581.JPG","257.0"
"FAM_B.Rot 3582.JPG","257.0"
"FAM_B.Rot 3583.JPG","258.0"
"FAM_B.Rot 3584.JPG","258.0"
"FAM_B.Rot 3585.JPG","258.0"
"FAM_B.Rot 3586.JPG","258.0"
"FAM_B.Rot 3587.JPG","259.0"
"FAM_B.Rot 3588.JPG","259.0"
"FAM_B.Rot 3589.JPG","259.0"
"FAM_B.Rot 3590.JPG","259.0"
"FAM_B.Rot 3591.JPG","260.0"
"FAM_B.Rot 3592.JPG","260.0"
"FAM_B.Rot 3593.JPG","260.0"
"FAM_B.Rot 3594.JPG","260.0"
"FAM_B.Rot 3595.JPG","261.0"
"FAM_B.Rot 3596.JPG","261.0"
"FAM_B.Rot 3597.JPG","261.0"
"FAM_B.Rot 3598.JPG","261.0"
"FAM_B.Rot 3599.JPG","262.0"
"FAM_B.Rot 3600.JPG","262.0"
"FAM_B.Rot 3601.JPG","262.0"
"FAM_B.Rot 3602.JPG","262.0"
"FAM_B.Rot 3603.JPG","263.0"
"FAM_B.Rot 3604.JPG","263.0"
"FAM_B.Rot 3605.JPG","263.0"
"FAM_B.Rot 3606.JPG","263.0"
"FAM_B.Rot 3607.JPG","264.0"
"FAM_B.Rot 3608.JPG","264.0"
"FAM_B.Rot 3609.JPG","264.0"
"FAM_B.Rot 3610.JPG","264.0"
"FAM_B.Rot 3611.JPG","265.0"
"FAM_B.Rot 3612.JPG","265.0"
"FAM_B.Rot 3613.JPG","265.0"
"FAM_B.Rot 3614.JPG","265.0"
"FAM_B.Rot 3615.JPG","266.0"
"FAM_B.Rot 3616.JPG","266.0"
"FAM_B.Rot 3617.JPG","266.0"
"FAM_B.Rot 3618.JPG","266.0"
"FAM_B.Rot 3619.JPG","267.0"
"FAM_B.Rot 3620.JPG","267.0"
"FAM_B.Rot 3621.JPG","267.0"
"FAM_B.Rot 3622.JPG","267.0"
"FAM_B.Rot 3623.JPG","268.0"
"FAM_B.Rot 3624.JPG","268.0"
"FAM_B.Rot 3625.JPG","268.0"
"FAM_B.Rot 3626.JPG","268.0"
"FAM_B.Rot 3627.JPG","269.0"
"FAM_B.Rot 3628.JPG","269.0"
"FAM_B.Rot 3629.JPG","269.0"
"FAM_B.Rot 3630.JPG","269.0"
"FAM_B.Rot 5008.JPG","270.0"
"FAM_B.Rot 5009.JPG","270.0"
"FAM_B.Rot 5010.JPG","270.0"
"FAM_B.Rot 5011.JPG","270.0"
"FAM_B.Rot 5012.JPG","271.0"
"FAM_B.Rot 5013.JPG","271.0"
"FAM_B.Rot 5014.JPG","271.0"
"FAM_B.Rot 5015.JPG","271.0"
"FAM_B.Rot 5016.JPG","272.0"
"FAM_B.Rot 5017.JPG","272.0"
"FAM_B.Rot 5018.JPG","272.0"
"FAM_B.Rot 5019.JPG","272.0"
"FAM_B.Rot 5020.JPG","273.0"
"FAM_B.Rot 5021.JPG","273.0"
"FAM_B.Rot 5022.JPG","273.0"
"FAM_B.Rot 5023.JPG","273.0"
"FAM_B.Rot 5024.JPG","274.0"
"FAM_B.Rot 5025.JPG","274.0"
"FAM_B.Rot 5026.JPG","274.0"
"FAM_B.Rot 5027.JPG","274.0"
"FAM_B.Rot 5028.JPG","275.0"
"FAM_B.Rot 5029.JPG","275.0"
"FAM_B.Rot 5030.JPG","275.0"
"FAM_B.Rot 5031.JPG","275.0"
"FAM_B.Rot 5032.JPG","276.0"
"FAM_B.Rot 5033.JPG","276.0"
"FAM_B.Rot 5034.JPG","276.0"
"FAM_B.Rot 5035.JPG","276.0"
"FAM_B.Rot 5036.JPG","277.0"
"FAM_B.Rot 5037.JPG","277.0"
"FAM_B.Rot 5038.JPG","277.0"
"FAM_B.Rot 5039.JPG","277.0"
"FAM_B.Rot 5040.JPG","278.0"
"FAM_B.Rot 5041.JPG","278.0"
"FAM_B.Rot 5042.JPG","278.0"
"FAM_B.Rot 5043.JPG","278.0"
"FAM_B.Rot 5044.JPG","279.0"
"FAM_B.Rot 5045.JPG","279.0"
"FAM_B.Rot 5046.JPG","279.0"
"FAM_B.Rot 5047.JPG","279.0"
"FAM_B.Rot 5048.JPG","280.0"
"FAM_B.Rot 5049.JPG","280.0"
"FAM_B.Rot 5050.JPG","280.0"
"FAM_B.Rot 5051.JPG","280.0"
"FAM_B.Rot 5052.JPG","281.0"
"FAM_B.Rot 5053.JPG","281.0"
"FAM_B.Rot 5054.JPG","281.0"
"FAM_B.Rot 5055.JPG","281.0"
"FAM_B.Rot 5056.JPG","282.0"
"FAM_B.Rot 5057.JPG","282.0"
"FAM_B.Rot 5058.JPG","282.0"
"FAM_B.Rot 5059.JPG","282.0"
"FAM_B.Rot 5060.JPG","283.0"
"FAM_B.Rot 5061.JPG","283.0"
"FAM_B.Rot 5062.JPG","283.0"
"FAM_B.Rot 5063.JPG","283.0"
"FAM_B.Rot 5064.JPG","284.0"
"FAM_B.Rot 5065.JPG","284.0"
"FAM_B.Rot 5066.JPG","284.0"
"FAM_B.Rot 5067.JPG","284.0"
"FAM_B.Rot 5068.JPG","285.0"
"FAM_B.Rot 5069.JPG","285.0"
"FAM_B.Rot 5070.JPG","285.0"
"FAM_B.Rot 5071.JPG","285.0"
"FAM_B.Rot 5072.JPG","286.0"
"FAM_B.Rot 5073.JPG","286.0"
"FAM_B.Rot 5074.JPG","286.0"
"FAM_B.Rot 5075.JPG","286.0"
"FAM_B.Rot 5076.JPG","287.0"
"FAM_B.Rot 5077.JPG","287.0"
"FAM_B.Rot 5078.JPG","287.0"
"FAM_B.Rot 5079.JPG","287.0"
"FAM_B.Rot 5080.JPG","288.0"
"FAM_B.Rot 5081.JPG","288.0"
"FAM_B.Rot 5082.JPG","288.0"
"FAM_B.Rot 5083.JPG","288.0"
"FAM_B.Rot 5084.JPG","289.0"
"FAM_B.Rot 5085.JPG","289.0"
"FAM_B.Rot 5086.JPG","289.0"
"FAM_B.Rot 5087.JPG","289.0"
"FAM_B.Rot 5088.JPG","290.0"
"FAM_B.Rot 5089.JPG","290.0"
"FAM_B.Rot 5090.JPG","290.0"
"FAM_B.Rot 5091.JPG","290.0"
"FAM_B.Rot 5092.JPG","291.0"
"FAM_B.Rot 5093.JPG","291.0"
"FAM_B.Rot 5094.JPG","291.0"
"FAM_B.Rot 5095.JPG","291.0"
"FAM_B.Rot 5096.JPG","292.0"
"FAM_B.Rot 5097.JPG","292.0"
"FAM_B.Rot 5098.JPG","292.0"
"FAM_B.Rot 5099.JPG","292.0"
"FAM_B.Rot 5100.JPG","293.0"
"FAM_B.Rot 5101.JPG","293.0"
"FAM_B.Rot 5102.JPG","293.0"
"FAM_B.Rot 5103.JPG","293.0"
"FAM_B.Rot 5104.JPG","294.0"
"FAM_B.Rot 5105.JPG","294.0"
"FAM_B.Rot 5106.JPG","294.0"
"FAM_B.Rot 5107.JPG","294.0"
"FAM_B.Rot 5108.JPG","295.0"
"FAM_B.Rot 5109.JPG","295.0"
"FAM_B.Rot 5110.JPG","295.0"
"FAM_B.Rot 5111.JPG","295.0"
