"File Name","Leaf #"
"FAM_L.Blight 0769.JPG","1.0"
"FAM_L.Blight 0770.JPG","1.0"
"FAM_L.Blight 0771.JPG","1.0"
"FAM_L.Blight 0772.JPG","1.0"
"FAM_L.Blight 0773.JPG","2.0"
"FAM_L.Blight 0774.JPG","2.0"
"FAM_L.Blight 0775.JPG","2.0"
"FAM_L.Blight 0776.JPG","2.0"
"FAM_L.Blight 0777.JPG","3.0"
"FAM_L.Blight 0778.JPG","3.0"
"FAM_L.Blight 0779.JPG","3.0"
"FAM_L.Blight 0780.JPG","3.0"
"FAM_L.Blight 0781.JPG","4.0"
"FAM_L.Blight 0782.JPG","4.0"
"FAM_L.Blight 0783.JPG","4.0"
"FAM_L.Blight 0784.JPG","4.0"
"FAM_L.Blight 0785.JPG","5.0"
"FAM_L.Blight 0786.JPG","5.0"
"FAM_L.Blight 0787.JPG","5.0"
"FAM_L.Blight 0788.JPG","5.0"
"FAM_L.Blight 0789.JPG","6.0"
"FAM_L.Blight 0790.JPG","6.0"
"FAM_L.Blight 0791.JPG","6.0"
"FAM_L.Blight 0792.JPG","6.0"
"FAM_L.Blight 0793.JPG","7.0"
"FAM_L.Blight 0794.JPG","7.0"
"FAM_L.Blight 0795.JPG","7.0"
"FAM_L.Blight 0796.JPG","7.0"
"FAM_L.Blight 0797.JPG","8.0"
"FAM_L.Blight 0798.JPG","8.0"
"FAM_L.Blight 0799.JPG","8.0"
"FAM_L.Blight 0800.JPG","8.0"
"FAM_L.Blight 0801.JPG","9.0"
"FAM_L.Blight 0802.JPG","9.0"
"FAM_L.Blight 0803.JPG","9.0"
"FAM_L.Blight 0804.JPG","9.0"
"FAM_L.Blight 0805.JPG","10.0"
"FAM_L.Blight 0806.JPG","10.0"
"FAM_L.Blight 0807.JPG","10.0"
"FAM_L.Blight 0808.JPG","10.0"
"FAM_L.Blight 0809.JPG","11.0"
"FAM_L.Blight 0810.JPG","11.0"
"FAM_L.Blight 0811.JPG","11.0"
"FAM_L.Blight 0812.JPG","11.0"
"FAM_L.Blight 0813.JPG","12.0"
"FAM_L.Blight 0814.JPG","12.0"
"FAM_L.Blight 0815.JPG","12.0"
"FAM_L.Blight 0816.JPG","12.0"
"FAM_L.Blight 1361.JPG","13.0"
"FAM_L.Blight 1362.JPG","13.0"
"FAM_L.Blight 1363.JPG","13.0"
"FAM_L.Blight 1364.JPG","13.0"
"FAM_L.Blight 1365.JPG","14.0"
"FAM_L.Blight 1366.JPG","14.0"
"FAM_L.Blight 1367.JPG","14.0"
"FAM_L.Blight 1368.JPG","14.0"
"FAM_L.Blight 1369.JPG","15.0"
"FAM_L.Blight 1370.JPG","15.0"
"FAM_L.Blight 1371.JPG","15.0"
"FAM_L.Blight 1372.JPG","15.0"
"FAM_L.Blight 1373.JPG","16.0"
"FAM_L.Blight 1374.JPG","16.0"
"FAM_L.Blight 1375.JPG","16.0"
"FAM_L.Blight 1376.JPG","16.0"
"FAM_L.Blight 1377.JPG","17.0"
"FAM_L.Blight 1378.JPG","17.0"
"FAM_L.Blight 1379.JPG","17.0"
"FAM_L.Blight 1380.JPG","17.0"
"FAM_L.Blight 1381.JPG","18.0"
"FAM_L.Blight 1382.JPG","18.0"
"FAM_L.Blight 1383.JPG","18.0"
"FAM_L.Blight 1384.JPG","18.0"
"FAM_L.Blight 1385.JPG","19.0"
"FAM_L.Blight 1386.JPG","19.0"
"FAM_L.Blight 1387.JPG","19.0"
"FAM_L.Blight 1388.JPG","19.0"
"FAM_L.Blight 1389.JPG","20.0"
"FAM_L.Blight 1390.JPG","20.0"
"FAM_L.Blight 1391.JPG","20.0"
"FAM_L.Blight 1392.JPG","20.0"
"FAM_L.Blight 1393.JPG","21.0"
"FAM_L.Blight 1394.JPG","21.0"
"FAM_L.Blight 1395.JPG","21.0"
"FAM_L.Blight 1396.JPG","21.0"
"FAM_L.Blight 1397.JPG","22.0"
"FAM_L.Blight 1398.JPG","22.0"
"FAM_L.Blight 1399.JPG","22.0"
"FAM_L.Blight 1400.JPG","22.0"
"FAM_L.Blight 1401.JPG","23.0"
"FAM_L.Blight 1402.JPG","23.0"
"FAM_L.Blight 1403.JPG","23.0"
"FAM_L.Blight 1404.JPG","23.0"
"FAM_L.Blight 1405.JPG","24.0"
"FAM_L.Blight 1406.JPG","24.0"
"FAM_L.Blight 1407.JPG","24.0"
"FAM_L.Blight 1408.JPG","24.0"
"FAM_L.Blight 1409.JPG","25.0"
"FAM_L.Blight 1410.JPG","25.0"
"FAM_L.Blight 1411.JPG","25.0"
"FAM_L.Blight 1412.JPG","25.0"
"FAM_L.Blight 1413.JPG","26.0"
"FAM_L.Blight 1414.JPG","26.0"
"FAM_L.Blight 1415.JPG","26.0"
"FAM_L.Blight 1416.JPG","26.0"
"FAM_L.Blight 1417.JPG","27.0"
"FAM_L.Blight 1418.JPG","27.0"
"FAM_L.Blight 1419.JPG","27.0"
"FAM_L.Blight 1420.JPG","27.0"
"FAM_L.Blight 1421.JPG","28.0"
"FAM_L.Blight 1422.JPG","28.0"
"FAM_L.Blight 1423.JPG","28.0"
"FAM_L.Blight 1424.JPG","28.0"
"FAM_L.Blight 1425.JPG","29.0"
"FAM_L.Blight 1426.JPG","29.0"
"FAM_L.Blight 1427.JPG","29.0"
"FAM_L.Blight 1428.JPG","29.0"
"FAM_L.Blight 1429.JPG","30.0"
"FAM_L.Blight 1430.JPG","30.0"
"FAM_L.Blight 1431.JPG","30.0"
"FAM_L.Blight 1432.JPG","30.0"
"FAM_L.Blight 1433.JPG","31.0"
"FAM_L.Blight 1434.JPG","31.0"
"FAM_L.Blight 1435.JPG","31.0"
"FAM_L.Blight 1436.JPG","31.0"
"FAM_L.Blight 1437.JPG","32.0"
"FAM_L.Blight 1438.JPG","32.0"
"FAM_L.Blight 1439.JPG","32.0"
"FAM_L.Blight 1440.JPG","32.0"
"FAM_L.Blight 1441.JPG","33.0"
"FAM_L.Blight 1442.JPG","33.0"
"FAM_L.Blight 1443.JPG","33.0"
"FAM_L.Blight 1444.JPG","33.0"
"FAM_L.Blight 1445.JPG","34.0"
"FAM_L.Blight 1446.JPG","34.0"
"FAM_L.Blight 1447.JPG","34.0"
"FAM_L.Blight 1448.JPG","34.0"
"FAM_L.Blight 1449.JPG","35.0"
"FAM_L.Blight 1450.JPG","35.0"
"FAM_L.Blight 1451.JPG","35.0"
"FAM_L.Blight 1452.JPG","35.0"
"FAM_L.Blight 1453.JPG","36.0"
"FAM_L.Blight 1454.JPG","36.0"
"FAM_L.Blight 1455.JPG","36.0"
"FAM_L.Blight 1456.JPG","36.0"
"FAM_L.Blight 1457.JPG","37.0"
"FAM_L.Blight 1458.JPG","37.0"
"FAM_L.Blight 1459.JPG","37.0"
"FAM_L.Blight 1460.JPG","37.0"
"FAM_L.Blight 1461.JPG","38.0"
"FAM_L.Blight 1462.JPG","38.0"
"FAM_L.Blight 1463.JPG","38.0"
"FAM_L.Blight 1464.JPG","38.0"
"FAM_L.Blight 1465.JPG","39.0"
"FAM_L.Blight 1466.JPG","39.0"
"FAM_L.Blight 1467.JPG","39.0"
"FAM_L.Blight 1468.JPG","39.0"
"FAM_L.Blight 1469.JPG","40.0"
"FAM_L.Blight 1470.JPG","40.0"
"FAM_L.Blight 1471.JPG","40.0"
"FAM_L.Blight 1472.JPG","40.0"
"FAM_L.Blight 1473.JPG","41.0"
"FAM_L.Blight 1474.JPG","41.0"
"FAM_L.Blight 1475.JPG","41.0"
"FAM_L.Blight 1476.JPG","41.0"
"FAM_L.Blight 1477.JPG","42.0"
"FAM_L.Blight 1478.JPG","42.0"
"FAM_L.Blight 1479.JPG","42.0"
"FAM_L.Blight 1480.JPG","42.0"
"FAM_L.Blight 1481.JPG","43.0"
"FAM_L.Blight 1482.JPG","43.0"
"FAM_L.Blight 1483.JPG","43.0"
"FAM_L.Blight 1484.JPG","43.0"
"FAM_L.Blight 1485.JPG","44.0"
"FAM_L.Blight 1486.JPG","44.0"
"FAM_L.Blight 1487.JPG","44.0"
"FAM_L.Blight 1488.JPG","44.0"
"FAM_L.Blight 1489.JPG","45.0"
"FAM_L.Blight 1490.JPG","45.0"
"FAM_L.Blight 1491.JPG","45.0"
"FAM_L.Blight 1492.JPG","45.0"
"FAM_L.Blight 1493.JPG","46.0"
"FAM_L.Blight 1494.JPG","46.0"
"FAM_L.Blight 1495.JPG","46.0"
"FAM_L.Blight 1496.JPG","46.0"
"FAM_L.Blight 1497.JPG","47.0"
"FAM_L.Blight 1498.JPG","47.0"
"FAM_L.Blight 1499.JPG","47.0"
"FAM_L.Blight 1500.JPG","47.0"
"FAM_L.Blight 1501.JPG","48.0"
"FAM_L.Blight 1502.JPG","48.0"
"FAM_L.Blight 1503.JPG","48.0"
"FAM_L.Blight 1504.JPG","48.0"
"FAM_L.Blight 1508.JPG","49.0"
"FAM_L.Blight 1509.JPG","49.0"
"FAM_L.Blight 1510.JPG","49.0"
"FAM_L.Blight 1511.JPG","49.0"
"FAM_L.Blight 1512.JPG","50.0"
"FAM_L.Blight 1513.JPG","50.0"
"FAM_L.Blight 1514.JPG","50.0"
"FAM_L.Blight 1515.JPG","50.0"
"FAM_L.Blight 1516.JPG","51.0"
"FAM_L.Blight 1517.JPG","51.0"
"FAM_L.Blight 1518.JPG","51.0"
"FAM_L.Blight 1519.JPG","51.0"
"FAM_L.Blight 1520.JPG","52.0"
"FAM_L.Blight 1521.JPG","52.0"
"FAM_L.Blight 1522.JPG","52.0"
"FAM_L.Blight 1523.JPG","52.0"
"FAM_L.Blight 1524.JPG","53.0"
"FAM_L.Blight 1525.JPG","53.0"
"FAM_L.Blight 1526.JPG","53.0"
"FAM_L.Blight 1527.JPG","53.0"
"FAM_L.Blight 1528.JPG","54.0"
"FAM_L.Blight 1529.JPG","54.0"
"FAM_L.Blight 1530.JPG","54.0"
"FAM_L.Blight 1531.JPG","54.0"
"FAM_L.Blight 1532.JPG","55.0"
"FAM_L.Blight 1533.JPG","55.0"
"FAM_L.Blight 1534.JPG","55.0"
"FAM_L.Blight 1535.JPG","55.0"
"FAM_L.Blight 1536.JPG","56.0"
"FAM_L.Blight 1537.JPG","56.0"
"FAM_L.Blight 1538.JPG","56.0"
"FAM_L.Blight 1539.JPG","56.0"
"FAM_L.Blight 1540.JPG","57.0"
"FAM_L.Blight 1541.JPG","57.0"
"FAM_L.Blight 1542.JPG","57.0"
"FAM_L.Blight 1543.JPG","57.0"
"FAM_L.Blight 1544.JPG","58.0"
"FAM_L.Blight 1545.JPG","58.0"
"FAM_L.Blight 1546.JPG","58.0"
"FAM_L.Blight 1547.JPG","58.0"
"FAM_L.Blight 1548.JPG","59.0"
"FAM_L.Blight 1549.JPG","59.0"
"FAM_L.Blight 1550.JPG","59.0"
"FAM_L.Blight 1551.JPG","59.0"
"FAM_L.Blight 1552.JPG","60.0"
"FAM_L.Blight 1553.JPG","60.0"
"FAM_L.Blight 1554.JPG","60.0"
"FAM_L.Blight 1555.JPG","60.0"
"FAM_L.Blight 1556.JPG","61.0"
"FAM_L.Blight 1557.JPG","61.0"
"FAM_L.Blight 1558.JPG","61.0"
"FAM_L.Blight 1559.JPG","61.0"
"FAM_L.Blight 1560.JPG","62.0"
"FAM_L.Blight 1561.JPG","62.0"
"FAM_L.Blight 1562.JPG","62.0"
"FAM_L.Blight 1563.JPG","62.0"
"FAM_L.Blight 1564.JPG","63.0"
"FAM_L.Blight 1565.JPG","63.0"
"FAM_L.Blight 1566.JPG","63.0"
"FAM_L.Blight 1567.JPG","63.0"
"FAM_L.Blight 1568.JPG","64.0"
"FAM_L.Blight 1569.JPG","64.0"
"FAM_L.Blight 1570.JPG","64.0"
"FAM_L.Blight 1571.JPG","64.0"
"FAM_L.Blight 1572.JPG","65.0"
"FAM_L.Blight 1573.JPG","65.0"
"FAM_L.Blight 1574.JPG","65.0"
"FAM_L.Blight 1575.JPG","65.0"
"FAM_L.Blight 1576.JPG","66.0"
"FAM_L.Blight 1577.JPG","66.0"
"FAM_L.Blight 1578.JPG","66.0"
"FAM_L.Blight 1579.JPG","66.0"
"FAM_L.Blight 1580.JPG","67.0"
"FAM_L.Blight 1581.JPG","67.0"
"FAM_L.Blight 1582.JPG","67.0"
"FAM_L.Blight 1583.JPG","67.0"
"FAM_L.Blight 1584.JPG","68.0"
"FAM_L.Blight 1585.JPG","68.0"
"FAM_L.Blight 1586.JPG","68.0"
"FAM_L.Blight 1587.JPG","68.0"
"FAM_L.Blight 1588.JPG","69.0"
"FAM_L.Blight 1589.JPG","69.0"
"FAM_L.Blight 1590.JPG","69.0"
"FAM_L.Blight 1591.JPG","69.0"
"FAM_L.Blight 1592.JPG","70.0"
"FAM_L.Blight 1593.JPG","70.0"
"FAM_L.Blight 1594.JPG","70.0"
"FAM_L.Blight 1595.JPG","70.0"
"FAM_L.Blight 1596.JPG","71.0"
"FAM_L.Blight 1597.JPG","71.0"
"FAM_L.Blight 1598.JPG","71.0"
"FAM_L.Blight 1599.JPG","71.0"
"FAM_L.Blight 1600.JPG","72.0"
"FAM_L.Blight 1601.JPG","72.0"
"FAM_L.Blight 1602.JPG","72.0"
"FAM_L.Blight 1603.JPG","72.0"
"FAM_L.Blight 1604.JPG","73.0"
"FAM_L.Blight 1605.JPG","73.0"
"FAM_L.Blight 1606.JPG","73.0"
"FAM_L.Blight 1607.JPG","73.0"
"FAM_L.Blight 1608.JPG","74.0"
"FAM_L.Blight 1609.JPG","74.0"
"FAM_L.Blight 1610.JPG","74.0"
"FAM_L.Blight 1611.JPG","74.0"
"FAM_L.Blight 1612.JPG","75.0"
"FAM_L.Blight 1613.JPG","75.0"
"FAM_L.Blight 1614.JPG","75.0"
"FAM_L.Blight 1615.JPG","75.0"
"FAM_L.Blight 1616.JPG","76.0"
"FAM_L.Blight 1617.JPG","76.0"
"FAM_L.Blight 1618.JPG","76.0"
"FAM_L.Blight 1619.JPG","76.0"
"FAM_L.Blight 1620.JPG","77.0"
"FAM_L.Blight 1621.JPG","77.0"
"FAM_L.Blight 1622.JPG","77.0"
"FAM_L.Blight 1623.JPG","77.0"
"FAM_L.Blight 1624.JPG","78.0"
"FAM_L.Blight 1625.JPG","78.0"
"FAM_L.Blight 1626.JPG","78.0"
"FAM_L.Blight 1627.JPG","78.0"
"FAM_L.Blight 1628.JPG","79.0"
"FAM_L.Blight 1629.JPG","79.0"
"FAM_L.Blight 1630.JPG","79.0"
"FAM_L.Blight 1631.JPG","79.0"
"FAM_L.Blight 1632.JPG","80.0"
"FAM_L.Blight 1633.JPG","80.0"
"FAM_L.Blight 1634.JPG","80.0"
"FAM_L.Blight 1635.JPG","80.0"
"FAM_L.Blight 1636.JPG","81.0"
"FAM_L.Blight 1637.JPG","81.0"
"FAM_L.Blight 1638.JPG","81.0"
"FAM_L.Blight 1639.JPG","81.0"
"FAM_L.Blight 1640.JPG","82.0"
"FAM_L.Blight 1641.JPG","82.0"
"FAM_L.Blight 1642.JPG","82.0"
"FAM_L.Blight 1643.JPG","82.0"
"FAM_L.Blight 1644.JPG","83.0"
"FAM_L.Blight 1645.JPG","83.0"
"FAM_L.Blight 1646.JPG","83.0"
"FAM_L.Blight 1647.JPG","83.0"
"FAM_L.Blight 1648.JPG","84.0"
"FAM_L.Blight 1649.JPG","84.0"
"FAM_L.Blight 1650.JPG","84.0"
"FAM_L.Blight 1651.JPG","84.0"
"FAM_L.Blight 1652.JPG","85.0"
"FAM_L.Blight 1653.JPG","85.0"
"FAM_L.Blight 1654.JPG","85.0"
"FAM_L.Blight 1655.JPG","85.0"
"FAM_L.Blight 1656.JPG","86.0"
"FAM_L.Blight 1657.JPG","86.0"
"FAM_L.Blight 1658.JPG","86.0"
"FAM_L.Blight 1659.JPG","86.0"
"FAM_L.Blight 1660.JPG","87.0"
"FAM_L.Blight 1661.JPG","87.0"
"FAM_L.Blight 1662.JPG","87.0"
"FAM_L.Blight 1663.JPG","87.0"
"FAM_L.Blight 1664.JPG","88.0"
"FAM_L.Blight 1665.JPG","88.0"
"FAM_L.Blight 1666.JPG","88.0"
"FAM_L.Blight 1667.JPG","88.0"
"FAM_L.Blight 1668.JPG","89.0"
"FAM_L.Blight 1669.JPG","89.0"
"FAM_L.Blight 1670.JPG","89.0"
"FAM_L.Blight 1671.JPG","89.0"
"FAM_L.Blight 1672.JPG","90.0"
"FAM_L.Blight 1673.JPG","90.0"
"FAM_L.Blight 1674.JPG","90.0"
"FAM_L.Blight 1675.JPG","90.0"
"FAM_L.Blight 1676.JPG","91.0"
"FAM_L.Blight 1677.JPG","91.0"
"FAM_L.Blight 1678.JPG","91.0"
"FAM_L.Blight 1679.JPG","91.0"
"FAM_L.Blight 1680.JPG","92.0"
"FAM_L.Blight 1681.JPG","92.0"
"FAM_L.Blight 1682.JPG","92.0"
"FAM_L.Blight 1683.JPG","92.0"
"FAM_L.Blight 1684.JPG","93.0"
"FAM_L.Blight 1685.JPG","93.0"
"FAM_L.Blight 1686.JPG","93.0"
"FAM_L.Blight 1687.JPG","93.0"
"FAM_L.Blight 1688.JPG","94.0"
"FAM_L.Blight 1689.JPG","94.0"
"FAM_L.Blight 1690.JPG","94.0"
"FAM_L.Blight 1691.JPG","94.0"
"FAM_L.Blight 1692.JPG","95.0"
"FAM_L.Blight 1693.JPG","95.0"
"FAM_L.Blight 1694.JPG","95.0"
"FAM_L.Blight 1695.JPG","95.0"
"FAM_L.Blight 1696.JPG","96.0"
"FAM_L.Blight 1697.JPG","96.0"
"FAM_L.Blight 1698.JPG","96.0"
"FAM_L.Blight 1699.JPG","96.0"
"FAM_L.Blight 1700.JPG","97.0"
"FAM_L.Blight 1701.JPG","97.0"
"FAM_L.Blight 1702.JPG","97.0"
"FAM_L.Blight 1703.JPG","97.0"
"FAM_L.Blight 1704.JPG","98.0"
"FAM_L.Blight 1705.JPG","98.0"
"FAM_L.Blight 1706.JPG","98.0"
"FAM_L.Blight 1707.JPG","98.0"
"FAM_L.Blight 1708.JPG","99.0"
"FAM_L.Blight 1709.JPG","99.0"
"FAM_L.Blight 1710.JPG","99.0"
"FAM_L.Blight 1711.JPG","99.0"
"FAM_L.Blight 1712.JPG","100.0"
"FAM_L.Blight 1713.JPG","100.0"
"FAM_L.Blight 1714.JPG","100.0"
"FAM_L.Blight 1715.JPG","100.0"
"FAM_L.Blight 1716.JPG","101.0"
"FAM_L.Blight 1717.JPG","101.0"
"FAM_L.Blight 1718.JPG","101.0"
"FAM_L.Blight 1719.JPG","101.0"
"FAM_L.Blight 1720.JPG","102.0"
"FAM_L.Blight 1721.JPG","102.0"
"FAM_L.Blight 1722.JPG","102.0"
"FAM_L.Blight 1723.JPG","102.0"
"FAM_L.Blight 1724.JPG","103.0"
"FAM_L.Blight 1725.JPG","103.0"
"FAM_L.Blight 1726.JPG","103.0"
"FAM_L.Blight 1727.JPG","103.0"
"FAM_L.Blight 1728.JPG","104.0"
"FAM_L.Blight 1729.JPG","104.0"
"FAM_L.Blight 1730.JPG","104.0"
"FAM_L.Blight 1731.JPG","104.0"
"FAM_L.Blight 3631.JPG","105.0"
"FAM_L.Blight 3632.JPG","105.0"
"FAM_L.Blight 3633.JPG","105.0"
"FAM_L.Blight 3634.JPG","105.0"
"FAM_L.Blight 3635.JPG","106.0"
"FAM_L.Blight 3636.JPG","106.0"
"FAM_L.Blight 3637.JPG","106.0"
"FAM_L.Blight 3638.JPG","106.0"
"FAM_L.Blight 3639.JPG","107.0"
"FAM_L.Blight 3640.JPG","107.0"
"FAM_L.Blight 3641.JPG","107.0"
"FAM_L.Blight 3642.JPG","107.0"
"FAM_L.Blight 3643.JPG","108.0"
"FAM_L.Blight 3644.JPG","108.0"
"FAM_L.Blight 3645.JPG","108.0"
"FAM_L.Blight 3646.JPG","108.0"
"FAM_L.Blight 3647.JPG","109.0"
"FAM_L.Blight 3648.JPG","109.0"
"FAM_L.Blight 3649.JPG","109.0"
"FAM_L.Blight 3650.JPG","109.0"
"FAM_L.Blight 3651.JPG","110.0"
"FAM_L.Blight 3652.JPG","110.0"
"FAM_L.Blight 3653.JPG","110.0"
"FAM_L.Blight 3654.JPG","110.0"
"FAM_L.Blight 3655.JPG","111.0"
"FAM_L.Blight 3656.JPG","111.0"
"FAM_L.Blight 3657.JPG","111.0"
"FAM_L.Blight 3658.JPG","111.0"
"FAM_L.Blight 3659.JPG","112.0"
"FAM_L.Blight 3660.JPG","112.0"
"FAM_L.Blight 3661.JPG","112.0"
"FAM_L.Blight 3665.JPG","112.0"
"FAM_L.Blight 3666.JPG","113.0"
"FAM_L.Blight 3667.JPG","113.0"
"FAM_L.Blight 3668.JPG","113.0"
"FAM_L.Blight 3669.JPG","113.0"
"FAM_L.Blight 3670.JPG","114.0"
"FAM_L.Blight 3671.JPG","114.0"
"FAM_L.Blight 3672.JPG","114.0"
"FAM_L.Blight 3674.JPG","114.0"
"FAM_L.Blight 3675.JPG","115.0"
"FAM_L.Blight 3676.JPG","115.0"
"FAM_L.Blight 3677.JPG","115.0"
"FAM_L.Blight 3678.JPG","115.0"
"FAM_L.Blight 3679.JPG","116.0"
"FAM_L.Blight 3680.JPG","116.0"
"FAM_L.Blight 3681.JPG","116.0"
"FAM_L.Blight 3682.JPG","116.0"
"FAM_L.Blight 3683.JPG","117.0"
"FAM_L.Blight 3684.JPG","117.0"
"FAM_L.Blight 3685.JPG","117.0"
"FAM_L.Blight 3686.JPG","117.0"
"FAM_L.Blight 3687.JPG","118.0"
"FAM_L.Blight 3688.JPG","118.0"
"FAM_L.Blight 3689.JPG","118.0"
"FAM_L.Blight 3690.JPG","118.0"
"FAM_L.Blight 3691.JPG","119.0"
"FAM_L.Blight 3692.JPG","119.0"
"FAM_L.Blight 3693.JPG","119.0"
"FAM_L.Blight 3694.JPG","119.0"
"FAM_L.Blight 3695.JPG","120.0"
"FAM_L.Blight 3696.JPG","120.0"
"FAM_L.Blight 3697.JPG","120.0"
"FAM_L.Blight 3698.JPG","120.0"
"FAM_L.Blight 3699.JPG","121.0"
"FAM_L.Blight 3700.JPG","121.0"
"FAM_L.Blight 3701.JPG","121.0"
"FAM_L.Blight 3702.JPG","121.0"
"FAM_L.Blight 3703.JPG","122.0"
"FAM_L.Blight 3704.JPG","122.0"
"FAM_L.Blight 3705.JPG","122.0"
"FAM_L.Blight 3706.JPG","122.0"
"FAM_L.Blight 3707.JPG","123.0"
"FAM_L.Blight 3708.JPG","123.0"
"FAM_L.Blight 3709.JPG","123.0"
"FAM_L.Blight 3710.JPG","123.0"
"FAM_L.Blight 3711.JPG","124.0"
"FAM_L.Blight 3712.JPG","124.0"
"FAM_L.Blight 3713.JPG","124.0"
"FAM_L.Blight 3714.JPG","124.0"
"FAM_L.Blight 3715.JPG","125.0"
"FAM_L.Blight 3716.JPG","125.0"
"FAM_L.Blight 3717.JPG","125.0"
"FAM_L.Blight 3718.JPG","125.0"
"FAM_L.Blight 3719.JPG","126.0"
"FAM_L.Blight 3720.JPG","126.0"
"FAM_L.Blight 3721.JPG","126.0"
"FAM_L.Blight 3722.JPG","126.0"
"FAM_L.Blight 3723.JPG","127.0"
"FAM_L.Blight 3724.JPG","127.0"
"FAM_L.Blight 3725.JPG","127.0"
"FAM_L.Blight 3726.JPG","127.0"
"FAM_L.Blight 3727.JPG","128.0"
"FAM_L.Blight 3728.JPG","128.0"
"FAM_L.Blight 3729.JPG","128.0"
"FAM_L.Blight 3730.JPG","128.0"
"FAM_L.Blight 3731.JPG","129.0"
"FAM_L.Blight 3732.JPG","129.0"
"FAM_L.Blight 3733.JPG","129.0"
"FAM_L.Blight 3734.JPG","129.0"
"FAM_L.Blight 3735.JPG","130.0"
"FAM_L.Blight 3736.JPG","130.0"
"FAM_L.Blight 3737.JPG","130.0"
"FAM_L.Blight 3738.JPG","130.0"
"FAM_L.Blight 3739.JPG","131.0"
"FAM_L.Blight 3740.JPG","131.0"
"FAM_L.Blight 3741.JPG","131.0"
"FAM_L.Blight 3742.JPG","131.0"
"FAM_L.Blight 3743.JPG","132.0"
"FAM_L.Blight 3744.JPG","132.0"
"FAM_L.Blight 3745.JPG","132.0"
"FAM_L.Blight 3746.JPG","132.0"
"FAM_L.Blight 3747.JPG","133.0"
"FAM_L.Blight 3748.JPG","133.0"
"FAM_L.Blight 3749.JPG","133.0"
"FAM_L.Blight 3750.JPG","133.0"
"FAM_L.Blight 3751.JPG","134.0"
"FAM_L.Blight 3752.JPG","134.0"
"FAM_L.Blight 3753.JPG","134.0"
"FAM_L.Blight 3754.JPG","134.0"
"FAM_L.Blight 3755.JPG","135.0"
"FAM_L.Blight 3756.JPG","135.0"
"FAM_L.Blight 3757.JPG","135.0"
"FAM_L.Blight 3758.JPG","135.0"
"FAM_L.Blight 3759.JPG","136.0"
"FAM_L.Blight 3760.JPG","136.0"
"FAM_L.Blight 3761.JPG","136.0"
"FAM_L.Blight 3762.JPG","136.0"
"FAM_L.Blight 3763.JPG","137.0"
"FAM_L.Blight 3764.JPG","137.0"
"FAM_L.Blight 3765.JPG","137.0"
"FAM_L.Blight 3766.JPG","137.0"
"FAM_L.Blight 3767.JPG","138.0"
"FAM_L.Blight 3768.JPG","138.0"
"FAM_L.Blight 3769.JPG","138.0"
"FAM_L.Blight 3770.JPG","138.0"
"FAM_L.Blight 3771.JPG","139.0"
"FAM_L.Blight 3772.JPG","139.0"
"FAM_L.Blight 3773.JPG","139.0"
"FAM_L.Blight 3774.JPG","139.0"
"FAM_L.Blight 3775.JPG","140.0"
"FAM_L.Blight 3776.JPG","140.0"
"FAM_L.Blight 3777.JPG","140.0"
"FAM_L.Blight 3778.JPG","140.0"
"FAM_L.Blight 3779.JPG","141.0"
"FAM_L.Blight 3780.JPG","141.0"
"FAM_L.Blight 3781.JPG","141.0"
"FAM_L.Blight 3782.JPG","141.0"
"FAM_L.Blight 3783.JPG","142.0"
"FAM_L.Blight 3784.JPG","142.0"
"FAM_L.Blight 3785.JPG","142.0"
"FAM_L.Blight 3786.JPG","142.0"
"FAM_L.Blight 3787.JPG","143.0"
"FAM_L.Blight 3788.JPG","143.0"
"FAM_L.Blight 3789.JPG","143.0"
"FAM_L.Blight 3791.JPG","143.0"
"FAM_L.Blight 4498.JPG","144.0"
"FAM_L.Blight 4499.JPG","144.0"
"FAM_L.Blight 4500.JPG","144.0"
"FAM_L.Blight 4501.JPG","144.0"
"FAM_L.Blight 4502.JPG","145.0"
"FAM_L.Blight 4503.JPG","145.0"
"FAM_L.Blight 4504.JPG","145.0"
"FAM_L.Blight 4505.JPG","145.0"
"FAM_L.Blight 4506.JPG","146.0"
"FAM_L.Blight 4507.JPG","146.0"
"FAM_L.Blight 4508.JPG","146.0"
"FAM_L.Blight 4509.JPG","146.0"
"FAM_L.Blight 4510.JPG","147.0"
"FAM_L.Blight 4511.JPG","147.0"
"FAM_L.Blight 4512.JPG","147.0"
"FAM_L.Blight 4513.JPG","147.0"
"FAM_L.Blight 4514.JPG","148.0"
"FAM_L.Blight 4515.JPG","148.0"
"FAM_L.Blight 4516.JPG","148.0"
"FAM_L.Blight 4517.JPG","148.0"
"FAM_L.Blight 4518.JPG","149.0"
"FAM_L.Blight 4519.JPG","149.0"
"FAM_L.Blight 4520.JPG","149.0"
"FAM_L.Blight 4521.JPG","149.0"
"FAM_L.Blight 4522.JPG","150.0"
"FAM_L.Blight 4523.JPG","150.0"
"FAM_L.Blight 4524.JPG","150.0"
"FAM_L.Blight 4525.JPG","150.0"
"FAM_L.Blight 4526.JPG","151.0"
"FAM_L.Blight 4527.JPG","151.0"
"FAM_L.Blight 4528.JPG","151.0"
"FAM_L.Blight 4529.JPG","151.0"
"FAM_L.Blight 4530.JPG","152.0"
"FAM_L.Blight 4531.JPG","152.0"
"FAM_L.Blight 4532.JPG","152.0"
"FAM_L.Blight 4533.JPG","152.0"
"FAM_L.Blight 4534.JPG","153.0"
"FAM_L.Blight 4535.JPG","153.0"
"FAM_L.Blight 4536.JPG","153.0"
"FAM_L.Blight 4537.JPG","153.0"
"FAM_L.Blight 4538.JPG","154.0"
"FAM_L.Blight 4539.JPG","154.0"
"FAM_L.Blight 4540.JPG","154.0"
"FAM_L.Blight 4541.JPG","154.0"
"FAM_L.Blight 4542.JPG","155.0"
"FAM_L.Blight 4543.JPG","155.0"
"FAM_L.Blight 4544.JPG","155.0"
"FAM_L.Blight 4545.JPG","155.0"
"FAM_L.Blight 4546.JPG","156.0"
"FAM_L.Blight 4547.JPG","156.0"
"FAM_L.Blight 4548.JPG","156.0"
"FAM_L.Blight 4549.JPG","156.0"
"FAM_L.Blight 4550.JPG","157.0"
"FAM_L.Blight 4551.JPG","157.0"
"FAM_L.Blight 4552.JPG","157.0"
"FAM_L.Blight 4553.JPG","157.0"
"FAM_L.Blight 4554.JPG","158.0"
"FAM_L.Blight 4555.JPG","158.0"
"FAM_L.Blight 4556.JPG","158.0"
"FAM_L.Blight 4557.JPG","158.0"
"FAM_L.Blight 4558.JPG","159.0"
"FAM_L.Blight 4559.JPG","159.0"
"FAM_L.Blight 4560.JPG","159.0"
"FAM_L.Blight 4561.JPG","159.0"
"FAM_L.Blight 4562.JPG","160.0"
"FAM_L.Blight 4563.JPG","160.0"
"FAM_L.Blight 4564.JPG","160.0"
"FAM_L.Blight 4565.JPG","160.0"
"FAM_L.Blight 4566.JPG","161.0"
"FAM_L.Blight 4567.JPG","161.0"
"FAM_L.Blight 4568.JPG","161.0"
"FAM_L.Blight 4569.JPG","161.0"
"FAM_L.Blight 4570.JPG","162.0"
"FAM_L.Blight 4571.JPG","162.0"
"FAM_L.Blight 4572.JPG","162.0"
"FAM_L.Blight 4573.JPG","162.0"
"FAM_L.Blight 4574.JPG","163.0"
"FAM_L.Blight 4575.JPG","163.0"
"FAM_L.Blight 4576.JPG","163.0"
"FAM_L.Blight 4577.JPG","163.0"
"FAM_L.Blight 4578.JPG","164.0"
"FAM_L.Blight 4579.JPG","164.0"
"FAM_L.Blight 4580.JPG","164.0"
"FAM_L.Blight 4581.JPG","164.0"
"FAM_L.Blight 4582.JPG","165.0"
"FAM_L.Blight 4583.JPG","165.0"
"FAM_L.Blight 4584.JPG","165.0"
"FAM_L.Blight 4585.JPG","165.0"
"FAM_L.Blight 4586.JPG","166.0"
"FAM_L.Blight 4587.JPG","166.0"
"FAM_L.Blight 4588.JPG","166.0"
"FAM_L.Blight 4589.JPG","166.0"
"FAM_L.Blight 4590.JPG","167.0"
"FAM_L.Blight 4591.JPG","167.0"
"FAM_L.Blight 4592.JPG","167.0"
"FAM_L.Blight 4593.JPG","167.0"
"FAM_L.Blight 4594.JPG","168.0"
"FAM_L.Blight 4595.JPG","168.0"
"FAM_L.Blight 4596.JPG","168.0"
"FAM_L.Blight 4597.JPG","168.0"
"FAM_L.Blight 4598.JPG","169.0"
"FAM_L.Blight 4599.JPG","169.0"
"FAM_L.Blight 4600.JPG","169.0"
"FAM_L.Blight 4601.JPG","169.0"
"FAM_L.Blight 4602.JPG","170.0"
"FAM_L.Blight 4603.JPG","170.0"
"FAM_L.Blight 4604.JPG","170.0"
"FAM_L.Blight 4605.JPG","170.0"
"FAM_L.Blight 4606.JPG","171.0"
"FAM_L.Blight 4607.JPG","171.0"
"FAM_L.Blight 4608.JPG","171.0"
"FAM_L.Blight 4609.JPG","171.0"
"FAM_L.Blight 4610.JPG","172.0"
"FAM_L.Blight 4611.JPG","172.0"
"FAM_L.Blight 4612.JPG","172.0"
"FAM_L.Blight 4613.JPG","172.0"
"FAM_L.Blight 4614.JPG","173.0"
"FAM_L.Blight 4615.JPG","173.0"
"FAM_L.Blight 4616.JPG","173.0"
"FAM_L.Blight 4617.JPG","173.0"
"FAM_L.Blight 4618.JPG","174.0"
"FAM_L.Blight 4619.JPG","174.0"
"FAM_L.Blight 4620.JPG","174.0"
"FAM_L.Blight 4621.JPG","174.0"
"FAM_L.Blight 4622.JPG","175.0"
"FAM_L.Blight 4623.JPG","175.0"
"FAM_L.Blight 4624.JPG","175.0"
"FAM_L.Blight 4625.JPG","175.0"
"FAM_L.Blight 4626.JPG","176.0"
"FAM_L.Blight 4627.JPG","176.0"
"FAM_L.Blight 4628.JPG","176.0"
"FAM_L.Blight 4629.JPG","176.0"
"FAM_L.Blight 4630.JPG","177.0"
"FAM_L.Blight 4631.JPG","177.0"
"FAM_L.Blight 4632.JPG","177.0"
"FAM_L.Blight 4633.JPG","177.0"
"FAM_L.Blight 4634.JPG","178.0"
"FAM_L.Blight 4635.JPG","178.0"
"FAM_L.Blight 4636.JPG","178.0"
"FAM_L.Blight 4637.JPG","178.0"
"FAM_L.Blight 4638.JPG","179.0"
"FAM_L.Blight 4639.JPG","179.0"
"FAM_L.Blight 4640.JPG","179.0"
"FAM_L.Blight 4641.JPG","179.0"
"FAM_L.Blight 4642.JPG","180.0"
"FAM_L.Blight 4643.JPG","180.0"
"FAM_L.Blight 4644.JPG","180.0"
"FAM_L.Blight 4645.JPG","180.0"
"FAM_L.Blight 4646.JPG","181.0"
"FAM_L.Blight 4647.JPG","181.0"
"FAM_L.Blight 4648.JPG","181.0"
"FAM_L.Blight 4649.JPG","181.0"
"FAM_L.Blight 4650.JPG","182.0"
"FAM_L.Blight 4651.JPG","182.0"
"FAM_L.Blight 4652.JPG","182.0"
"FAM_L.Blight 4653.JPG","182.0"
"FAM_L.Blight 4654.JPG","183.0"
"FAM_L.Blight 4655.JPG","183.0"
"FAM_L.Blight 4656.JPG","183.0"
"FAM_L.Blight 4657.JPG","183.0"
"FAM_L.Blight 4658.JPG","184.0"
"FAM_L.Blight 4659.JPG","184.0"
"FAM_L.Blight 4660.JPG","184.0"
"FAM_L.Blight 4661.JPG","184.0"
"FAM_L.Blight 4662.JPG","185.0"
"FAM_L.Blight 4663.JPG","185.0"
"FAM_L.Blight 4664.JPG","185.0"
"FAM_L.Blight 4665.JPG","185.0"
"FAM_L.Blight 4666.JPG","186.0"
"FAM_L.Blight 4667.JPG","186.0"
"FAM_L.Blight 4668.JPG","186.0"
"FAM_L.Blight 4669.JPG","186.0"
"FAM_L.Blight 4670.JPG","187.0"
"FAM_L.Blight 4671.JPG","187.0"
"FAM_L.Blight 4672.JPG","187.0"
"FAM_L.Blight 4673.JPG","187.0"
"FAM_L.Blight 4674.JPG","188.0"
"FAM_L.Blight 4675.JPG","188.0"
"FAM_L.Blight 4676.JPG","188.0"
"FAM_L.Blight 4677.JPG","188.0"
"FAM_L.Blight 4678.JPG","189.0"
"FAM_L.Blight 4679.JPG","189.0"
"FAM_L.Blight 4680.JPG","189.0"
"FAM_L.Blight 4681.JPG","189.0"
"FAM_L.Blight 4682.JPG","190.0"
"FAM_L.Blight 4683.JPG","190.0"
"FAM_L.Blight 4684.JPG","190.0"
"FAM_L.Blight 4685.JPG","190.0"
"FAM_L.Blight 4686.JPG","191.0"
"FAM_L.Blight 4687.JPG","191.0"
"FAM_L.Blight 4688.JPG","191.0"
"FAM_L.Blight 4689.JPG","191.0"
"FAM_L.Blight 4690.JPG","192.0"
"FAM_L.Blight 4691.JPG","192.0"
"FAM_L.Blight 4692.JPG","192.0"
"FAM_L.Blight 4693.JPG","192.0"
"FAM_L.Blight 4694.JPG","193.0"
"FAM_L.Blight 4695.JPG","193.0"
"FAM_L.Blight 4696.JPG","193.0"
"FAM_L.Blight 4697.JPG","193.0"
"FAM_L.Blight 4698.JPG","194.0"
"FAM_L.Blight 4699.JPG","194.0"
"FAM_L.Blight 4700.JPG","194.0"
"FAM_L.Blight 4701.JPG","194.0"
"FAM_L.Blight 4702.JPG","195.0"
"FAM_L.Blight 4703.JPG","195.0"
"FAM_L.Blight 4704.JPG","195.0"
"FAM_L.Blight 4705.JPG","195.0"
"FAM_L.Blight 4706.JPG","196.0"
"FAM_L.Blight 4707.JPG","196.0"
"FAM_L.Blight 4708.JPG","196.0"
"FAM_L.Blight 4709.JPG","196.0"
"FAM_L.Blight 4710.JPG","197.0"
"FAM_L.Blight 4711.JPG","197.0"
"FAM_L.Blight 4712.JPG","197.0"
"FAM_L.Blight 4713.JPG","197.0"
"FAM_L.Blight 4714.JPG","198.0"
"FAM_L.Blight 4715.JPG","198.0"
"FAM_L.Blight 4716.JPG","198.0"
"FAM_L.Blight 4717.JPG","198.0"
"FAM_L.Blight 4718.JPG","199.0"
"FAM_L.Blight 4719.JPG","199.0"
"FAM_L.Blight 4720.JPG","199.0"
"FAM_L.Blight 4721.JPG","199.0"
"FAM_L.Blight 4722.JPG","200.0"
"FAM_L.Blight 4723.JPG","200.0"
"FAM_L.Blight 4724.JPG","200.0"
"FAM_L.Blight 4725.JPG","200.0"
"FAM_L.Blight 4726.JPG","201.0"
"FAM_L.Blight 4727.JPG","201.0"
"FAM_L.Blight 4728.JPG","201.0"
"FAM_L.Blight 4729.JPG","201.0"
"FAM_L.Blight 4730.JPG","202.0"
"FAM_L.Blight 4731.JPG","202.0"
"FAM_L.Blight 4732.JPG","202.0"
"FAM_L.Blight 4733.JPG","202.0"
"FAM_L.Blight 4734.JPG","203.0"
"FAM_L.Blight 4735.JPG","203.0"
"FAM_L.Blight 4736.JPG","203.0"
"FAM_L.Blight 4737.JPG","203.0"
"FAM_L.Blight 4738.JPG","204.0"
"FAM_L.Blight 4739.JPG","204.0"
"FAM_L.Blight 4740.JPG","204.0"
"FAM_L.Blight 4741.JPG","204.0"
"FAM_L.Blight 4742.JPG","205.0"
"FAM_L.Blight 4743.JPG","205.0"
"FAM_L.Blight 4744.JPG","205.0"
"FAM_L.Blight 4745.JPG","205.0"
"FAM_L.Blight 4746.JPG","206.0"
"FAM_L.Blight 4747.JPG","206.0"
"FAM_L.Blight 4748.JPG","206.0"
"FAM_L.Blight 4749.JPG","206.0"
"FAM_L.Blight 4750.JPG","207.0"
"FAM_L.Blight 4751.JPG","207.0"
"FAM_L.Blight 4752.JPG","207.0"
"FAM_L.Blight 4753.JPG","207.0"
"FAM_L.Blight 4754.JPG","208.0"
"FAM_L.Blight 4755.JPG","208.0"
"FAM_L.Blight 4756.JPG","208.0"
"FAM_L.Blight 4757.JPG","208.0"
"FAM_L.Blight 4758.JPG","209.0"
"FAM_L.Blight 4759.JPG","209.0"
"FAM_L.Blight 4760.JPG","209.0"
"FAM_L.Blight 4761.JPG","209.0"
"FAM_L.Blight 4762.JPG","210.0"
"FAM_L.Blight 4763.JPG","210.0"
"FAM_L.Blight 4764.JPG","210.0"
"FAM_L.Blight 4765.JPG","210.0"
"FAM_L.Blight 4766.JPG","211.0"
"FAM_L.Blight 4767.JPG","211.0"
"FAM_L.Blight 4768.JPG","211.0"
"FAM_L.Blight 4769.JPG","211.0"
"FAM_L.Blight 4770.JPG","212.0"
"FAM_L.Blight 4771.JPG","212.0"
"FAM_L.Blight 4772.JPG","212.0"
"FAM_L.Blight 4773.JPG","212.0"
"FAM_L.Blight 4774.JPG","213.0"
"FAM_L.Blight 4775.JPG","213.0"
"FAM_L.Blight 4776.JPG","213.0"
"FAM_L.Blight 4777.JPG","213.0"
"FAM_L.Blight 4778.JPG","214.0"
"FAM_L.Blight 4779.JPG","214.0"
"FAM_L.Blight 4780.JPG","214.0"
"FAM_L.Blight 4781.JPG","214.0"
"FAM_L.Blight 4782.JPG","215.0"
"FAM_L.Blight 4783.JPG","215.0"
"FAM_L.Blight 4784.JPG","215.0"
"FAM_L.Blight 4785.JPG","215.0"
"FAM_L.Blight 4786.JPG","216.0"
"FAM_L.Blight 4787.JPG","216.0"
"FAM_L.Blight 4788.JPG","216.0"
"FAM_L.Blight 4789.JPG","216.0"
"FAM_L.Blight 4790.JPG","217.0"
"FAM_L.Blight 4791.JPG","217.0"
"FAM_L.Blight 4792.JPG","217.0"
"FAM_L.Blight 4793.JPG","217.0"
"FAM_L.Blight 4794.JPG","218.0"
"FAM_L.Blight 4795.JPG","218.0"
"FAM_L.Blight 4796.JPG","218.0"
"FAM_L.Blight 4797.JPG","218.0"
"FAM_L.Blight 4798.JPG","219.0"
"FAM_L.Blight 4799.JPG","219.0"
"FAM_L.Blight 4800.JPG","219.0"
"FAM_L.Blight 4801.JPG","219.0"
"FAM_L.Blight 4802.JPG","220.0"
"FAM_L.Blight 4803.JPG","220.0"
"FAM_L.Blight 4804.JPG","220.0"
"FAM_L.Blight 4805.JPG","220.0"
"FAM_L.Blight 4806.JPG","221.0"
"FAM_L.Blight 4807.JPG","221.0"
"FAM_L.Blight 4808.JPG","221.0"
"FAM_L.Blight 4809.JPG","221.0"
"FAM_L.Blight 4810.JPG","222.0"
"FAM_L.Blight 4811.JPG","222.0"
"FAM_L.Blight 4812.JPG","222.0"
"FAM_L.Blight 4813.JPG","222.0"
"FAM_L.Blight 4815.JPG","223.0"
"FAM_L.Blight 4816.JPG","223.0"
"FAM_L.Blight 4817.JPG","223.0"
"FAM_L.Blight 4818.JPG","223.0"
"FAM_L.Blight 4819.JPG","224.0"
"FAM_L.Blight 4820.JPG","224.0"
"FAM_L.Blight 4821.JPG","224.0"
"FAM_L.Blight 4822.JPG","224.0"
"FAM_L.Blight 4823.JPG","225.0"
"FAM_L.Blight 4824.JPG","225.0"
"FAM_L.Blight 4825.JPG","225.0"
"FAM_L.Blight 4826.JPG","225.0"
"FAM_L.Blight 4827.JPG","226.0"
"FAM_L.Blight 4828.JPG","226.0"
"FAM_L.Blight 4829.JPG","226.0"
"FAM_L.Blight 4830.JPG","226.0"
"FAM_L.Blight 4831.JPG","227.0"
"FAM_L.Blight 4832.JPG","227.0"
"FAM_L.Blight 4833.JPG","227.0"
"FAM_L.Blight 4834.JPG","227.0"
"FAM_L.Blight 4835.JPG","228.0"
"FAM_L.Blight 4836.JPG","228.0"
"FAM_L.Blight 4837.JPG","228.0"
"FAM_L.Blight 4838.JPG","228.0"
"FAM_L.Blight 4839.JPG","229.0"
"FAM_L.Blight 4841.JPG","229.0"
"FAM_L.Blight 4842.JPG","229.0"
"FAM_L.Blight 4843.JPG","229.0"
"FAM_L.Blight 4844.JPG","230.0"
"FAM_L.Blight 4845.JPG","230.0"
"FAM_L.Blight 4846.JPG","230.0"
"FAM_L.Blight 4847.JPG","230.0"
"FAM_L.Blight 4848.JPG","231.0"
"FAM_L.Blight 4849.JPG","231.0"
"FAM_L.Blight 4850.JPG","231.0"
"FAM_L.Blight 4851.JPG","231.0"
"FAM_L.Blight 4852.JPG","232.0"
"FAM_L.Blight 4853.JPG","232.0"
"FAM_L.Blight 4854.JPG","232.0"
"FAM_L.Blight 4855.JPG","232.0"
"FAM_L.Blight 4857.JPG","233.0"
"FAM_L.Blight 4859.JPG","233.0"
"FAM_L.Blight 4860.JPG","233.0"
"FAM_L.Blight 4861.JPG","233.0"
"FAM_L.Blight 4862.JPG","234.0"
"FAM_L.Blight 4863.JPG","234.0"
"FAM_L.Blight 4864.JPG","234.0"
"FAM_L.Blight 4865.JPG","234.0"
"FAM_L.Blight 4866.JPG","235.0"
"FAM_L.Blight 4867.JPG","235.0"
"FAM_L.Blight 4868.JPG","235.0"
"FAM_L.Blight 4869.JPG","235.0"
"FAM_L.Blight 4870.JPG","236.0"
"FAM_L.Blight 4871.JPG","236.0"
"FAM_L.Blight 4872.JPG","236.0"
"FAM_L.Blight 4873.JPG","236.0"
"FAM_L.Blight 4874.JPG","237.0"
"FAM_L.Blight 4875.JPG","237.0"
"FAM_L.Blight 4876.JPG","237.0"
"FAM_L.Blight 4877.JPG","237.0"
"FAM_L.Blight 4879.JPG","238.0"
"FAM_L.Blight 4880.JPG","238.0"
"FAM_L.Blight 4882.JPG","238.0"
"FAM_L.Blight 4883.JPG","238.0"
"FAM_L.Blight 4884.JPG","239.0"
"FAM_L.Blight 4885.JPG","239.0"
"FAM_L.Blight 4886.JPG","239.0"
"FAM_L.Blight 4887.JPG","239.0"
"FAM_L.Blight 4888.JPG","240.0"
"FAM_L.Blight 4889.JPG","240.0"
"FAM_L.Blight 4890.JPG","240.0"
"FAM_L.Blight 4891.JPG","240.0"
"FAM_L.Blight 4892.JPG","241.0"
"FAM_L.Blight 4893.JPG","241.0"
"FAM_L.Blight 4894.JPG","241.0"
"FAM_L.Blight 4895.JPG","241.0"
"FAM_L.Blight 4896.JPG","242.0"
"FAM_L.Blight 4897.JPG","242.0"
"FAM_L.Blight 4898.JPG","242.0"
"FAM_L.Blight 4899.JPG","242.0"
"FAM_L.Blight 4900.JPG","243.0"
"FAM_L.Blight 4901.JPG","243.0"
"FAM_L.Blight 4902.JPG","243.0"
"FAM_L.Blight 4903.JPG","243.0"
"FAM_L.Blight 4904.JPG","244.0"
"FAM_L.Blight 4905.JPG","244.0"
"FAM_L.Blight 4906.JPG","244.0"
"FAM_L.Blight 4907.JPG","244.0"
"FAM_L.Blight 4908.JPG","245.0"
"FAM_L.Blight 4909.JPG","245.0"
"FAM_L.Blight 4910.JPG","245.0"
"FAM_L.Blight 4911.JPG","245.0"
"FAM_L.Blight 4912.JPG","246.0"
"FAM_L.Blight 4913.JPG","246.0"
"FAM_L.Blight 4914.JPG","246.0"
"FAM_L.Blight 4915.JPG","246.0"
"FAM_L.Blight 4916.JPG","247.0"
"FAM_L.Blight 4917.JPG","247.0"
"FAM_L.Blight 4918.JPG","247.0"
"FAM_L.Blight 4919.JPG","247.0"
"FAM_L.Blight 4920.JPG","248.0"
"FAM_L.Blight 4921.JPG","248.0"
"FAM_L.Blight 4922.JPG","248.0"
"FAM_L.Blight 4923.JPG","248.0"
"FAM_L.Blight 4924.JPG","249.0"
"FAM_L.Blight 4925.JPG","249.0"
"FAM_L.Blight 4926.JPG","249.0"
"FAM_L.Blight 4927.JPG","249.0"
"FAM_L.Blight 4928.JPG","250.0"
"FAM_L.Blight 4929.JPG","250.0"
"FAM_L.Blight 4930.JPG","250.0"
"FAM_L.Blight 4931.JPG","250.0"
"FAM_L.Blight 4932.JPG","251.0"
"FAM_L.Blight 4933.JPG","251.0"
"FAM_L.Blight 4934.JPG","251.0"
"FAM_L.Blight 4935.JPG","251.0"
"FAM_L.Blight 4936.JPG","252.0"
"FAM_L.Blight 4937.JPG","252.0"
"FAM_L.Blight 4938.JPG","252.0"
"FAM_L.Blight 4939.JPG","252.0"
"FAM_L.Blight 4940.JPG","253.0"
"FAM_L.Blight 4941.JPG","253.0"
"FAM_L.Blight 4942.JPG","253.0"
"FAM_L.Blight 4943.JPG","253.0"
"FAM_L.Blight 4944.JPG","254.0"
"FAM_L.Blight 4945.JPG","254.0"
"FAM_L.Blight 4946.JPG","254.0"
"FAM_L.Blight 4947.JPG","254.0"
"FAM_L.Blight 4948.JPG","255.0"
"FAM_L.Blight 4949.JPG","255.0"
"FAM_L.Blight 4950.JPG","255.0"
"FAM_L.Blight 4951.JPG","255.0"
"FAM_L.Blight 4952.JPG","256.0"
"FAM_L.Blight 4953.JPG","256.0"
"FAM_L.Blight 4954.JPG","256.0"
"FAM_L.Blight 4955.JPG","256.0"
"FAM_L.Blight 4956.JPG","257.0"
"FAM_L.Blight 4957.JPG","257.0"
"FAM_L.Blight 4958.JPG","257.0"
"FAM_L.Blight 4959.JPG","257.0"
"FAM_L.Blight 4960.JPG","258.0"
"FAM_L.Blight 4961.JPG","258.0"
"FAM_L.Blight 4962.JPG","258.0"
"FAM_L.Blight 4963.JPG","258.0"
"FAM_L.Blight 4964.JPG","259.0"
"FAM_L.Blight 4965.JPG","259.0"
"FAM_L.Blight 4966.JPG","259.0"
"FAM_L.Blight 4967.JPG","259.0"
"FAM_L.Blight 4968.JPG","260.0"
"FAM_L.Blight 4969.JPG","260.0"
"FAM_L.Blight 4970.JPG","260.0"
"FAM_L.Blight 4971.JPG","260.0"
"FAM_L.Blight 4972.JPG","261.0"
"FAM_L.Blight 4973.JPG","261.0"
"FAM_L.Blight 4974.JPG","261.0"
"FAM_L.Blight 4975.JPG","261.0"
"FAM_L.Blight 4976.JPG","262.0"
"FAM_L.Blight 4977.JPG","262.0"
"FAM_L.Blight 4978.JPG","262.0"
"FAM_L.Blight 4979.JPG","262.0"
"FAM_L.Blight 4980.JPG","263.0"
"FAM_L.Blight 4981.JPG","263.0"
"FAM_L.Blight 4982.JPG","263.0"
"FAM_L.Blight 4983.JPG","263.0"
"FAM_L.Blight 4984.JPG","264.0"
"FAM_L.Blight 4985.JPG","264.0"
"FAM_L.Blight 4986.JPG","264.0"
"FAM_L.Blight 4987.JPG","264.0"
"FAM_L.Blight 4988.JPG","265.0"
"FAM_L.Blight 4989.JPG","265.0"
"FAM_L.Blight 4990.JPG","265.0"
"FAM_L.Blight 4991.JPG","265.0"
"FAM_L.Blight 4992.JPG","266.0"
"FAM_L.Blight 4993.JPG","266.0"
"FAM_L.Blight 4994.JPG","266.0"
"FAM_L.Blight 4995.JPG","266.0"
"FAM_L.Blight 4996.JPG","267.0"
"FAM_L.Blight 4997.JPG","267.0"
"FAM_L.Blight 4998.JPG","267.0"
"FAM_L.Blight 4999.JPG","267.0"
"FAM_L.Blight 5000.JPG","268.0"
"FAM_L.Blight 5001.JPG","268.0"
"FAM_L.Blight 5002.JPG","268.0"
"FAM_L.Blight 5003.JPG","268.0"
"FAM_L.Blight 5004.JPG","269.0"
"FAM_L.Blight 5005.JPG","269.0"
"FAM_L.Blight 5006.JPG","269.0"
"FAM_L.Blight 5007.JPG","269.0"
