"File Name","Leaf #"
"FAM_B.Msls 0821.JPG","1.0"
"FAM_B.Msls 0822.JPG","1.0"
"FAM_B.Msls 0823.JPG","1.0"
"FAM_B.Msls 0824.JPG","1.0"
"FAM_B.Msls 0825.JPG","2.0"
"FAM_B.Msls 0826.JPG","2.0"
"FAM_B.Msls 0827.JPG","2.0"
"FAM_B.Msls 0828.JPG","2.0"
"FAM_B.Msls 0829.JPG","3.0"
"FAM_B.Msls 0830.JPG","3.0"
"FAM_B.Msls 0831.JPG","3.0"
"FAM_B.Msls 0832.JPG","3.0"
"FAM_B.Msls 0833.JPG","4.0"
"FAM_B.Msls 0834.JPG","4.0"
"FAM_B.Msls 0835.JPG","4.0"
"FAM_B.Msls 0836.JPG","4.0"
"FAM_B.Msls 0837.JPG","5.0"
"FAM_B.Msls 0838.JPG","5.0"
"FAM_B.Msls 0839.JPG","5.0"
"FAM_B.Msls 0840.JPG","5.0"
"FAM_B.Msls 0841.JPG","6.0"
"FAM_B.Msls 0842.JPG","6.0"
"FAM_B.Msls 0843.JPG","6.0"
"FAM_B.Msls 0844.JPG","6.0"
"FAM_B.Msls 0845.JPG","7.0"
"FAM_B.Msls 0846.JPG","7.0"
"FAM_B.Msls 0847.JPG","7.0"
"FAM_B.Msls 0848.JPG","7.0"
"FAM_B.Msls 0849.JPG","8.0"
"FAM_B.Msls 0850.JPG","8.0"
"FAM_B.Msls 0851.JPG","8.0"
"FAM_B.Msls 0852.JPG","8.0"
"FAM_B.Msls 0853.JPG","9.0"
"FAM_B.Msls 0854.JPG","9.0"
"FAM_B.Msls 0855.JPG","9.0"
"FAM_B.Msls 0856.JPG","9.0"
"FAM_B.Msls 0857.JPG","10.0"
"FAM_B.Msls 0858.JPG","10.0"
"FAM_B.Msls 0859.JPG","10.0"
"FAM_B.Msls 0860.JPG","10.0"
"FAM_B.Msls 0861.JPG","11.0"
"FAM_B.Msls 0862.JPG","11.0"
"FAM_B.Msls 0863.JPG","11.0"
"FAM_B.Msls 0864.JPG","11.0"
"FAM_B.Msls 0865.JPG","12.0"
"FAM_B.Msls 0866.JPG","12.0"
"FAM_B.Msls 0867.JPG","12.0"
"FAM_B.Msls 0868.JPG","12.0"
"FAM_B.Msls 0869.JPG","13.0"
"FAM_B.Msls 0870.JPG","13.0"
"FAM_B.Msls 0871.JPG","13.0"
"FAM_B.Msls 0872.JPG","13.0"
"FAM_B.Msls 0873.JPG","14.0"
"FAM_B.Msls 0874.JPG","14.0"
"FAM_B.Msls 0875.JPG","14.0"
"FAM_B.Msls 0876.JPG","14.0"
"FAM_B.Msls 0877.JPG","15.0"
"FAM_B.Msls 0878.JPG","15.0"
"FAM_B.Msls 0879.JPG","15.0"
"FAM_B.Msls 0880.JPG","15.0"
"FAM_B.Msls 0881.JPG","16.0"
"FAM_B.Msls 0882.JPG","16.0"
"FAM_B.Msls 0883.JPG","16.0"
"FAM_B.Msls 0884.JPG","16.0"
"FAM_B.Msls 0885.JPG","17.0"
"FAM_B.Msls 0886.JPG","17.0"
"FAM_B.Msls 0887.JPG","17.0"
"FAM_B.Msls 0888.JPG","17.0"
"FAM_B.Msls 0889.JPG","18.0"
"FAM_B.Msls 0890.JPG","18.0"
"FAM_B.Msls 0891.JPG","18.0"
"FAM_B.Msls 0892.JPG","18.0"
"FAM_B.Msls 0893.JPG","19.0"
"FAM_B.Msls 0894.JPG","19.0"
"FAM_B.Msls 0895.JPG","19.0"
"FAM_B.Msls 0896.JPG","19.0"
"FAM_B.Msls 0897.JPG","20.0"
"FAM_B.Msls 0898.JPG","20.0"
"FAM_B.Msls 0899.JPG","20.0"
"FAM_B.Msls 0900.JPG","20.0"
"FAM_B.Msls 0901.JPG","21.0"
"FAM_B.Msls 0902.JPG","21.0"
"FAM_B.Msls 0903.JPG","21.0"
"FAM_B.Msls 0904.JPG","21.0"
"FAM_B.Msls 0905.JPG","22.0"
"FAM_B.Msls 0906.JPG","22.0"
"FAM_B.Msls 0907.JPG","22.0"
"FAM_B.Msls 0908.JPG","22.0"
"FAM_B.Msls 0909.JPG","23.0"
"FAM_B.Msls 0910.JPG","23.0"
"FAM_B.Msls 0911.JPG","23.0"
"FAM_B.Msls 0912.JPG","23.0"
"FAM_B.Msls 0913.JPG","24.0"
"FAM_B.Msls 0914.JPG","24.0"
"FAM_B.Msls 0915.JPG","24.0"
"FAM_B.Msls 0916.JPG","24.0"
"FAM_B.Msls 0917.JPG","25.0"
"FAM_B.Msls 0918.JPG","25.0"
"FAM_B.Msls 0919.JPG","25.0"
"FAM_B.Msls 0920.JPG","25.0"
"FAM_B.Msls 0921.JPG","26.0"
"FAM_B.Msls 0922.JPG","26.0"
"FAM_B.Msls 0923.JPG","26.0"
"FAM_B.Msls 0924.JPG","26.0"
"FAM_B.Msls 0925.JPG","27.0"
"FAM_B.Msls 0926.JPG","27.0"
"FAM_B.Msls 0927.JPG","27.0"
"FAM_B.Msls 0928.JPG","27.0"
"FAM_B.Msls 0929.JPG","28.0"
"FAM_B.Msls 0930.JPG","28.0"
"FAM_B.Msls 0931.JPG","28.0"
"FAM_B.Msls 0932.JPG","28.0"
"FAM_B.Msls 0933.JPG","29.0"
"FAM_B.Msls 0934.JPG","29.0"
"FAM_B.Msls 0935.JPG","29.0"
"FAM_B.Msls 0936.JPG","29.0"
"FAM_B.Msls 0937.JPG","30.0"
"FAM_B.Msls 0938.JPG","30.0"
"FAM_B.Msls 0939.JPG","30.0"
"FAM_B.Msls 0940.JPG","30.0"
"FAM_B.Msls 0941.JPG","31.0"
"FAM_B.Msls 0942.JPG","31.0"
"FAM_B.Msls 0943.JPG","31.0"
"FAM_B.Msls 0944.JPG","31.0"
"FAM_B.Msls 0945.JPG","32.0"
"FAM_B.Msls 0946.JPG","32.0"
"FAM_B.Msls 0947.JPG","32.0"
"FAM_B.Msls 0948.JPG","32.0"
"FAM_B.Msls 0949.JPG","33.0"
"FAM_B.Msls 0950.JPG","33.0"
"FAM_B.Msls 0951.JPG","33.0"
"FAM_B.Msls 0952.JPG","33.0"
"FAM_B.Msls 0953.JPG","34.0"
"FAM_B.Msls 0954.JPG","34.0"
"FAM_B.Msls 0955.JPG","34.0"
"FAM_B.Msls 0957.JPG","34.0"
"FAM_B.Msls 0958.JPG","35.0"
"FAM_B.Msls 0959.JPG","35.0"
"FAM_B.Msls 0960.JPG","35.0"
"FAM_B.Msls 0961.JPG","35.0"
"FAM_B.Msls 0962.JPG","36.0"
"FAM_B.Msls 0963.JPG","36.0"
"FAM_B.Msls 0964.JPG","36.0"
"FAM_B.Msls 0965.JPG","36.0"
"FAM_B.Msls 0966.JPG","37.0"
"FAM_B.Msls 0967.JPG","37.0"
"FAM_B.Msls 0968.JPG","37.0"
"FAM_B.Msls 0969.JPG","37.0"
"FAM_B.Msls 0970.JPG","38.0"
"FAM_B.Msls 0971.JPG","38.0"
"FAM_B.Msls 0972.JPG","38.0"
"FAM_B.Msls 0973.JPG","38.0"
"FAM_B.Msls 0974.JPG","39.0"
"FAM_B.Msls 0975.JPG","39.0"
"FAM_B.Msls 0976.JPG","39.0"
"FAM_B.Msls 0977.JPG","39.0"
"FAM_B.Msls 0978.JPG","40.0"
"FAM_B.Msls 0979.JPG","40.0"
"FAM_B.Msls 0980.JPG","40.0"
"FAM_B.Msls 0981.JPG","40.0"
"FAM_B.Msls 0982.JPG","41.0"
"FAM_B.Msls 0983.JPG","41.0"
"FAM_B.Msls 0984.JPG","41.0"
"FAM_B.Msls 0985.JPG","41.0"
"FAM_B.Msls 0986.JPG","42.0"
"FAM_B.Msls 0987.JPG","42.0"
"FAM_B.Msls 0988.JPG","42.0"
"FAM_B.Msls 0989.JPG","42.0"
"FAM_B.Msls 0990.JPG","43.0"
"FAM_B.Msls 0991.JPG","43.0"
"FAM_B.Msls 0992.JPG","43.0"
"FAM_B.Msls 0993.JPG","43.0"
"FAM_B.Msls 0994.JPG","44.0"
"FAM_B.Msls 0995.JPG","44.0"
"FAM_B.Msls 0996.JPG","44.0"
"FAM_B.Msls 0997.JPG","44.0"
"FAM_B.Msls 0998.JPG","45.0"
"FAM_B.Msls 0999.JPG","45.0"
"FAM_B.Msls 1000.JPG","45.0"
"FAM_B.Msls 1001.JPG","45.0"
"FAM_B.Msls 1002.JPG","46.0"
"FAM_B.Msls 1003.JPG","46.0"
"FAM_B.Msls 1004.JPG","46.0"
"FAM_B.Msls 1005.JPG","46.0"
"FAM_B.Msls 1006.JPG","47.0"
"FAM_B.Msls 1007.JPG","47.0"
"FAM_B.Msls 1008.JPG","47.0"
"FAM_B.Msls 1009.JPG","47.0"
"FAM_B.Msls 1010.JPG","48.0"
"FAM_B.Msls 1011.JPG","48.0"
"FAM_B.Msls 1012.JPG","48.0"
"FAM_B.Msls 1013.JPG","48.0"
"FAM_B.Msls 1014.JPG","49.0"
"FAM_B.Msls 1015.JPG","49.0"
"FAM_B.Msls 1016.JPG","49.0"
"FAM_B.Msls 1017.JPG","49.0"
"FAM_B.Msls 1018.JPG","50.0"
"FAM_B.Msls 1019.JPG","50.0"
"FAM_B.Msls 1020.JPG","50.0"
"FAM_B.Msls 1021.JPG","50.0"
"FAM_B.Msls 1022.JPG","51.0"
"FAM_B.Msls 1023.JPG","51.0"
"FAM_B.Msls 1024.JPG","51.0"
"FAM_B.Msls 1025.JPG","51.0"
"FAM_B.Msls 1026.JPG","52.0"
"FAM_B.Msls 1027.JPG","52.0"
"FAM_B.Msls 1028.JPG","52.0"
"FAM_B.Msls 1029.JPG","52.0"
"FAM_B.Msls 1030.JPG","53.0"
"FAM_B.Msls 1031.JPG","53.0"
"FAM_B.Msls 1032.JPG","53.0"
"FAM_B.Msls 1033.JPG","53.0"
"FAM_B.Msls 1034.JPG","54.0"
"FAM_B.Msls 1035.JPG","54.0"
"FAM_B.Msls 1036.JPG","54.0"
"FAM_B.Msls 1037.JPG","54.0"
"FAM_B.Msls 1038.JPG","55.0"
"FAM_B.Msls 1039.JPG","55.0"
"FAM_B.Msls 1040.JPG","55.0"
"FAM_B.Msls 1041.JPG","55.0"
"FAM_B.Msls 1042.JPG","56.0"
"FAM_B.Msls 1043.JPG","56.0"
"FAM_B.Msls 1044.JPG","56.0"
"FAM_B.Msls 1045.JPG","56.0"
"FAM_B.Msls 1046.JPG","57.0"
"FAM_B.Msls 1047.JPG","57.0"
"FAM_B.Msls 1048.JPG","57.0"
"FAM_B.Msls 1049.JPG","57.0"
"FAM_B.Msls 1050.JPG","58.0"
"FAM_B.Msls 1051.JPG","58.0"
"FAM_B.Msls 1052.JPG","58.0"
"FAM_B.Msls 1053.JPG","58.0"
"FAM_B.Msls 1054.JPG","59.0"
"FAM_B.Msls 1055.JPG","59.0"
"FAM_B.Msls 1056.JPG","59.0"
"FAM_B.Msls 1057.JPG","59.0"
"FAM_B.Msls 1058.JPG","60.0"
"FAM_B.Msls 1059.JPG","60.0"
"FAM_B.Msls 1060.JPG","60.0"
"FAM_B.Msls 1061.JPG","60.0"
"FAM_B.Msls 1062.JPG","61.0"
"FAM_B.Msls 1063.JPG","61.0"
"FAM_B.Msls 1064.JPG","61.0"
"FAM_B.Msls 1065.JPG","61.0"
"FAM_B.Msls 1066.JPG","62.0"
"FAM_B.Msls 1067.JPG","62.0"
"FAM_B.Msls 1068.JPG","62.0"
"FAM_B.Msls 1069.JPG","62.0"
"FAM_B.Msls 1070.JPG","63.0"
"FAM_B.Msls 1071.JPG","63.0"
"FAM_B.Msls 1072.JPG","63.0"
"FAM_B.Msls 1073.JPG","63.0"
"FAM_B.Msls 1074.JPG","64.0"
"FAM_B.Msls 1075.JPG","64.0"
"FAM_B.Msls 1076.JPG","64.0"
"FAM_B.Msls 1077.JPG","64.0"
"FAM_B.Msls 1078.JPG","65.0"
"FAM_B.Msls 1079.JPG","65.0"
"FAM_B.Msls 1080.JPG","65.0"
"FAM_B.Msls 1081.JPG","65.0"
"FAM_B.Msls 1082.JPG","66.0"
"FAM_B.Msls 1083.JPG","66.0"
"FAM_B.Msls 1084.JPG","66.0"
"FAM_B.Msls 1085.JPG","66.0"
"FAM_B.Msls 1086.JPG","67.0"
"FAM_B.Msls 1087.JPG","67.0"
"FAM_B.Msls 1088.JPG","67.0"
"FAM_B.Msls 1089.JPG","67.0"
"FAM_B.Msls 1090.JPG","68.0"
"FAM_B.Msls 1091.JPG","68.0"
"FAM_B.Msls 1092.JPG","68.0"
"FAM_B.Msls 1093.JPG","68.0"
"FAM_B.Msls 1094.JPG","69.0"
"FAM_B.Msls 1095.JPG","69.0"
"FAM_B.Msls 1096.JPG","69.0"
"FAM_B.Msls 1097.JPG","69.0"
"FAM_B.Msls 1098.JPG","70.0"
"FAM_B.Msls 1099.JPG","70.0"
"FAM_B.Msls 1100.JPG","70.0"
"FAM_B.Msls 1101.JPG","70.0"
"FAM_B.Msls 1102.JPG","71.0"
"FAM_B.Msls 1103.JPG","71.0"
"FAM_B.Msls 1104.JPG","71.0"
"FAM_B.Msls 1105.JPG","71.0"
"FAM_B.Msls 1106.JPG","72.0"
"FAM_B.Msls 1107.JPG","72.0"
"FAM_B.Msls 1108.JPG","72.0"
"FAM_B.Msls 1109.JPG","72.0"
"FAM_B.Msls 1110.JPG","73.0"
"FAM_B.Msls 1111.JPG","73.0"
"FAM_B.Msls 1112.JPG","73.0"
"FAM_B.Msls 1113.JPG","73.0"
"FAM_B.Msls 1114.JPG","74.0"
"FAM_B.Msls 1115.JPG","74.0"
"FAM_B.Msls 1117.JPG","74.0"
"FAM_B.Msls 1118.JPG","74.0"
"FAM_B.Msls 1119.JPG","75.0"
"FAM_B.Msls 1120.JPG","75.0"
"FAM_B.Msls 1121.JPG","75.0"
"FAM_B.Msls 1122.JPG","75.0"
"FAM_B.Msls 1123.JPG","76.0"
"FAM_B.Msls 1124.JPG","76.0"
"FAM_B.Msls 1125.JPG","76.0"
"FAM_B.Msls 1126.JPG","76.0"
"FAM_B.Msls 1127.JPG","77.0"
"FAM_B.Msls 1128.JPG","77.0"
"FAM_B.Msls 1129.JPG","77.0"
"FAM_B.Msls 1130.JPG","77.0"
"FAM_B.Msls 1131.JPG","78.0"
"FAM_B.Msls 1132.JPG","78.0"
"FAM_B.Msls 1133.JPG","78.0"
"FAM_B.Msls 1134.JPG","78.0"
"FAM_B.Msls 1135.JPG","79.0"
"FAM_B.Msls 1136.JPG","79.0"
"FAM_B.Msls 1137.JPG","79.0"
"FAM_B.Msls 1138.JPG","79.0"
"FAM_B.Msls 1139.JPG","80.0"
"FAM_B.Msls 1140.JPG","80.0"
"FAM_B.Msls 1141.JPG","80.0"
"FAM_B.Msls 1142.JPG","80.0"
"FAM_B.Msls 1143.JPG","81.0"
"FAM_B.Msls 1144.JPG","81.0"
"FAM_B.Msls 1145.JPG","81.0"
"FAM_B.Msls 1146.JPG","81.0"
"FAM_B.Msls 1147.JPG","82.0"
"FAM_B.Msls 1148.JPG","82.0"
"FAM_B.Msls 1149.JPG","82.0"
"FAM_B.Msls 1150.JPG","82.0"
"FAM_B.Msls 1151.JPG","83.0"
"FAM_B.Msls 1152.JPG","83.0"
"FAM_B.Msls 1153.JPG","83.0"
"FAM_B.Msls 1154.JPG","83.0"
"FAM_B.Msls 1155.JPG","84.0"
"FAM_B.Msls 1156.JPG","84.0"
"FAM_B.Msls 1157.JPG","84.0"
"FAM_B.Msls 1158.JPG","84.0"
"FAM_B.Msls 1159.JPG","85.0"
"FAM_B.Msls 1160.JPG","85.0"
"FAM_B.Msls 1161.JPG","85.0"
"FAM_B.Msls 1162.JPG","85.0"
"FAM_B.Msls 1163.JPG","86.0"
"FAM_B.Msls 1164.JPG","86.0"
"FAM_B.Msls 1165.JPG","86.0"
"FAM_B.Msls 1166.JPG","86.0"
"FAM_B.Msls 1167.JPG","87.0"
"FAM_B.Msls 1168.JPG","87.0"
"FAM_B.Msls 1169.JPG","87.0"
"FAM_B.Msls 1170.JPG","87.0"
"FAM_B.Msls 1171.JPG","88.0"
"FAM_B.Msls 1172.JPG","88.0"
"FAM_B.Msls 1173.JPG","88.0"
"FAM_B.Msls 1174.JPG","88.0"
"FAM_B.Msls 1175.JPG","89.0"
"FAM_B.Msls 1176.JPG","89.0"
"FAM_B.Msls 1177.JPG","89.0"
"FAM_B.Msls 1178.JPG","89.0"
"FAM_B.Msls 1179.JPG","90.0"
"FAM_B.Msls 1180.JPG","90.0"
"FAM_B.Msls 1181.JPG","90.0"
"FAM_B.Msls 1182.JPG","90.0"
"FAM_B.Msls 1183.JPG","91.0"
"FAM_B.Msls 1184.JPG","91.0"
"FAM_B.Msls 1185.JPG","91.0"
"FAM_B.Msls 1186.JPG","91.0"
"FAM_B.Msls 1187.JPG","92.0"
"FAM_B.Msls 1188.JPG","92.0"
"FAM_B.Msls 1189.JPG","92.0"
"FAM_B.Msls 1190.JPG","92.0"
"FAM_B.Msls 1191.JPG","93.0"
"FAM_B.Msls 1192.JPG","93.0"
"FAM_B.Msls 1193.JPG","93.0"
"FAM_B.Msls 1194.JPG","93.0"
"FAM_B.Msls 1195.JPG","94.0"
"FAM_B.Msls 1196.JPG","94.0"
"FAM_B.Msls 1197.JPG","94.0"
"FAM_B.Msls 1198.JPG","94.0"
"FAM_B.Msls 1199.JPG","95.0"
"FAM_B.Msls 1200.JPG","95.0"
"FAM_B.Msls 1201.JPG","95.0"
"FAM_B.Msls 1202.JPG","95.0"
"FAM_B.Msls 1203.JPG","96.0"
"FAM_B.Msls 1204.JPG","96.0"
"FAM_B.Msls 1205.JPG","96.0"
"FAM_B.Msls 1206.JPG","96.0"
"FAM_B.Msls 1207.JPG","97.0"
"FAM_B.Msls 1208.JPG","97.0"
"FAM_B.Msls 1209.JPG","97.0"
"FAM_B.Msls 1210.JPG","97.0"
"FAM_B.Msls 1211.JPG","98.0"
"FAM_B.Msls 1212.JPG","98.0"
"FAM_B.Msls 1213.JPG","98.0"
"FAM_B.Msls 1214.JPG","98.0"
"FAM_B.Msls 1215.JPG","99.0"
"FAM_B.Msls 1216.JPG","99.0"
"FAM_B.Msls 1217.JPG","99.0"
"FAM_B.Msls 1218.JPG","99.0"
"FAM_B.Msls 1219.JPG","100.0"
"FAM_B.Msls 1220.JPG","100.0"
"FAM_B.Msls 1221.JPG","100.0"
"FAM_B.Msls 1222.JPG","100.0"
"FAM_B.Msls 1223.JPG","101.0"
"FAM_B.Msls 1224.JPG","101.0"
"FAM_B.Msls 1225.JPG","101.0"
"FAM_B.Msls 1226.JPG","101.0"
"FAM_B.Msls 1227.JPG","102.0"
"FAM_B.Msls 1228.JPG","102.0"
"FAM_B.Msls 1229.JPG","102.0"
"FAM_B.Msls 1230.JPG","102.0"
"FAM_B.Msls 1231.JPG","103.0"
"FAM_B.Msls 1232.JPG","103.0"
"FAM_B.Msls 1233.JPG","103.0"
"FAM_B.Msls 1234.JPG","103.0"
"FAM_B.Msls 1235.JPG","104.0"
"FAM_B.Msls 1236.JPG","104.0"
"FAM_B.Msls 1237.JPG","104.0"
"FAM_B.Msls 1238.JPG","104.0"
"FAM_B.Msls 1239.JPG","105.0"
"FAM_B.Msls 1240.JPG","105.0"
"FAM_B.Msls 1241.JPG","105.0"
"FAM_B.Msls 1242.JPG","105.0"
"FAM_B.Msls 1243.JPG","106.0"
"FAM_B.Msls 1244.JPG","106.0"
"FAM_B.Msls 1245.JPG","106.0"
"FAM_B.Msls 1246.JPG","106.0"
"FAM_B.Msls 1247.JPG","107.0"
"FAM_B.Msls 1248.JPG","107.0"
"FAM_B.Msls 1249.JPG","107.0"
"FAM_B.Msls 1250.JPG","107.0"
"FAM_B.Msls 1251.JPG","108.0"
"FAM_B.Msls 1252.JPG","108.0"
"FAM_B.Msls 1253.JPG","108.0"
"FAM_B.Msls 1254.JPG","108.0"
"FAM_B.Msls 1255.JPG","109.0"
"FAM_B.Msls 1256.JPG","109.0"
"FAM_B.Msls 1257.JPG","109.0"
"FAM_B.Msls 1258.JPG","109.0"
"FAM_B.Msls 1259.JPG","110.0"
"FAM_B.Msls 1260.JPG","110.0"
"FAM_B.Msls 1261.JPG","110.0"
"FAM_B.Msls 1262.JPG","110.0"
"FAM_B.Msls 1263.JPG","111.0"
"FAM_B.Msls 1264.JPG","111.0"
"FAM_B.Msls 1265.JPG","111.0"
"FAM_B.Msls 1266.JPG","111.0"
"FAM_B.Msls 1267.JPG","112.0"
"FAM_B.Msls 1268.JPG","112.0"
"FAM_B.Msls 1269.JPG","112.0"
"FAM_B.Msls 1270.JPG","112.0"
"FAM_B.Msls 1271.JPG","113.0"
"FAM_B.Msls 1272.JPG","113.0"
"FAM_B.Msls 1273.JPG","113.0"
"FAM_B.Msls 1274.JPG","113.0"
"FAM_B.Msls 1275.JPG","114.0"
"FAM_B.Msls 1276.JPG","114.0"
"FAM_B.Msls 1277.JPG","114.0"
"FAM_B.Msls 1279.JPG","114.0"
"FAM_B.Msls 1280.JPG","115.0"
"FAM_B.Msls 1281.JPG","115.0"
"FAM_B.Msls 1282.JPG","115.0"
"FAM_B.Msls 1283.JPG","115.0"
"FAM_B.Msls 1284.JPG","116.0"
"FAM_B.Msls 1285.JPG","116.0"
"FAM_B.Msls 1286.JPG","116.0"
"FAM_B.Msls 1287.JPG","116.0"
"FAM_B.Msls 1288.JPG","117.0"
"FAM_B.Msls 1289.JPG","117.0"
"FAM_B.Msls 1290.JPG","117.0"
"FAM_B.Msls 1291.JPG","117.0"
"FAM_B.Msls 1292.JPG","118.0"
"FAM_B.Msls 1293.JPG","118.0"
"FAM_B.Msls 1294.JPG","118.0"
"FAM_B.Msls 1295.JPG","118.0"
"FAM_B.Msls 1296.JPG","119.0"
"FAM_B.Msls 1297.JPG","119.0"
"FAM_B.Msls 1298.JPG","119.0"
"FAM_B.Msls 1299.JPG","119.0"
"FAM_B.Msls 1300.JPG","120.0"
"FAM_B.Msls 1301.JPG","120.0"
"FAM_B.Msls 1302.JPG","120.0"
"FAM_B.Msls 1303.JPG","120.0"
"FAM_B.Msls 1304.JPG","121.0"
"FAM_B.Msls 1305.JPG","121.0"
"FAM_B.Msls 1306.JPG","121.0"
"FAM_B.Msls 1307.JPG","121.0"
"FAM_B.Msls 1308.JPG","122.0"
"FAM_B.Msls 1309.JPG","122.0"
"FAM_B.Msls 1310.JPG","122.0"
"FAM_B.Msls 1311.JPG","122.0"
"FAM_B.Msls 1312.JPG","123.0"
"FAM_B.Msls 1313.JPG","123.0"
"FAM_B.Msls 1314.JPG","123.0"
"FAM_B.Msls 1315.JPG","123.0"
"FAM_B.Msls 1316.JPG","124.0"
"FAM_B.Msls 1317.JPG","124.0"
"FAM_B.Msls 1318.JPG","124.0"
"FAM_B.Msls 1319.JPG","124.0"
"FAM_B.Msls 1320.JPG","125.0"
"FAM_B.Msls 1321.JPG","125.0"
"FAM_B.Msls 1322.JPG","125.0"
"FAM_B.Msls 1323.JPG","125.0"
"FAM_B.Msls 1324.JPG","126.0"
"FAM_B.Msls 1325.JPG","126.0"
"FAM_B.Msls 1326.JPG","126.0"
"FAM_B.Msls 1327.JPG","126.0"
"FAM_B.Msls 1328.JPG","127.0"
"FAM_B.Msls 1329.JPG","127.0"
"FAM_B.Msls 1330.JPG","127.0"
"FAM_B.Msls 1331.JPG","127.0"
"FAM_B.Msls 1332.JPG","128.0"
"FAM_B.Msls 1333.JPG","128.0"
"FAM_B.Msls 1334.JPG","128.0"
"FAM_B.Msls 1335.JPG","128.0"
"FAM_B.Msls 1336.JPG","129.0"
"FAM_B.Msls 1337.JPG","129.0"
"FAM_B.Msls 1338.JPG","129.0"
"FAM_B.Msls 1339.JPG","129.0"
"FAM_B.Msls 1340.JPG","130.0"
"FAM_B.Msls 1341.JPG","130.0"
"FAM_B.Msls 1342.JPG","130.0"
"FAM_B.Msls 1343.JPG","130.0"
"FAM_B.Msls 1344.JPG","131.0"
"FAM_B.Msls 1345.JPG","131.0"
"FAM_B.Msls 1346.JPG","131.0"
"FAM_B.Msls 1347.JPG","131.0"
"FAM_B.Msls 1348.JPG","132.0"
"FAM_B.Msls 1349.JPG","132.0"
"FAM_B.Msls 1350.JPG","132.0"
"FAM_B.Msls 1351.JPG","132.0"
"FAM_B.Msls 1352.JPG","133.0"
"FAM_B.Msls 1353.JPG","133.0"
"FAM_B.Msls 1354.JPG","133.0"
"FAM_B.Msls 1355.JPG","133.0"
"FAM_B.Msls 1356.JPG","134.0"
"FAM_B.Msls 1357.JPG","134.0"
"FAM_B.Msls 1359.JPG","134.0"
"FAM_B.Msls 1360.JPG","134.0"
"FAM_B.Msls 1732.JPG","135.0"
"FAM_B.Msls 1733.JPG","135.0"
"FAM_B.Msls 1734.JPG","135.0"
"FAM_B.Msls 1735.JPG","135.0"
"FAM_B.Msls 1736.JPG","136.0"
"FAM_B.Msls 1737.JPG","136.0"
"FAM_B.Msls 1738.JPG","136.0"
"FAM_B.Msls 1739.JPG","136.0"
"FAM_B.Msls 1740.JPG","137.0"
"FAM_B.Msls 1741.JPG","137.0"
"FAM_B.Msls 1743.JPG","137.0"
"FAM_B.Msls 1744.JPG","137.0"
"FAM_B.Msls 1745.JPG","138.0"
"FAM_B.Msls 1746.JPG","138.0"
"FAM_B.Msls 1747.JPG","138.0"
"FAM_B.Msls 1748.JPG","138.0"
"FAM_B.Msls 1749.JPG","139.0"
"FAM_B.Msls 1750.JPG","139.0"
"FAM_B.Msls 1751.JPG","139.0"
"FAM_B.Msls 1752.JPG","139.0"
"FAM_B.Msls 1753.JPG","140.0"
"FAM_B.Msls 1754.JPG","140.0"
"FAM_B.Msls 1755.JPG","140.0"
"FAM_B.Msls 1756.JPG","140.0"
"FAM_B.Msls 1757.JPG","141.0"
"FAM_B.Msls 1758.JPG","141.0"
"FAM_B.Msls 1759.JPG","141.0"
"FAM_B.Msls 1760.JPG","141.0"
"FAM_B.Msls 1761.JPG","142.0"
"FAM_B.Msls 1762.JPG","142.0"
"FAM_B.Msls 1763.JPG","142.0"
"FAM_B.Msls 1764.JPG","142.0"
"FAM_B.Msls 1765.JPG","143.0"
"FAM_B.Msls 1766.JPG","143.0"
"FAM_B.Msls 1767.JPG","143.0"
"FAM_B.Msls 1768.JPG","143.0"
"FAM_B.Msls 1769.JPG","144.0"
"FAM_B.Msls 1770.JPG","144.0"
"FAM_B.Msls 1771.JPG","144.0"
"FAM_B.Msls 1772.JPG","144.0"
"FAM_B.Msls 1773.JPG","145.0"
"FAM_B.Msls 1774.JPG","145.0"
"FAM_B.Msls 1775.JPG","145.0"
"FAM_B.Msls 1776.JPG","145.0"
"FAM_B.Msls 1778.JPG","146.0"
"FAM_B.Msls 1779.JPG","146.0"
"FAM_B.Msls 1780.JPG","146.0"
"FAM_B.Msls 1781.JPG","146.0"
"FAM_B.Msls 1782.JPG","147.0"
"FAM_B.Msls 1783.JPG","147.0"
"FAM_B.Msls 1784.JPG","147.0"
"FAM_B.Msls 1785.JPG","147.0"
"FAM_B.Msls 1786.JPG","148.0"
"FAM_B.Msls 1787.JPG","148.0"
"FAM_B.Msls 1788.JPG","148.0"
"FAM_B.Msls 1789.JPG","148.0"
"FAM_B.Msls 1790.JPG","149.0"
"FAM_B.Msls 1791.JPG","149.0"
"FAM_B.Msls 1792.JPG","149.0"
"FAM_B.Msls 1793.JPG","149.0"
"FAM_B.Msls 1794.JPG","150.0"
"FAM_B.Msls 1795.JPG","150.0"
"FAM_B.Msls 1796.JPG","150.0"
"FAM_B.Msls 1797.JPG","150.0"
"FAM_B.Msls 1798.JPG","151.0"
"FAM_B.Msls 1799.JPG","151.0"
"FAM_B.Msls 1800.JPG","151.0"
"FAM_B.Msls 1801.JPG","151.0"
"FAM_B.Msls 1802.JPG","152.0"
"FAM_B.Msls 1803.JPG","152.0"
"FAM_B.Msls 1804.JPG","152.0"
"FAM_B.Msls 1805.JPG","152.0"
"FAM_B.Msls 1806.JPG","153.0"
"FAM_B.Msls 1807.JPG","153.0"
"FAM_B.Msls 1808.JPG","153.0"
"FAM_B.Msls 1809.JPG","153.0"
"FAM_B.Msls 1810.JPG","154.0"
"FAM_B.Msls 1811.JPG","154.0"
"FAM_B.Msls 1812.JPG","154.0"
"FAM_B.Msls 1813.JPG","154.0"
"FAM_B.Msls 1814.JPG","155.0"
"FAM_B.Msls 1815.JPG","155.0"
"FAM_B.Msls 1816.JPG","155.0"
"FAM_B.Msls 1817.JPG","155.0"
"FAM_B.Msls 1818.JPG","156.0"
"FAM_B.Msls 1819.JPG","156.0"
"FAM_B.Msls 1820.JPG","156.0"
"FAM_B.Msls 1821.JPG","156.0"
"FAM_B.Msls 1822.JPG","157.0"
"FAM_B.Msls 1823.JPG","157.0"
"FAM_B.Msls 1824.JPG","157.0"
"FAM_B.Msls 1825.JPG","157.0"
"FAM_B.Msls 1826.JPG","158.0"
"FAM_B.Msls 1827.JPG","158.0"
"FAM_B.Msls 1828.JPG","158.0"
"FAM_B.Msls 1829.JPG","158.0"
"FAM_B.Msls 1830.JPG","159.0"
"FAM_B.Msls 1831.JPG","159.0"
"FAM_B.Msls 1832.JPG","159.0"
"FAM_B.Msls 1833.JPG","159.0"
"FAM_B.Msls 1834.JPG","160.0"
"FAM_B.Msls 1835.JPG","160.0"
"FAM_B.Msls 1836.JPG","160.0"
"FAM_B.Msls 1837.JPG","160.0"
"FAM_B.Msls 1838.JPG","161.0"
"FAM_B.Msls 1839.JPG","161.0"
"FAM_B.Msls 1840.JPG","161.0"
"FAM_B.Msls 1841.JPG","161.0"
"FAM_B.Msls 1842.JPG","162.0"
"FAM_B.Msls 1843.JPG","162.0"
"FAM_B.Msls 1844.JPG","162.0"
"FAM_B.Msls 1845.JPG","162.0"
"FAM_B.Msls 1846.JPG","163.0"
"FAM_B.Msls 1847.JPG","163.0"
"FAM_B.Msls 1848.JPG","163.0"
"FAM_B.Msls 1849.JPG","163.0"
"FAM_B.Msls 1850.JPG","164.0"
"FAM_B.Msls 1851.JPG","164.0"
"FAM_B.Msls 1852.JPG","164.0"
"FAM_B.Msls 1853.JPG","164.0"
"FAM_B.Msls 1854.JPG","165.0"
"FAM_B.Msls 1855.JPG","165.0"
"FAM_B.Msls 1856.JPG","165.0"
"FAM_B.Msls 1857.JPG","165.0"
"FAM_B.Msls 1858.JPG","166.0"
"FAM_B.Msls 1859.JPG","166.0"
"FAM_B.Msls 1860.JPG","166.0"
"FAM_B.Msls 1861.JPG","166.0"
"FAM_B.Msls 1862.JPG","167.0"
"FAM_B.Msls 1863.JPG","167.0"
"FAM_B.Msls 1864.JPG","167.0"
"FAM_B.Msls 1865.JPG","167.0"
"FAM_B.Msls 1866.JPG","168.0"
"FAM_B.Msls 1867.JPG","168.0"
"FAM_B.Msls 1868.JPG","168.0"
"FAM_B.Msls 1869.JPG","168.0"
"FAM_B.Msls 1870.JPG","169.0"
"FAM_B.Msls 1872.JPG","169.0"
"FAM_B.Msls 1873.JPG","169.0"
"FAM_B.Msls 1874.JPG","169.0"
"FAM_B.Msls 1875.JPG","170.0"
"FAM_B.Msls 1876.JPG","170.0"
"FAM_B.Msls 1877.JPG","170.0"
"FAM_B.Msls 1878.JPG","170.0"
"FAM_B.Msls 1879.JPG","171.0"
"FAM_B.Msls 1880.JPG","171.0"
"FAM_B.Msls 1881.JPG","171.0"
"FAM_B.Msls 1882.JPG","171.0"
"FAM_B.Msls 3792.JPG","172.0"
"FAM_B.Msls 3793.JPG","172.0"
"FAM_B.Msls 3794.JPG","172.0"
"FAM_B.Msls 3795.JPG","172.0"
"FAM_B.Msls 3796.JPG","173.0"
"FAM_B.Msls 3797.JPG","173.0"
"FAM_B.Msls 3798.JPG","173.0"
"FAM_B.Msls 3799.JPG","173.0"
"FAM_B.Msls 3800.JPG","174.0"
"FAM_B.Msls 3801.JPG","174.0"
"FAM_B.Msls 3802.JPG","174.0"
"FAM_B.Msls 3803.JPG","174.0"
"FAM_B.Msls 3804.JPG","175.0"
"FAM_B.Msls 3805.JPG","175.0"
"FAM_B.Msls 3806.JPG","175.0"
"FAM_B.Msls 3807.JPG","175.0"
"FAM_B.Msls 3808.JPG","176.0"
"FAM_B.Msls 3809.JPG","176.0"
"FAM_B.Msls 3810.JPG","176.0"
"FAM_B.Msls 3811.JPG","176.0"
"FAM_B.Msls 3812.JPG","177.0"
"FAM_B.Msls 3813.JPG","177.0"
"FAM_B.Msls 3814.JPG","177.0"
"FAM_B.Msls 3815.JPG","177.0"
"FAM_B.Msls 3816.JPG","178.0"
"FAM_B.Msls 3817.JPG","178.0"
"FAM_B.Msls 3818.JPG","178.0"
"FAM_B.Msls 3819.JPG","178.0"
"FAM_B.Msls 3820.JPG","179.0"
"FAM_B.Msls 3821.JPG","179.0"
"FAM_B.Msls 3822.JPG","179.0"
"FAM_B.Msls 3823.JPG","179.0"
"FAM_B.Msls 3824.JPG","180.0"
"FAM_B.Msls 3825.JPG","180.0"
"FAM_B.Msls 3826.JPG","180.0"
"FAM_B.Msls 3827.JPG","180.0"
"FAM_B.Msls 3828.JPG","181.0"
"FAM_B.Msls 3829.JPG","181.0"
"FAM_B.Msls 3830.JPG","181.0"
"FAM_B.Msls 3831.JPG","181.0"
"FAM_B.Msls 3832.JPG","182.0"
"FAM_B.Msls 3833.JPG","182.0"
"FAM_B.Msls 3834.JPG","182.0"
"FAM_B.Msls 3835.JPG","182.0"
"FAM_B.Msls 3836.JPG","183.0"
"FAM_B.Msls 3837.JPG","183.0"
"FAM_B.Msls 3838.JPG","183.0"
"FAM_B.Msls 3839.JPG","183.0"
"FAM_B.Msls 3840.JPG","184.0"
"FAM_B.Msls 3841.JPG","184.0"
"FAM_B.Msls 3842.JPG","184.0"
"FAM_B.Msls 3843.JPG","184.0"
"FAM_B.Msls 3844.JPG","185.0"
"FAM_B.Msls 3845.JPG","185.0"
"FAM_B.Msls 3846.JPG","185.0"
"FAM_B.Msls 3847.JPG","185.0"
"FAM_B.Msls 3848.JPG","186.0"
"FAM_B.Msls 3849.JPG","186.0"
"FAM_B.Msls 3851.JPG","186.0"
"FAM_B.Msls 3852.JPG","186.0"
"FAM_B.Msls 3853.JPG","187.0"
"FAM_B.Msls 3854.JPG","187.0"
"FAM_B.Msls 3855.JPG","187.0"
"FAM_B.Msls 3856.JPG","187.0"
"FAM_B.Msls 3857.JPG","188.0"
"FAM_B.Msls 3858.JPG","188.0"
"FAM_B.Msls 3859.JPG","188.0"
"FAM_B.Msls 3860.JPG","188.0"
"FAM_B.Msls 3862.JPG","189.0"
"FAM_B.Msls 3863.JPG","189.0"
"FAM_B.Msls 3864.JPG","189.0"
"FAM_B.Msls 3865.JPG","189.0"
"FAM_B.Msls 3866.JPG","190.0"
"FAM_B.Msls 3867.JPG","190.0"
"FAM_B.Msls 3868.JPG","190.0"
"FAM_B.Msls 3869.JPG","190.0"
"FAM_B.Msls 3870.JPG","191.0"
"FAM_B.Msls 3871.JPG","191.0"
"FAM_B.Msls 3872.JPG","191.0"
"FAM_B.Msls 3873.JPG","191.0"
"FAM_B.Msls 3874.JPG","192.0"
"FAM_B.Msls 3875.JPG","192.0"
"FAM_B.Msls 3876.JPG","192.0"
"FAM_B.Msls 3877.JPG","192.0"
"FAM_B.Msls 3878.JPG","193.0"
"FAM_B.Msls 3879.JPG","193.0"
"FAM_B.Msls 3880.JPG","193.0"
"FAM_B.Msls 3881.JPG","193.0"
"FAM_B.Msls 3882.JPG","194.0"
"FAM_B.Msls 3883.JPG","194.0"
"FAM_B.Msls 3884.JPG","194.0"
"FAM_B.Msls 3885.JPG","194.0"
"FAM_B.Msls 3886.JPG","195.0"
"FAM_B.Msls 3887.JPG","195.0"
"FAM_B.Msls 3888.JPG","195.0"
"FAM_B.Msls 3889.JPG","195.0"
"FAM_B.Msls 3890.JPG","196.0"
"FAM_B.Msls 3891.JPG","196.0"
"FAM_B.Msls 3892.JPG","196.0"
"FAM_B.Msls 3893.JPG","196.0"
"FAM_B.Msls 3894.JPG","197.0"
"FAM_B.Msls 3895.JPG","197.0"
"FAM_B.Msls 3896.JPG","197.0"
"FAM_B.Msls 3897.JPG","197.0"
"FAM_B.Msls 3898.JPG","198.0"
"FAM_B.Msls 3899.JPG","198.0"
"FAM_B.Msls 3900.JPG","198.0"
"FAM_B.Msls 3901.JPG","198.0"
"FAM_B.Msls 3902.JPG","199.0"
"FAM_B.Msls 3903.JPG","199.0"
"FAM_B.Msls 3904.JPG","199.0"
"FAM_B.Msls 3905.JPG","199.0"
"FAM_B.Msls 3906.JPG","200.0"
"FAM_B.Msls 3907.JPG","200.0"
"FAM_B.Msls 3908.JPG","200.0"
"FAM_B.Msls 3909.JPG","200.0"
"FAM_B.Msls 3910.JPG","201.0"
"FAM_B.Msls 3911.JPG","201.0"
"FAM_B.Msls 3912.JPG","201.0"
"FAM_B.Msls 3913.JPG","201.0"
"FAM_B.Msls 3914.JPG","202.0"
"FAM_B.Msls 3915.JPG","202.0"
"FAM_B.Msls 3916.JPG","202.0"
"FAM_B.Msls 3917.JPG","202.0"
"FAM_B.Msls 3918.JPG","203.0"
"FAM_B.Msls 3919.JPG","203.0"
"FAM_B.Msls 3920.JPG","203.0"
"FAM_B.Msls 3921.JPG","203.0"
"FAM_B.Msls 3922.JPG","204.0"
"FAM_B.Msls 3923.JPG","204.0"
"FAM_B.Msls 3924.JPG","204.0"
"FAM_B.Msls 3925.JPG","204.0"
"FAM_B.Msls 3926.JPG","205.0"
"FAM_B.Msls 3927.JPG","205.0"
"FAM_B.Msls 3928.JPG","205.0"
"FAM_B.Msls 3929.JPG","205.0"
"FAM_B.Msls 3930.JPG","206.0"
"FAM_B.Msls 3931.JPG","206.0"
"FAM_B.Msls 3932.JPG","206.0"
"FAM_B.Msls 3933.JPG","206.0"
"FAM_B.Msls 3934.JPG","207.0"
"FAM_B.Msls 3935.JPG","207.0"
"FAM_B.Msls 3936.JPG","207.0"
"FAM_B.Msls 3937.JPG","207.0"
"FAM_B.Msls 3938.JPG","208.0"
"FAM_B.Msls 3939.JPG","208.0"
"FAM_B.Msls 3940.JPG","208.0"
"FAM_B.Msls 3941.JPG","208.0"
"FAM_B.Msls 3942.JPG","209.0"
"FAM_B.Msls 3943.JPG","209.0"
"FAM_B.Msls 3944.JPG","209.0"
"FAM_B.Msls 3945.JPG","209.0"
"FAM_B.Msls 3946.JPG","210.0"
"FAM_B.Msls 3947.JPG","210.0"
"FAM_B.Msls 3948.JPG","210.0"
"FAM_B.Msls 3949.JPG","210.0"
"FAM_B.Msls 3950.JPG","211.0"
"FAM_B.Msls 3951.JPG","211.0"
"FAM_B.Msls 3952.JPG","211.0"
"FAM_B.Msls 3953.JPG","211.0"
"FAM_B.Msls 3954.JPG","212.0"
"FAM_B.Msls 3955.JPG","212.0"
"FAM_B.Msls 3956.JPG","212.0"
"FAM_B.Msls 3957.JPG","212.0"
"FAM_B.Msls 3958.JPG","213.0"
"FAM_B.Msls 3959.JPG","213.0"
"FAM_B.Msls 3960.JPG","213.0"
"FAM_B.Msls 3961.JPG","213.0"
"FAM_B.Msls 3962.JPG","214.0"
"FAM_B.Msls 3963.JPG","214.0"
"FAM_B.Msls 3964.JPG","214.0"
"FAM_B.Msls 3965.JPG","214.0"
"FAM_B.Msls 3966.JPG","215.0"
"FAM_B.Msls 3967.JPG","215.0"
"FAM_B.Msls 3968.JPG","215.0"
"FAM_B.Msls 3969.JPG","215.0"
"FAM_B.Msls 3970.JPG","216.0"
"FAM_B.Msls 3971.JPG","216.0"
"FAM_B.Msls 3972.JPG","216.0"
"FAM_B.Msls 3973.JPG","216.0"
"FAM_B.Msls 3974.JPG","217.0"
"FAM_B.Msls 3975.JPG","217.0"
"FAM_B.Msls 3976.JPG","217.0"
"FAM_B.Msls 3977.JPG","217.0"
"FAM_B.Msls 3978.JPG","218.0"
"FAM_B.Msls 3979.JPG","218.0"
"FAM_B.Msls 3980.JPG","218.0"
"FAM_B.Msls 3981.JPG","218.0"
"FAM_B.Msls 3982.JPG","219.0"
"FAM_B.Msls 3983.JPG","219.0"
"FAM_B.Msls 3984.JPG","219.0"
"FAM_B.Msls 3985.JPG","219.0"
"FAM_B.Msls 3986.JPG","220.0"
"FAM_B.Msls 3987.JPG","220.0"
"FAM_B.Msls 3988.JPG","220.0"
"FAM_B.Msls 3989.JPG","220.0"
"FAM_B.Msls 3990.JPG","221.0"
"FAM_B.Msls 3991.JPG","221.0"
"FAM_B.Msls 3992.JPG","221.0"
"FAM_B.Msls 3993.JPG","221.0"
"FAM_B.Msls 3994.JPG","222.0"
"FAM_B.Msls 3995.JPG","222.0"
"FAM_B.Msls 3996.JPG","222.0"
"FAM_B.Msls 3997.JPG","222.0"
"FAM_B.Msls 3998.JPG","223.0"
"FAM_B.Msls 3999.JPG","223.0"
"FAM_B.Msls 4000.JPG","223.0"
"FAM_B.Msls 4001.JPG","223.0"
"FAM_B.Msls 4002.JPG","224.0"
"FAM_B.Msls 4003.JPG","224.0"
"FAM_B.Msls 4004.JPG","224.0"
"FAM_B.Msls 4005.JPG","224.0"
"FAM_B.Msls 4006.JPG","225.0"
"FAM_B.Msls 4007.JPG","225.0"
"FAM_B.Msls 4008.JPG","225.0"
"FAM_B.Msls 4009.JPG","225.0"
"FAM_B.Msls 4010.JPG","226.0"
"FAM_B.Msls 4011.JPG","226.0"
"FAM_B.Msls 4012.JPG","226.0"
"FAM_B.Msls 4013.JPG","226.0"
"FAM_B.Msls 4014.JPG","227.0"
"FAM_B.Msls 4015.JPG","227.0"
"FAM_B.Msls 4016.JPG","227.0"
"FAM_B.Msls 4017.JPG","227.0"
"FAM_B.Msls 4018.JPG","228.0"
"FAM_B.Msls 4019.JPG","228.0"
"FAM_B.Msls 4020.JPG","228.0"
"FAM_B.Msls 4021.JPG","228.0"
"FAM_B.Msls 4022.JPG","229.0"
"FAM_B.Msls 4023.JPG","229.0"
"FAM_B.Msls 4024.JPG","229.0"
"FAM_B.Msls 4025.JPG","229.0"
"FAM_B.Msls 4026.JPG","230.0"
"FAM_B.Msls 4027.JPG","230.0"
"FAM_B.Msls 4028.JPG","230.0"
"FAM_B.Msls 4029.JPG","230.0"
"FAM_B.Msls 4030.JPG","231.0"
"FAM_B.Msls 4031.JPG","231.0"
"FAM_B.Msls 4032.JPG","231.0"
"FAM_B.Msls 4033.JPG","231.0"
"FAM_B.Msls 4034.JPG","232.0"
"FAM_B.Msls 4035.JPG","232.0"
"FAM_B.Msls 4036.JPG","232.0"
"FAM_B.Msls 4037.JPG","232.0"
"FAM_B.Msls 4038.JPG","233.0"
"FAM_B.Msls 4039.JPG","233.0"
"FAM_B.Msls 4040.JPG","233.0"
"FAM_B.Msls 4041.JPG","233.0"
"FAM_B.Msls 4042.JPG","234.0"
"FAM_B.Msls 4043.JPG","234.0"
"FAM_B.Msls 4044.JPG","234.0"
"FAM_B.Msls 4045.JPG","234.0"
"FAM_B.Msls 4046.JPG","235.0"
"FAM_B.Msls 4047.JPG","235.0"
"FAM_B.Msls 4048.JPG","235.0"
"FAM_B.Msls 4049.JPG","235.0"
"FAM_B.Msls 4050.JPG","236.0"
"FAM_B.Msls 4051.JPG","236.0"
"FAM_B.Msls 4052.JPG","236.0"
"FAM_B.Msls 4053.JPG","236.0"
"FAM_B.Msls 4054.JPG","237.0"
"FAM_B.Msls 4055.JPG","237.0"
"FAM_B.Msls 4057.JPG","237.0"
"FAM_B.Msls 4058.JPG","237.0"
"FAM_B.Msls 4059.JPG","238.0"
"FAM_B.Msls 4060.JPG","238.0"
"FAM_B.Msls 4061.JPG","238.0"
"FAM_B.Msls 4062.JPG","238.0"
"FAM_B.Msls 4063.JPG","239.0"
"FAM_B.Msls 4064.JPG","239.0"
"FAM_B.Msls 4065.JPG","239.0"
"FAM_B.Msls 4066.JPG","239.0"
"FAM_B.Msls 4067.JPG","240.0"
"FAM_B.Msls 4068.JPG","240.0"
"FAM_B.Msls 4069.JPG","240.0"
"FAM_B.Msls 4070.JPG","240.0"
"FAM_B.Msls 4071.JPG","241.0"
"FAM_B.Msls 4072.JPG","241.0"
"FAM_B.Msls 4073.JPG","241.0"
"FAM_B.Msls 4074.JPG","241.0"
"FAM_B.Msls 4075.JPG","242.0"
"FAM_B.Msls 4076.JPG","242.0"
"FAM_B.Msls 4077.JPG","242.0"
"FAM_B.Msls 4078.JPG","242.0"
"FAM_B.Msls 4079.JPG","243.0"
"FAM_B.Msls 4080.JPG","243.0"
"FAM_B.Msls 4081.JPG","243.0"
"FAM_B.Msls 4082.JPG","243.0"
"FAM_B.Msls 4083.JPG","244.0"
"FAM_B.Msls 4084.JPG","244.0"
"FAM_B.Msls 4085.JPG","244.0"
"FAM_B.Msls 4086.JPG","244.0"
"FAM_B.Msls 4087.JPG","245.0"
"FAM_B.Msls 4088.JPG","245.0"
"FAM_B.Msls 4089.JPG","245.0"
"FAM_B.Msls 4090.JPG","245.0"
"FAM_B.Msls 4091.JPG","246.0"
"FAM_B.Msls 4092.JPG","246.0"
"FAM_B.Msls 4093.JPG","246.0"
"FAM_B.Msls 4094.JPG","246.0"
"FAM_B.Msls 4095.JPG","247.0"
"FAM_B.Msls 4096.JPG","247.0"
"FAM_B.Msls 4097.JPG","247.0"
"FAM_B.Msls 4098.JPG","247.0"
"FAM_B.Msls 4099.JPG","248.0"
"FAM_B.Msls 4100.JPG","248.0"
"FAM_B.Msls 4101.JPG","248.0"
"FAM_B.Msls 4102.JPG","248.0"
"FAM_B.Msls 4103.JPG","249.0"
"FAM_B.Msls 4104.JPG","249.0"
"FAM_B.Msls 4105.JPG","249.0"
"FAM_B.Msls 4106.JPG","249.0"
"FAM_B.Msls 4107.JPG","250.0"
"FAM_B.Msls 4108.JPG","250.0"
"FAM_B.Msls 4109.JPG","250.0"
"FAM_B.Msls 4110.JPG","250.0"
"FAM_B.Msls 4111.JPG","251.0"
"FAM_B.Msls 4112.JPG","251.0"
"FAM_B.Msls 4113.JPG","251.0"
"FAM_B.Msls 4114.JPG","251.0"
"FAM_B.Msls 4115.JPG","252.0"
"FAM_B.Msls 4116.JPG","252.0"
"FAM_B.Msls 4117.JPG","252.0"
"FAM_B.Msls 4118.JPG","252.0"
"FAM_B.Msls 4119.JPG","253.0"
"FAM_B.Msls 4121.JPG","253.0"
"FAM_B.Msls 4122.JPG","253.0"
"FAM_B.Msls 4123.JPG","253.0"
"FAM_B.Msls 4124.JPG","254.0"
"FAM_B.Msls 4125.JPG","254.0"
"FAM_B.Msls 4126.JPG","254.0"
"FAM_B.Msls 4127.JPG","254.0"
"FAM_B.Msls 4128.JPG","255.0"
"FAM_B.Msls 4129.JPG","255.0"
"FAM_B.Msls 4130.JPG","255.0"
"FAM_B.Msls 4131.JPG","255.0"
"FAM_B.Msls 4132.JPG","256.0"
"FAM_B.Msls 4133.JPG","256.0"
"FAM_B.Msls 4134.JPG","256.0"
"FAM_B.Msls 4135.JPG","256.0"
"FAM_B.Msls 4136.JPG","257.0"
"FAM_B.Msls 4137.JPG","257.0"
"FAM_B.Msls 4138.JPG","257.0"
"FAM_B.Msls 4139.JPG","257.0"
"FAM_B.Msls 4140.JPG","258.0"
"FAM_B.Msls 4141.JPG","258.0"
"FAM_B.Msls 4142.JPG","258.0"
"FAM_B.Msls 4143.JPG","258.0"
"FAM_B.Msls 4144.JPG","259.0"
"FAM_B.Msls 4145.JPG","259.0"
"FAM_B.Msls 4146.JPG","259.0"
"FAM_B.Msls 4147.JPG","259.0"
"FAM_B.Msls 4148.JPG","260.0"
"FAM_B.Msls 4149.JPG","260.0"
"FAM_B.Msls 4150.JPG","260.0"
"FAM_B.Msls 4151.JPG","260.0"
"FAM_B.Msls 4152.JPG","261.0"
"FAM_B.Msls 4153.JPG","261.0"
"FAM_B.Msls 4154.JPG","261.0"
"FAM_B.Msls 4155.JPG","261.0"
"FAM_B.Msls 4156.JPG","262.0"
"FAM_B.Msls 4157.JPG","262.0"
"FAM_B.Msls 4158.JPG","262.0"
"FAM_B.Msls 4159.JPG","262.0"
"FAM_B.Msls 4160.JPG","263.0"
"FAM_B.Msls 4161.JPG","263.0"
"FAM_B.Msls 4162.JPG","263.0"
"FAM_B.Msls 4163.JPG","263.0"
"FAM_B.Msls 4164.JPG","264.0"
"FAM_B.Msls 4165.JPG","264.0"
"FAM_B.Msls 4166.JPG","264.0"
"FAM_B.Msls 4167.JPG","264.0"
"FAM_B.Msls 4168.JPG","265.0"
"FAM_B.Msls 4169.JPG","265.0"
"FAM_B.Msls 4170.JPG","265.0"
"FAM_B.Msls 4171.JPG","265.0"
"FAM_B.Msls 4172.JPG","266.0"
"FAM_B.Msls 4173.JPG","266.0"
"FAM_B.Msls 4174.JPG","266.0"
"FAM_B.Msls 4175.JPG","266.0"
"FAM_B.Msls 4176.JPG","267.0"
"FAM_B.Msls 4177.JPG","267.0"
"FAM_B.Msls 4178.JPG","267.0"
"FAM_B.Msls 4179.JPG","267.0"
"FAM_B.Msls 4180.JPG","268.0"
"FAM_B.Msls 4181.JPG","268.0"
"FAM_B.Msls 4182.JPG","268.0"
"FAM_B.Msls 4183.JPG","268.0"
"FAM_B.Msls 4184.JPG","269.0"
"FAM_B.Msls 4185.JPG","269.0"
"FAM_B.Msls 4186.JPG","269.0"
"FAM_B.Msls 4187.JPG","269.0"
"FAM_B.Msls 4188.JPG","270.0"
"FAM_B.Msls 4189.JPG","270.0"
"FAM_B.Msls 4190.JPG","270.0"
"FAM_B.Msls 4191.JPG","270.0"
"FAM_B.Msls 4192.JPG","271.0"
"FAM_B.Msls 4193.JPG","271.0"
"FAM_B.Msls 4194.JPG","271.0"
"FAM_B.Msls 4195.JPG","271.0"
"FAM_B.Msls 4196.JPG","272.0"
"FAM_B.Msls 4197.JPG","272.0"
"FAM_B.Msls 4198.JPG","272.0"
"FAM_B.Msls 4199.JPG","272.0"
"FAM_B.Msls 4200.JPG","273.0"
"FAM_B.Msls 4201.JPG","273.0"
"FAM_B.Msls 4202.JPG","273.0"
"FAM_B.Msls 4203.JPG","273.0"
"FAM_B.Msls 4204.JPG","274.0"
"FAM_B.Msls 4205.JPG","274.0"
"FAM_B.Msls 4206.JPG","274.0"
"FAM_B.Msls 4207.JPG","274.0"
"FAM_B.Msls 4208.JPG","275.0"
"FAM_B.Msls 4209.JPG","275.0"
"FAM_B.Msls 4210.JPG","275.0"
"FAM_B.Msls 4211.JPG","275.0"
"FAM_B.Msls 4212.JPG","276.0"
"FAM_B.Msls 4213.JPG","276.0"
"FAM_B.Msls 4214.JPG","276.0"
"FAM_B.Msls 4215.JPG","276.0"
"FAM_B.Msls 4216.JPG","277.0"
"FAM_B.Msls 4217.JPG","277.0"
"FAM_B.Msls 4218.JPG","277.0"
"FAM_B.Msls 4219.JPG","277.0"
"FAM_B.Msls 4220.JPG","278.0"
"FAM_B.Msls 4221.JPG","278.0"
"FAM_B.Msls 4222.JPG","278.0"
"FAM_B.Msls 4223.JPG","278.0"
"FAM_B.Msls 4224.JPG","279.0"
"FAM_B.Msls 4225.JPG","279.0"
"FAM_B.Msls 4226.JPG","279.0"
"FAM_B.Msls 4227.JPG","279.0"
"FAM_B.Msls 4228.JPG","280.0"
"FAM_B.Msls 4229.JPG","280.0"
"FAM_B.Msls 4230.JPG","280.0"
"FAM_B.Msls 4231.JPG","280.0"
"FAM_B.Msls 4232.JPG","281.0"
"FAM_B.Msls 4233.JPG","281.0"
"FAM_B.Msls 4234.JPG","281.0"
"FAM_B.Msls 4235.JPG","281.0"
"FAM_B.Msls 4236.JPG","282.0"
"FAM_B.Msls 4237.JPG","282.0"
"FAM_B.Msls 4238.JPG","282.0"
"FAM_B.Msls 4239.JPG","282.0"
"FAM_B.Msls 4240.JPG","283.0"
"FAM_B.Msls 4241.JPG","283.0"
"FAM_B.Msls 4242.JPG","283.0"
"FAM_B.Msls 4243.JPG","283.0"
"FAM_B.Msls 4244.JPG","284.0"
"FAM_B.Msls 4245.JPG","284.0"
"FAM_B.Msls 4246.JPG","284.0"
"FAM_B.Msls 4247.JPG","284.0"
"FAM_B.Msls 4248.JPG","285.0"
"FAM_B.Msls 4249.JPG","285.0"
"FAM_B.Msls 4250.JPG","285.0"
"FAM_B.Msls 4251.JPG","285.0"
"FAM_B.Msls 4252.JPG","286.0"
"FAM_B.Msls 4253.JPG","286.0"
"FAM_B.Msls 4254.JPG","286.0"
"FAM_B.Msls 4255.JPG","286.0"
"FAM_B.Msls 4256.JPG","287.0"
"FAM_B.Msls 4257.JPG","287.0"
"FAM_B.Msls 4258.JPG","287.0"
"FAM_B.Msls 4259.JPG","287.0"
"FAM_B.Msls 4260.JPG","288.0"
"FAM_B.Msls 4261.JPG","288.0"
"FAM_B.Msls 4262.JPG","288.0"
"FAM_B.Msls 4263.JPG","288.0"
"FAM_B.Msls 4264.JPG","289.0"
"FAM_B.Msls 4265.JPG","289.0"
"FAM_B.Msls 4266.JPG","289.0"
"FAM_B.Msls 4267.JPG","289.0"
"FAM_B.Msls 4268.JPG","290.0"
"FAM_B.Msls 4269.JPG","290.0"
"FAM_B.Msls 4270.JPG","290.0"
"FAM_B.Msls 4271.JPG","290.0"
"FAM_B.Msls 4272.JPG","291.0"
"FAM_B.Msls 4273.JPG","291.0"
"FAM_B.Msls 4274.JPG","291.0"
"FAM_B.Msls 4275.JPG","291.0"
"FAM_B.Msls 4276.JPG","292.0"
"FAM_B.Msls 4277.JPG","292.0"
"FAM_B.Msls 4278.JPG","292.0"
"FAM_B.Msls 4279.JPG","292.0"
"FAM_B.Msls 4280.JPG","293.0"
"FAM_B.Msls 4281.JPG","293.0"
"FAM_B.Msls 4282.JPG","293.0"
"FAM_B.Msls 4283.JPG","293.0"
"FAM_B.Msls 4284.JPG","294.0"
"FAM_B.Msls 4285.JPG","294.0"
"FAM_B.Msls 4286.JPG","294.0"
"FAM_B.Msls 4287.JPG","294.0"
"FAM_B.Msls 4288.JPG","295.0"
"FAM_B.Msls 4289.JPG","295.0"
"FAM_B.Msls 4290.JPG","295.0"
"FAM_B.Msls 4291.JPG","295.0"
"FAM_B.Msls 4292.JPG","296.0"
"FAM_B.Msls 4293.JPG","296.0"
"FAM_B.Msls 4294.JPG","296.0"
"FAM_B.Msls 4295.JPG","296.0"
"FAM_B.Msls 4296.JPG","297.0"
"FAM_B.Msls 4297.JPG","297.0"
"FAM_B.Msls 4298.JPG","297.0"
"FAM_B.Msls 4299.JPG","297.0"
"FAM_B.Msls 4300.JPG","298.0"
"FAM_B.Msls 4301.JPG","298.0"
"FAM_B.Msls 4302.JPG","298.0"
"FAM_B.Msls 4303.JPG","298.0"
"FAM_B.Msls 4304.JPG","299.0"
"FAM_B.Msls 4305.JPG","299.0"
"FAM_B.Msls 4306.JPG","299.0"
"FAM_B.Msls 4307.JPG","299.0"
"FAM_B.Msls 4308.JPG","300.0"
"FAM_B.Msls 4309.JPG","300.0"
"FAM_B.Msls 4310.JPG","300.0"
"FAM_B.Msls 4311.JPG","300.0"
"FAM_B.Msls 4313.JPG","301.0"
"FAM_B.Msls 4314.JPG","301.0"
"FAM_B.Msls 4315.JPG","301.0"
"FAM_B.Msls 4316.JPG","301.0"
"FAM_B.Msls 4317.JPG","302.0"
"FAM_B.Msls 4318.JPG","302.0"
"FAM_B.Msls 4319.JPG","302.0"
"FAM_B.Msls 4320.JPG","302.0"
"FAM_B.Msls 4321.JPG","303.0"
"FAM_B.Msls 4322.JPG","303.0"
"FAM_B.Msls 4323.JPG","303.0"
"FAM_B.Msls 4324.JPG","303.0"
"FAM_B.Msls 4325.JPG","304.0"
"FAM_B.Msls 4326.JPG","304.0"
"FAM_B.Msls 4327.JPG","304.0"
"FAM_B.Msls 4328.JPG","304.0"
"FAM_B.Msls 4329.JPG","305.0"
"FAM_B.Msls 4330.JPG","305.0"
"FAM_B.Msls 4331.JPG","305.0"
"FAM_B.Msls 4332.JPG","305.0"
"FAM_B.Msls 4333.JPG","306.0"
"FAM_B.Msls 4334.JPG","306.0"
"FAM_B.Msls 4335.JPG","306.0"
"FAM_B.Msls 4336.JPG","306.0"
"FAM_B.Msls 4337.JPG","307.0"
"FAM_B.Msls 4338.JPG","307.0"
"FAM_B.Msls 4339.JPG","307.0"
"FAM_B.Msls 4340.JPG","307.0"
"FAM_B.Msls 4341.JPG","308.0"
"FAM_B.Msls 4342.JPG","308.0"
"FAM_B.Msls 4343.JPG","308.0"
"FAM_B.Msls 4344.JPG","308.0"
"FAM_B.Msls 4345.JPG","309.0"
"FAM_B.Msls 4346.JPG","309.0"
"FAM_B.Msls 4347.JPG","309.0"
"FAM_B.Msls 4348.JPG","309.0"
"FAM_B.Msls 4349.JPG","310.0"
"FAM_B.Msls 4350.JPG","310.0"
"FAM_B.Msls 4351.JPG","310.0"
"FAM_B.Msls 4352.JPG","310.0"
"FAM_B.Msls 4353.JPG","311.0"
"FAM_B.Msls 4354.JPG","311.0"
"FAM_B.Msls 4355.JPG","311.0"
"FAM_B.Msls 4356.JPG","311.0"
"FAM_B.Msls 4357.JPG","312.0"
"FAM_B.Msls 4358.JPG","312.0"
"FAM_B.Msls 4359.JPG","312.0"
"FAM_B.Msls 4360.JPG","312.0"
"FAM_B.Msls 4361.JPG","313.0"
"FAM_B.Msls 4362.JPG","313.0"
"FAM_B.Msls 4363.JPG","313.0"
"FAM_B.Msls 4364.JPG","313.0"
"FAM_B.Msls 4365.JPG","314.0"
"FAM_B.Msls 4366.JPG","314.0"
"FAM_B.Msls 4367.JPG","314.0"
"FAM_B.Msls 4368.JPG","314.0"
"FAM_B.Msls 4369.JPG","315.0"
"FAM_B.Msls 4370.JPG","315.0"
"FAM_B.Msls 4371.JPG","315.0"
"FAM_B.Msls 4372.JPG","315.0"
"FAM_B.Msls 4373.JPG","316.0"
"FAM_B.Msls 4374.JPG","316.0"
"FAM_B.Msls 4375.JPG","316.0"
"FAM_B.Msls 4376.JPG","316.0"
"FAM_B.Msls 4377.JPG","317.0"
"FAM_B.Msls 4379.JPG","317.0"
"FAM_B.Msls 4380.JPG","317.0"
"FAM_B.Msls 4381.JPG","317.0"
"FAM_B.Msls 4382.JPG","318.0"
"FAM_B.Msls 4383.JPG","318.0"
"FAM_B.Msls 4384.JPG","318.0"
"FAM_B.Msls 4385.JPG","318.0"
"FAM_B.Msls 4386.JPG","319.0"
"FAM_B.Msls 4387.JPG","319.0"
"FAM_B.Msls 4388.JPG","319.0"
"FAM_B.Msls 4389.JPG","319.0"
"FAM_B.Msls 4390.JPG","320.0"
"FAM_B.Msls 4391.JPG","320.0"
"FAM_B.Msls 4392.JPG","320.0"
"FAM_B.Msls 4393.JPG","320.0"
"FAM_B.Msls 4394.JPG","321.0"
"FAM_B.Msls 4395.JPG","321.0"
"FAM_B.Msls 4396.JPG","321.0"
"FAM_B.Msls 4397.JPG","321.0"
"FAM_B.Msls 4398.JPG","322.0"
"FAM_B.Msls 4399.JPG","322.0"
"FAM_B.Msls 4400.JPG","322.0"
"FAM_B.Msls 4401.JPG","322.0"
"FAM_B.Msls 4402.JPG","323.0"
"FAM_B.Msls 4403.JPG","323.0"
"FAM_B.Msls 4404.JPG","323.0"
"FAM_B.Msls 4405.JPG","323.0"
"FAM_B.Msls 4406.JPG","324.0"
"FAM_B.Msls 4407.JPG","324.0"
"FAM_B.Msls 4408.JPG","324.0"
"FAM_B.Msls 4409.JPG","324.0"
"FAM_B.Msls 4410.JPG","325.0"
"FAM_B.Msls 4411.JPG","325.0"
"FAM_B.Msls 4412.JPG","325.0"
"FAM_B.Msls 4413.JPG","325.0"
"FAM_B.Msls 4414.JPG","326.0"
"FAM_B.Msls 4415.JPG","326.0"
"FAM_B.Msls 4416.JPG","326.0"
"FAM_B.Msls 4417.JPG","326.0"
"FAM_B.Msls 4418.JPG","327.0"
"FAM_B.Msls 4419.JPG","327.0"
"FAM_B.Msls 4420.JPG","327.0"
"FAM_B.Msls 4421.JPG","327.0"
"FAM_B.Msls 4422.JPG","328.0"
"FAM_B.Msls 4423.JPG","328.0"
"FAM_B.Msls 4424.JPG","328.0"
"FAM_B.Msls 4425.JPG","328.0"
"FAM_B.Msls 4426.JPG","329.0"
"FAM_B.Msls 4427.JPG","329.0"
"FAM_B.Msls 4428.JPG","329.0"
"FAM_B.Msls 4429.JPG","329.0"
"FAM_B.Msls 4430.JPG","330.0"
"FAM_B.Msls 4431.JPG","330.0"
"FAM_B.Msls 4432.JPG","330.0"
"FAM_B.Msls 4433.JPG","330.0"
"FAM_B.Msls 4434.JPG","331.0"
"FAM_B.Msls 4435.JPG","331.0"
"FAM_B.Msls 4436.JPG","331.0"
"FAM_B.Msls 4437.JPG","331.0"
"FAM_B.Msls 4438.JPG","332.0"
"FAM_B.Msls 4439.JPG","332.0"
"FAM_B.Msls 4440.JPG","332.0"
"FAM_B.Msls 4441.JPG","332.0"
"FAM_B.Msls 4442.JPG","333.0"
"FAM_B.Msls 4443.JPG","333.0"
"FAM_B.Msls 4444.JPG","333.0"
"FAM_B.Msls 4445.JPG","333.0"
"FAM_B.Msls 4446.JPG","334.0"
"FAM_B.Msls 4447.JPG","334.0"
"FAM_B.Msls 4448.JPG","334.0"
"FAM_B.Msls 4449.JPG","334.0"
"FAM_B.Msls 4450.JPG","335.0"
"FAM_B.Msls 4451.JPG","335.0"
"FAM_B.Msls 4452.JPG","335.0"
"FAM_B.Msls 4453.JPG","335.0"
"FAM_B.Msls 4454.JPG","336.0"
"FAM_B.Msls 4455.JPG","336.0"
"FAM_B.Msls 4456.JPG","336.0"
"FAM_B.Msls 4457.JPG","336.0"
"FAM_B.Msls 4458.JPG","337.0"
"FAM_B.Msls 4459.JPG","337.0"
"FAM_B.Msls 4460.JPG","337.0"
"FAM_B.Msls 4461.JPG","337.0"
"FAM_B.Msls 4462.JPG","338.0"
"FAM_B.Msls 4463.JPG","338.0"
"FAM_B.Msls 4464.JPG","338.0"
"FAM_B.Msls 4465.JPG","338.0"
"FAM_B.Msls 4466.JPG","339.0"
"FAM_B.Msls 4467.JPG","339.0"
"FAM_B.Msls 4468.JPG","339.0"
"FAM_B.Msls 4469.JPG","339.0"
"FAM_B.Msls 4470.JPG","340.0"
"FAM_B.Msls 4471.JPG","340.0"
"FAM_B.Msls 4472.JPG","340.0"
"FAM_B.Msls 4473.JPG","340.0"
"FAM_B.Msls 4474.JPG","341.0"
"FAM_B.Msls 4475.JPG","341.0"
"FAM_B.Msls 4476.JPG","341.0"
"FAM_B.Msls 4477.JPG","341.0"
"FAM_B.Msls 4478.JPG","342.0"
"FAM_B.Msls 4479.JPG","342.0"
"FAM_B.Msls 4480.JPG","342.0"
"FAM_B.Msls 4481.JPG","342.0"
"FAM_B.Msls 4482.JPG","343.0"
"FAM_B.Msls 4483.JPG","343.0"
"FAM_B.Msls 4484.JPG","343.0"
"FAM_B.Msls 4485.JPG","343.0"
"FAM_B.Msls 4486.JPG","344.0"
"FAM_B.Msls 4487.JPG","344.0"
"FAM_B.Msls 4488.JPG","344.0"
"FAM_B.Msls 4489.JPG","344.0"
"FAM_B.Msls 4490.JPG","345.0"
"FAM_B.Msls 4491.JPG","345.0"
"FAM_B.Msls 4492.JPG","345.0"
"FAM_B.Msls 4493.JPG","345.0"
"FAM_B.Msls 4494.JPG","346.0"
"FAM_B.Msls 4495.JPG","346.0"
"FAM_B.Msls 4496.JPG","346.0"
"FAM_B.Msls 4497.JPG","346.0"
