"File Name","Leaf #"
"Rut._Bact.S 0740.JPG","1.0"
"Rut._Bact.S 0741.JPG","1.0"
"Rut._Bact.S 0742.JPG","1.0"
"Rut._Bact.S 0743.JPG","1.0"
"Rut._Bact.S 0744.JPG","1.0"
"Rut._Bact.S 0745.JPG","1.0"
"Rut._Bact.S 0746.JPG","2.0"
"Rut._Bact.S 0747.JPG","2.0"
"Rut._Bact.S 0748.JPG","2.0"
"Rut._Bact.S 0749.JPG","2.0"
"Rut._Bact.S 0750.JPG","2.0"
"Rut._Bact.S 0751.JPG","3.0"
"Rut._Bact.S 0752.JPG","3.0"
"Rut._Bact.S 0753.JPG","3.0"
"Rut._Bact.S 0754.JPG","3.0"
"Rut._Bact.S 0755.JPG","3.0"
"Rut._Bact.S 0756.JPG","3.0"
"Rut._Bact.S 0757.JPG","4.0"
"Rut._Bact.S 0758.JPG","4.0"
"Rut._Bact.S 0759.JPG","4.0"
"Rut._Bact.S 0760.JPG","4.0"
"Rut._Bact.S 0761.JPG","4.0"
"Rut._Bact.S 0762.JPG","4.0"
"Rut._Bact.S 0763.JPG","5.0"
"Rut._Bact.S 0764.JPG","5.0"
"Rut._Bact.S 0765.JPG","5.0"
"Rut._Bact.S 0766.JPG","5.0"
"Rut._Bact.S 0767.JPG","5.0"
"Rut._Bact.S 0768.JPG","5.0"
"Rut._Bact.S 0769.JPG","6.0"
"Rut._Bact.S 0770.JPG","6.0"
"Rut._Bact.S 0771.JPG","6.0"
"Rut._Bact.S 0772.JPG","6.0"
"Rut._Bact.S 0773.JPG","6.0"
"Rut._Bact.S 0774.JPG","6.0"
"Rut._Bact.S 0775.JPG","7.0"
"Rut._Bact.S 0776.JPG","7.0"
"Rut._Bact.S 0777.JPG","7.0"
"Rut._Bact.S 0778.JPG","7.0"
"Rut._Bact.S 0779.JPG","7.0"
"Rut._Bact.S 0780.JPG","8.0"
"Rut._Bact.S 0781.JPG","8.0"
"Rut._Bact.S 0782.JPG","8.0"
"Rut._Bact.S 0783.JPG","8.0"
"Rut._Bact.S 0784.JPG","8.0"
"Rut._Bact.S 0785.JPG","8.0"
"Rut._Bact.S 0786.JPG","9.0"
"Rut._Bact.S 0787.JPG","9.0"
"Rut._Bact.S 0788.JPG","9.0"
"Rut._Bact.S 0789.JPG","9.0"
"Rut._Bact.S 0790.JPG","9.0"
"Rut._Bact.S 0791.JPG","9.0"
"Rut._Bact.S 0792.JPG","10.0"
"Rut._Bact.S 0793.JPG","10.0"
"Rut._Bact.S 0794.JPG","10.0"
"Rut._Bact.S 0795.JPG","10.0"
"Rut._Bact.S 0796.JPG","10.0"
"Rut._Bact.S 0797.JPG","10.0"
"Rut._Bact.S 0798.JPG","11.0"
"Rut._Bact.S 0799.JPG","11.0"
"Rut._Bact.S 0800.JPG","11.0"
"Rut._Bact.S 0801.JPG","11.0"
"Rut._Bact.S 0802.JPG","11.0"
"Rut._Bact.S 0803.JPG","11.0"
"Rut._Bact.S 0804.JPG","12.0"
"Rut._Bact.S 0805.JPG","12.0"
"Rut._Bact.S 0806.JPG","12.0"
"Rut._Bact.S 0807.JPG","12.0"
"Rut._Bact.S 0808.JPG","12.0"
"Rut._Bact.S 0809.JPG","12.0"
"Rut._Bact.S 0810.JPG","13.0"
"Rut._Bact.S 0811.JPG","13.0"
"Rut._Bact.S 0812.JPG","13.0"
"Rut._Bact.S 0813.JPG","13.0"
"Rut._Bact.S 0814.JPG","13.0"
"Rut._Bact.S 0815.JPG","13.0"
"Rut._Bact.S 0816.JPG","14.0"
"Rut._Bact.S 0817.JPG","14.0"
"Rut._Bact.S 0818.JPG","14.0"
"Rut._Bact.S 0819.JPG","14.0"
"Rut._Bact.S 0820.JPG","14.0"
"Rut._Bact.S 0821.JPG","14.0"
"Rut._Bact.S 0822.JPG","15.0"
"Rut._Bact.S 0823.JPG","15.0"
"Rut._Bact.S 0824.JPG","15.0"
"Rut._Bact.S 0825.JPG","15.0"
"Rut._Bact.S 0826.JPG","15.0"
"Rut._Bact.S 0827.JPG","15.0"
"Rut._Bact.S 0828.JPG","16.0"
"Rut._Bact.S 0829.JPG","16.0"
"Rut._Bact.S 0830.JPG","16.0"
"Rut._Bact.S 0831.JPG","16.0"
"Rut._Bact.S 0832.JPG","16.0"
"Rut._Bact.S 0833.JPG","16.0"
"Rut._Bact.S 0834.JPG","17.0"
"Rut._Bact.S 0835.JPG","17.0"
"Rut._Bact.S 0836.JPG","17.0"
"Rut._Bact.S 0837.JPG","17.0"
"Rut._Bact.S 0838.JPG","17.0"
"Rut._Bact.S 0839.JPG","17.0"
"Rut._Bact.S 0840.JPG","18.0"
"Rut._Bact.S 0841.JPG","18.0"
"Rut._Bact.S 0842.JPG","18.0"
"Rut._Bact.S 0843.JPG","18.0"
"Rut._Bact.S 0844.JPG","18.0"
"Rut._Bact.S 0845.JPG","18.0"
"Rut._Bact.S 0846.JPG","19.0"
"Rut._Bact.S 0847.JPG","19.0"
"Rut._Bact.S 0848.JPG","19.0"
"Rut._Bact.S 0849.JPG","19.0"
"Rut._Bact.S 0850.JPG","19.0"
"Rut._Bact.S 0851.JPG","19.0"
"Rut._Bact.S 0852.JPG","20.0"
"Rut._Bact.S 0853.JPG","20.0"
"Rut._Bact.S 0854.JPG","20.0"
"Rut._Bact.S 0855.JPG","20.0"
"Rut._Bact.S 0856.JPG","20.0"
"Rut._Bact.S 0857.JPG","20.0"
"Rut._Bact.S 0858.JPG","21.0"
"Rut._Bact.S 0859.JPG","21.0"
"Rut._Bact.S 0860.JPG","21.0"
"Rut._Bact.S 0861.JPG","21.0"
"Rut._Bact.S 0862.JPG","21.0"
"Rut._Bact.S 0863.JPG","21.0"
"Rut._Bact.S 0864.JPG","22.0"
"Rut._Bact.S 0865.JPG","22.0"
"Rut._Bact.S 0866.JPG","22.0"
"Rut._Bact.S 0867.JPG","22.0"
"Rut._Bact.S 0868.JPG","22.0"
"Rut._Bact.S 0869.JPG","22.0"
"Rut._Bact.S 0871.JPG","23.0"
"Rut._Bact.S 0872.JPG","23.0"
"Rut._Bact.S 0873.JPG","23.0"
"Rut._Bact.S 0874.JPG","23.0"
"Rut._Bact.S 0875.JPG","23.0"
"Rut._Bact.S 0876.JPG","24.0"
"Rut._Bact.S 0877.JPG","24.0"
"Rut._Bact.S 0878.JPG","24.0"
"Rut._Bact.S 0879.JPG","24.0"
"Rut._Bact.S 0880.JPG","24.0"
"Rut._Bact.S 0881.JPG","24.0"
"Rut._Bact.S 0882.JPG","25.0"
"Rut._Bact.S 0883.JPG","25.0"
"Rut._Bact.S 0884.JPG","25.0"
"Rut._Bact.S 0885.JPG","25.0"
"Rut._Bact.S 0886.JPG","25.0"
"Rut._Bact.S 0887.JPG","25.0"
"Rut._Bact.S 0888.JPG","25.0"
"Rut._Bact.S 0889.JPG","26.0"
"Rut._Bact.S 0890.JPG","26.0"
"Rut._Bact.S 0891.JPG","26.0"
"Rut._Bact.S 0892.JPG","26.0"
"Rut._Bact.S 0893.JPG","26.0"
"Rut._Bact.S 0894.JPG","26.0"
"Rut._Bact.S 0895.JPG","27.0"
"Rut._Bact.S 0896.JPG","27.0"
"Rut._Bact.S 0897.JPG","27.0"
"Rut._Bact.S 0898.JPG","27.0"
"Rut._Bact.S 0899.JPG","27.0"
"Rut._Bact.S 0900.JPG","27.0"
"Rut._Bact.S 0901.JPG","28.0"
"Rut._Bact.S 0902.JPG","28.0"
"Rut._Bact.S 0903.JPG","28.0"
"Rut._Bact.S 0904.JPG","28.0"
"Rut._Bact.S 0905.JPG","28.0"
"Rut._Bact.S 0906.JPG","28.0"
"Rut._Bact.S 0907.JPG","29.0"
"Rut._Bact.S 0908.JPG","29.0"
"Rut._Bact.S 0909.JPG","29.0"
"Rut._Bact.S 0910.JPG","29.0"
"Rut._Bact.S 0911.JPG","29.0"
"Rut._Bact.S 0912.JPG","29.0"
"Rut._Bact.S 0913.JPG","30.0"
"Rut._Bact.S 0914.JPG","30.0"
"Rut._Bact.S 0915.JPG","30.0"
"Rut._Bact.S 0916.JPG","30.0"
"Rut._Bact.S 0917.JPG","30.0"
"Rut._Bact.S 0918.JPG","30.0"
"Rut._Bact.S 0919.JPG","31.0"
"Rut._Bact.S 0920.JPG","31.0"
"Rut._Bact.S 0921.JPG","31.0"
"Rut._Bact.S 0922.JPG","31.0"
"Rut._Bact.S 0923.JPG","31.0"
"Rut._Bact.S 0924.JPG","31.0"
"Rut._Bact.S 0925.JPG","32.0"
"Rut._Bact.S 0926.JPG","32.0"
"Rut._Bact.S 0927.JPG","32.0"
"Rut._Bact.S 0928.JPG","32.0"
"Rut._Bact.S 0929.JPG","32.0"
"Rut._Bact.S 0930.JPG","32.0"
"Rut._Bact.S 0931.JPG","33.0"
"Rut._Bact.S 0932.JPG","33.0"
"Rut._Bact.S 0933.JPG","33.0"
"Rut._Bact.S 0934.JPG","33.0"
"Rut._Bact.S 0935.JPG","33.0"
"Rut._Bact.S 0936.JPG","33.0"
"Rut._Bact.S 0937.JPG","34.0"
"Rut._Bact.S 0938.JPG","34.0"
"Rut._Bact.S 0939.JPG","34.0"
"Rut._Bact.S 0940.JPG","34.0"
"Rut._Bact.S 0941.JPG","34.0"
"Rut._Bact.S 0942.JPG","34.0"
"Rut._Bact.S 0943.JPG","35.0"
"Rut._Bact.S 0944.JPG","35.0"
"Rut._Bact.S 0945.JPG","35.0"
"Rut._Bact.S 0946.JPG","35.0"
"Rut._Bact.S 0947.JPG","35.0"
"Rut._Bact.S 0948.JPG","35.0"
"Rut._Bact.S 0949.JPG","36.0"
"Rut._Bact.S 0950.JPG","36.0"
"Rut._Bact.S 0951.JPG","36.0"
"Rut._Bact.S 0952.JPG","36.0"
"Rut._Bact.S 0953.JPG","36.0"
"Rut._Bact.S 0954.JPG","36.0"
"Rut._Bact.S 0955.JPG","37.0"
"Rut._Bact.S 0956.JPG","37.0"
"Rut._Bact.S 0957.JPG","37.0"
"Rut._Bact.S 0958.JPG","37.0"
"Rut._Bact.S 0959.JPG","37.0"
"Rut._Bact.S 0960.JPG","37.0"
"Rut._Bact.S 0961.JPG","38.0"
"Rut._Bact.S 0963.JPG","38.0"
"Rut._Bact.S 0964.JPG","38.0"
"Rut._Bact.S 0965.JPG","38.0"
"Rut._Bact.S 0966.JPG","38.0"
"Rut._Bact.S 0967.JPG","38.0"
"Rut._Bact.S 0968.JPG","39.0"
"Rut._Bact.S 0969.JPG","39.0"
"Rut._Bact.S 0970.JPG","39.0"
"Rut._Bact.S 0971.JPG","39.0"
"Rut._Bact.S 0972.JPG","39.0"
"Rut._Bact.S 0973.JPG","39.0"
"Rut._Bact.S 0974.JPG","40.0"
"Rut._Bact.S 0975.JPG","40.0"
"Rut._Bact.S 0976.JPG","40.0"
"Rut._Bact.S 0977.JPG","40.0"
"Rut._Bact.S 0978.JPG","40.0"
"Rut._Bact.S 0979.JPG","40.0"
"Rut._Bact.S 0980.JPG","41.0"
"Rut._Bact.S 0981.JPG","41.0"
"Rut._Bact.S 0982.JPG","41.0"
"Rut._Bact.S 0983.JPG","41.0"
"Rut._Bact.S 0984.JPG","41.0"
"Rut._Bact.S 0985.JPG","41.0"
"Rut._Bact.S 0986.JPG","42.0"
"Rut._Bact.S 0987.JPG","42.0"
"Rut._Bact.S 0988.JPG","42.0"
"Rut._Bact.S 0989.JPG","42.0"
"Rut._Bact.S 0990.JPG","42.0"
"Rut._Bact.S 0991.JPG","42.0"
"Rut._Bact.S 0992.JPG","43.0"
"Rut._Bact.S 0993.JPG","43.0"
"Rut._Bact.S 0994.JPG","43.0"
"Rut._Bact.S 0995.JPG","43.0"
"Rut._Bact.S 0996.JPG","43.0"
"Rut._Bact.S 0997.JPG","43.0"
"Rut._Bact.S 0998.JPG","44.0"
"Rut._Bact.S 0999.JPG","44.0"
"Rut._Bact.S 1000.JPG","44.0"
"Rut._Bact.S 1001.JPG","44.0"
"Rut._Bact.S 1002.JPG","44.0"
"Rut._Bact.S 1003.JPG","44.0"
"Rut._Bact.S 1004.JPG","45.0"
"Rut._Bact.S 1005.JPG","45.0"
"Rut._Bact.S 1006.JPG","45.0"
"Rut._Bact.S 1007.JPG","45.0"
"Rut._Bact.S 1008.JPG","45.0"
"Rut._Bact.S 1009.JPG","45.0"
"Rut._Bact.S 1010.JPG","46.0"
"Rut._Bact.S 1011.JPG","46.0"
"Rut._Bact.S 1012.JPG","46.0"
"Rut._Bact.S 1013.JPG","46.0"
"Rut._Bact.S 1014.JPG","46.0"
"Rut._Bact.S 1015.JPG","47.0"
"Rut._Bact.S 1016.JPG","47.0"
"Rut._Bact.S 1017.JPG","47.0"
"Rut._Bact.S 1018.JPG","47.0"
"Rut._Bact.S 1019.JPG","47.0"
"Rut._Bact.S 1020.JPG","47.0"
"Rut._Bact.S 1021.JPG","48.0"
"Rut._Bact.S 1022.JPG","48.0"
"Rut._Bact.S 1023.JPG","48.0"
"Rut._Bact.S 1024.JPG","48.0"
"Rut._Bact.S 1025.JPG","48.0"
"Rut._Bact.S 1026.JPG","48.0"
"Rut._Bact.S 1027.JPG","49.0"
"Rut._Bact.S 1028.JPG","49.0"
"Rut._Bact.S 1029.JPG","49.0"
"Rut._Bact.S 1030.JPG","49.0"
"Rut._Bact.S 1032.JPG","49.0"
"Rut._Bact.S 1033.JPG","49.0"
"Rut._Bact.S 1034.JPG","50.0"
"Rut._Bact.S 1035.JPG","50.0"
"Rut._Bact.S 1036.JPG","50.0"
"Rut._Bact.S 1037.JPG","50.0"
"Rut._Bact.S 1038.JPG","50.0"
"Rut._Bact.S 1039.JPG","50.0"
"Rut._Bact.S 1040.JPG","51.0"
"Rut._Bact.S 1041.JPG","51.0"
"Rut._Bact.S 1042.JPG","51.0"
"Rut._Bact.S 1043.JPG","51.0"
"Rut._Bact.S 1044.JPG","51.0"
"Rut._Bact.S 1045.JPG","51.0"
"Rut._Bact.S 1046.JPG","52.0"
"Rut._Bact.S 1047.JPG","52.0"
"Rut._Bact.S 1048.JPG","52.0"
"Rut._Bact.S 1049.JPG","52.0"
"Rut._Bact.S 1050.JPG","52.0"
"Rut._Bact.S 1051.JPG","52.0"
"Rut._Bact.S 1052.JPG","53.0"
"Rut._Bact.S 1053.JPG","53.0"
"Rut._Bact.S 1054.JPG","53.0"
"Rut._Bact.S 1055.JPG","53.0"
"Rut._Bact.S 1056.JPG","53.0"
"Rut._Bact.S 1057.JPG","53.0"
"Rut._Bact.S 1058.JPG","54.0"
"Rut._Bact.S 1059.JPG","54.0"
"Rut._Bact.S 1060.JPG","54.0"
"Rut._Bact.S 1061.JPG","54.0"
"Rut._Bact.S 1062.JPG","54.0"
"Rut._Bact.S 1063.JPG","54.0"
"Rut._Bact.S 1064.JPG","55.0"
"Rut._Bact.S 1065.JPG","55.0"
"Rut._Bact.S 1066.JPG","55.0"
"Rut._Bact.S 1067.JPG","55.0"
"Rut._Bact.S 1068.JPG","55.0"
"Rut._Bact.S 1069.JPG","55.0"
"Rut._Bact.S 1070.JPG","56.0"
"Rut._Bact.S 1071.JPG","56.0"
"Rut._Bact.S 1072.JPG","56.0"
"Rut._Bact.S 1073.JPG","56.0"
"Rut._Bact.S 1074.JPG","56.0"
"Rut._Bact.S 1075.JPG","56.0"
"Rut._Bact.S 1076.JPG","57.0"
"Rut._Bact.S 1077.JPG","57.0"
"Rut._Bact.S 1078.JPG","57.0"
"Rut._Bact.S 1079.JPG","57.0"
"Rut._Bact.S 1080.JPG","57.0"
"Rut._Bact.S 1081.JPG","57.0"
"Rut._Bact.S 1082.JPG","58.0"
"Rut._Bact.S 1083.JPG","58.0"
"Rut._Bact.S 1084.JPG","58.0"
"Rut._Bact.S 1085.JPG","58.0"
"Rut._Bact.S 1086.JPG","58.0"
"Rut._Bact.S 1087.JPG","58.0"
"Rut._Bact.S 1088.JPG","59.0"
"Rut._Bact.S 1089.JPG","59.0"
"Rut._Bact.S 1090.JPG","59.0"
"Rut._Bact.S 1091.JPG","59.0"
"Rut._Bact.S 1092.JPG","59.0"
"Rut._Bact.S 1093.JPG","60.0"
"Rut._Bact.S 1094.JPG","60.0"
"Rut._Bact.S 1095.JPG","60.0"
"Rut._Bact.S 1096.JPG","60.0"
"Rut._Bact.S 1097.JPG","60.0"
"Rut._Bact.S 1098.JPG","60.0"
"Rut._Bact.S 1099.JPG","61.0"
"Rut._Bact.S 1100.JPG","61.0"
"Rut._Bact.S 1101.JPG","61.0"
"Rut._Bact.S 1102.JPG","61.0"
"Rut._Bact.S 1103.JPG","61.0"
"Rut._Bact.S 1104.JPG","61.0"
"Rut._Bact.S 1105.JPG","62.0"
"Rut._Bact.S 1106.JPG","62.0"
"Rut._Bact.S 1107.JPG","62.0"
"Rut._Bact.S 1108.JPG","62.0"
"Rut._Bact.S 1109.JPG","62.0"
"Rut._Bact.S 1110.JPG","62.0"
"Rut._Bact.S 1111.JPG","63.0"
"Rut._Bact.S 1112.JPG","63.0"
"Rut._Bact.S 1113.JPG","63.0"
"Rut._Bact.S 1114.JPG","63.0"
"Rut._Bact.S 1115.JPG","63.0"
"Rut._Bact.S 1116.JPG","63.0"
"Rut._Bact.S 1117.JPG","64.0"
"Rut._Bact.S 1118.JPG","64.0"
"Rut._Bact.S 1119.JPG","64.0"
"Rut._Bact.S 1120.JPG","64.0"
"Rut._Bact.S 1121.JPG","64.0"
"Rut._Bact.S 1122.JPG","64.0"
"Rut._Bact.S 1123.JPG","65.0"
"Rut._Bact.S 1124.JPG","65.0"
"Rut._Bact.S 1125.JPG","65.0"
"Rut._Bact.S 1126.JPG","65.0"
"Rut._Bact.S 1127.JPG","65.0"
"Rut._Bact.S 1128.JPG","65.0"
"Rut._Bact.S 1129.JPG","66.0"
"Rut._Bact.S 1130.JPG","66.0"
"Rut._Bact.S 1131.JPG","66.0"
"Rut._Bact.S 1132.JPG","66.0"
"Rut._Bact.S 1133.JPG","66.0"
"Rut._Bact.S 1134.JPG","66.0"
"Rut._Bact.S 1135.JPG","67.0"
"Rut._Bact.S 1136.JPG","67.0"
"Rut._Bact.S 1137.JPG","67.0"
"Rut._Bact.S 1138.JPG","67.0"
"Rut._Bact.S 1139.JPG","67.0"
"Rut._Bact.S 1140.JPG","67.0"
"Rut._Bact.S 1141.JPG","68.0"
"Rut._Bact.S 1142.JPG","68.0"
"Rut._Bact.S 1143.JPG","68.0"
"Rut._Bact.S 1144.JPG","68.0"
"Rut._Bact.S 1145.JPG","68.0"
"Rut._Bact.S 1146.JPG","68.0"
"Rut._Bact.S 1147.JPG","69.0"
"Rut._Bact.S 1148.JPG","69.0"
"Rut._Bact.S 1149.JPG","69.0"
"Rut._Bact.S 1150.JPG","69.0"
"Rut._Bact.S 1151.JPG","69.0"
"Rut._Bact.S 1152.JPG","69.0"
"Rut._Bact.S 1153.JPG","70.0"
"Rut._Bact.S 1154.JPG","70.0"
"Rut._Bact.S 1155.JPG","70.0"
"Rut._Bact.S 1156.JPG","70.0"
"Rut._Bact.S 1157.JPG","70.0"
"Rut._Bact.S 1158.JPG","70.0"
"Rut._Bact.S 1159.JPG","71.0"
"Rut._Bact.S 1160.JPG","71.0"
"Rut._Bact.S 1161.JPG","71.0"
"Rut._Bact.S 1162.JPG","71.0"
"Rut._Bact.S 1163.JPG","71.0"
"Rut._Bact.S 1164.JPG","71.0"
"Rut._Bact.S 1165.JPG","72.0"
"Rut._Bact.S 1166.JPG","72.0"
"Rut._Bact.S 1167.JPG","72.0"
"Rut._Bact.S 1168.JPG","72.0"
"Rut._Bact.S 1169.JPG","72.0"
"Rut._Bact.S 1170.JPG","72.0"
"Rut._Bact.S 1171.JPG","73.0"
"Rut._Bact.S 1172.JPG","73.0"
"Rut._Bact.S 1173.JPG","73.0"
"Rut._Bact.S 1174.JPG","73.0"
"Rut._Bact.S 1175.JPG","73.0"
"Rut._Bact.S 1176.JPG","73.0"
"Rut._Bact.S 1177.JPG","74.0"
"Rut._Bact.S 1178.JPG","74.0"
"Rut._Bact.S 1179.JPG","74.0"
"Rut._Bact.S 1180.JPG","74.0"
"Rut._Bact.S 1181.JPG","74.0"
"Rut._Bact.S 1182.JPG","74.0"
"Rut._Bact.S 1183.JPG","75.0"
"Rut._Bact.S 1184.JPG","75.0"
"Rut._Bact.S 1185.JPG","75.0"
"Rut._Bact.S 1186.JPG","75.0"
"Rut._Bact.S 1187.JPG","75.0"
"Rut._Bact.S 1188.JPG","75.0"
"Rut._Bact.S 1189.JPG","76.0"
"Rut._Bact.S 1190.JPG","76.0"
"Rut._Bact.S 1191.JPG","76.0"
"Rut._Bact.S 1192.JPG","76.0"
"Rut._Bact.S 1193.JPG","76.0"
"Rut._Bact.S 1194.JPG","76.0"
"Rut._Bact.S 1195.JPG","77.0"
"Rut._Bact.S 1196.JPG","77.0"
"Rut._Bact.S 1197.JPG","77.0"
"Rut._Bact.S 1198.JPG","77.0"
"Rut._Bact.S 1199.JPG","77.0"
"Rut._Bact.S 1200.JPG","77.0"
"Rut._Bact.S 1201.JPG","78.0"
"Rut._Bact.S 1202.JPG","78.0"
"Rut._Bact.S 1203.JPG","78.0"
"Rut._Bact.S 1204.JPG","78.0"
"Rut._Bact.S 1205.JPG","78.0"
"Rut._Bact.S 1206.JPG","78.0"
"Rut._Bact.S 1207.JPG","79.0"
"Rut._Bact.S 1208.JPG","79.0"
"Rut._Bact.S 1209.JPG","79.0"
"Rut._Bact.S 1210.JPG","79.0"
"Rut._Bact.S 1211.JPG","79.0"
"Rut._Bact.S 1212.JPG","79.0"
"Rut._Bact.S 1213.JPG","80.0"
"Rut._Bact.S 1214.JPG","80.0"
"Rut._Bact.S 1215.JPG","80.0"
"Rut._Bact.S 1216.JPG","80.0"
"Rut._Bact.S 1217.JPG","80.0"
"Rut._Bact.S 1218.JPG","80.0"
"Rut._Bact.S 1219.JPG","81.0"
"Rut._Bact.S 1220.JPG","81.0"
"Rut._Bact.S 1221.JPG","81.0"
"Rut._Bact.S 1222.JPG","81.0"
"Rut._Bact.S 1223.JPG","81.0"
"Rut._Bact.S 1224.JPG","81.0"
"Rut._Bact.S 1225.JPG","82.0"
"Rut._Bact.S 1226.JPG","82.0"
"Rut._Bact.S 1227.JPG","82.0"
"Rut._Bact.S 1228.JPG","82.0"
"Rut._Bact.S 1229.JPG","82.0"
"Rut._Bact.S 1230.JPG","82.0"
"Rut._Bact.S 1231.JPG","83.0"
"Rut._Bact.S 1232.JPG","83.0"
"Rut._Bact.S 1233.JPG","83.0"
"Rut._Bact.S 1234.JPG","83.0"
"Rut._Bact.S 1235.JPG","83.0"
"Rut._Bact.S 1236.JPG","83.0"
"Rut._Bact.S 1237.JPG","84.0"
"Rut._Bact.S 1238.JPG","84.0"
"Rut._Bact.S 1239.JPG","84.0"
"Rut._Bact.S 1240.JPG","84.0"
"Rut._Bact.S 1241.JPG","84.0"
"Rut._Bact.S 1242.JPG","84.0"
"Rut._Bact.S 1243.JPG","85.0"
"Rut._Bact.S 1244.JPG","85.0"
"Rut._Bact.S 1245.JPG","85.0"
"Rut._Bact.S 1246.JPG","85.0"
"Rut._Bact.S 1247.JPG","85.0"
"Rut._Bact.S 1248.JPG","85.0"
"Rut._Bact.S 1249.JPG","86.0"
"Rut._Bact.S 1250.JPG","86.0"
"Rut._Bact.S 1251.JPG","86.0"
"Rut._Bact.S 1252.JPG","86.0"
"Rut._Bact.S 1253.JPG","86.0"
"Rut._Bact.S 1254.JPG","86.0"
"Rut._Bact.S 1255.JPG","87.0"
"Rut._Bact.S 1256.JPG","87.0"
"Rut._Bact.S 1257.JPG","87.0"
"Rut._Bact.S 1258.JPG","87.0"
"Rut._Bact.S 1259.JPG","87.0"
"Rut._Bact.S 1260.JPG","87.0"
"Rut._Bact.S 1261.JPG","88.0"
"Rut._Bact.S 1262.JPG","88.0"
"Rut._Bact.S 1263.JPG","88.0"
"Rut._Bact.S 1264.JPG","88.0"
"Rut._Bact.S 1265.JPG","88.0"
"Rut._Bact.S 1266.JPG","88.0"
"Rut._Bact.S 1267.JPG","89.0"
"Rut._Bact.S 1268.JPG","89.0"
"Rut._Bact.S 1269.JPG","89.0"
"Rut._Bact.S 1270.JPG","89.0"
"Rut._Bact.S 1271.JPG","89.0"
"Rut._Bact.S 1272.JPG","89.0"
"Rut._Bact.S 1273.JPG","90.0"
"Rut._Bact.S 1274.JPG","90.0"
"Rut._Bact.S 1275.JPG","90.0"
"Rut._Bact.S 1276.JPG","90.0"
"Rut._Bact.S 1277.JPG","90.0"
"Rut._Bact.S 1278.JPG","90.0"
"Rut._Bact.S 1279.JPG","91.0"
"Rut._Bact.S 1280.JPG","91.0"
"Rut._Bact.S 1281.JPG","91.0"
"Rut._Bact.S 1282.JPG","91.0"
"Rut._Bact.S 1283.JPG","91.0"
"Rut._Bact.S 1284.JPG","91.0"
"Rut._Bact.S 1285.JPG","92.0"
"Rut._Bact.S 1286.JPG","92.0"
"Rut._Bact.S 1287.JPG","92.0"
"Rut._Bact.S 1288.JPG","92.0"
"Rut._Bact.S 1289.JPG","92.0"
"Rut._Bact.S 1290.JPG","92.0"
"Rut._Bact.S 1291.JPG","93.0"
"Rut._Bact.S 1292.JPG","93.0"
"Rut._Bact.S 1293.JPG","93.0"
"Rut._Bact.S 1294.JPG","93.0"
"Rut._Bact.S 1295.JPG","93.0"
"Rut._Bact.S 1296.JPG","93.0"
"Rut._Bact.S 1297.JPG","94.0"
"Rut._Bact.S 1298.JPG","94.0"
"Rut._Bact.S 1299.JPG","94.0"
"Rut._Bact.S 1300.JPG","94.0"
"Rut._Bact.S 1301.JPG","94.0"
"Rut._Bact.S 1302.JPG","94.0"
"Rut._Bact.S 1303.JPG","95.0"
"Rut._Bact.S 1304.JPG","95.0"
"Rut._Bact.S 1305.JPG","95.0"
"Rut._Bact.S 1306.JPG","95.0"
"Rut._Bact.S 1307.JPG","95.0"
"Rut._Bact.S 1308.JPG","95.0"
"Rut._Bact.S 1309.JPG","96.0"
"Rut._Bact.S 1310.JPG","96.0"
"Rut._Bact.S 1311.JPG","96.0"
"Rut._Bact.S 1312.JPG","96.0"
"Rut._Bact.S 1313.JPG","96.0"
"Rut._Bact.S 1314.JPG","96.0"
"Rut._Bact.S 1315.JPG","97.0"
"Rut._Bact.S 1316.JPG","97.0"
"Rut._Bact.S 1317.JPG","97.0"
"Rut._Bact.S 1318.JPG","97.0"
"Rut._Bact.S 1319.JPG","97.0"
"Rut._Bact.S 1320.JPG","97.0"
"Rut._Bact.S 1321.JPG","98.0"
"Rut._Bact.S 1322.JPG","98.0"
"Rut._Bact.S 1323.JPG","98.0"
"Rut._Bact.S 1324.JPG","98.0"
"Rut._Bact.S 1325.JPG","98.0"
"Rut._Bact.S 1326.JPG","98.0"
"Rut._Bact.S 1327.JPG","99.0"
"Rut._Bact.S 1328.JPG","99.0"
"Rut._Bact.S 1329.JPG","99.0"
"Rut._Bact.S 1330.JPG","99.0"
"Rut._Bact.S 1331.JPG","99.0"
"Rut._Bact.S 1332.JPG","99.0"
"Rut._Bact.S 1333.JPG","100.0"
"Rut._Bact.S 1334.JPG","100.0"
"Rut._Bact.S 1335.JPG","100.0"
"Rut._Bact.S 1336.JPG","100.0"
"Rut._Bact.S 1337.JPG","100.0"
"Rut._Bact.S 1338.JPG","100.0"
"Rut._Bact.S 1339.JPG","100.0"
"Rut._Bact.S 1340.JPG","101.0"
"Rut._Bact.S 1341.JPG","101.0"
"Rut._Bact.S 1342.JPG","101.0"
"Rut._Bact.S 1343.JPG","101.0"
"Rut._Bact.S 1344.JPG","101.0"
"Rut._Bact.S 1345.JPG","101.0"
"Rut._Bact.S 1346.JPG","102.0"
"Rut._Bact.S 1347.JPG","102.0"
"Rut._Bact.S 1348.JPG","102.0"
"Rut._Bact.S 1349.JPG","102.0"
"Rut._Bact.S 1350.JPG","102.0"
"Rut._Bact.S 1351.JPG","102.0"
"Rut._Bact.S 1352.JPG","102.0"
"Rut._Bact.S 1353.JPG","103.0"
"Rut._Bact.S 1354.JPG","103.0"
"Rut._Bact.S 1355.JPG","103.0"
"Rut._Bact.S 1356.JPG","103.0"
"Rut._Bact.S 1357.JPG","103.0"
"Rut._Bact.S 1358.JPG","103.0"
"Rut._Bact.S 1359.JPG","104.0"
"Rut._Bact.S 1360.JPG","104.0"
"Rut._Bact.S 1361.JPG","104.0"
"Rut._Bact.S 1362.JPG","104.0"
"Rut._Bact.S 1363.JPG","104.0"
"Rut._Bact.S 1364.JPG","104.0"
"Rut._Bact.S 1365.JPG","105.0"
"Rut._Bact.S 1366.JPG","105.0"
"Rut._Bact.S 1367.JPG","105.0"
"Rut._Bact.S 1368.JPG","105.0"
"Rut._Bact.S 1369.JPG","105.0"
"Rut._Bact.S 1370.JPG","105.0"
"Rut._Bact.S 1371.JPG","106.0"
"Rut._Bact.S 1372.JPG","106.0"
"Rut._Bact.S 1373.JPG","106.0"
"Rut._Bact.S 1374.JPG","106.0"
"Rut._Bact.S 1375.JPG","106.0"
"Rut._Bact.S 1376.JPG","106.0"
"Rut._Bact.S 1377.JPG","107.0"
"Rut._Bact.S 1378.JPG","107.0"
"Rut._Bact.S 1379.JPG","107.0"
"Rut._Bact.S 1380.JPG","107.0"
"Rut._Bact.S 1381.JPG","107.0"
"Rut._Bact.S 1382.JPG","107.0"
"Rut._Bact.S 1383.JPG","108.0"
"Rut._Bact.S 1384.JPG","108.0"
"Rut._Bact.S 1385.JPG","108.0"
"Rut._Bact.S 1386.JPG","108.0"
"Rut._Bact.S 1387.JPG","108.0"
"Rut._Bact.S 1388.JPG","108.0"
"Rut._Bact.S 1389.JPG","109.0"
"Rut._Bact.S 1390.JPG","109.0"
"Rut._Bact.S 1391.JPG","109.0"
"Rut._Bact.S 1392.JPG","109.0"
"Rut._Bact.S 1393.JPG","109.0"
"Rut._Bact.S 1394.JPG","109.0"
"Rut._Bact.S 1395.JPG","110.0"
"Rut._Bact.S 1396.JPG","110.0"
"Rut._Bact.S 1397.JPG","110.0"
"Rut._Bact.S 1398.JPG","110.0"
"Rut._Bact.S 1399.JPG","110.0"
"Rut._Bact.S 1400.JPG","110.0"
"Rut._Bact.S 1401.JPG","111.0"
"Rut._Bact.S 1402.JPG","111.0"
"Rut._Bact.S 1403.JPG","111.0"
"Rut._Bact.S 1404.JPG","111.0"
"Rut._Bact.S 1405.JPG","111.0"
"Rut._Bact.S 1406.JPG","111.0"
"Rut._Bact.S 1407.JPG","112.0"
"Rut._Bact.S 1408.JPG","112.0"
"Rut._Bact.S 1409.JPG","112.0"
"Rut._Bact.S 1410.JPG","112.0"
"Rut._Bact.S 1411.JPG","112.0"
"Rut._Bact.S 1412.JPG","112.0"
"Rut._Bact.S 1413.JPG","113.0"
"Rut._Bact.S 1414.JPG","113.0"
"Rut._Bact.S 1415.JPG","113.0"
"Rut._Bact.S 1416.JPG","113.0"
"Rut._Bact.S 1417.JPG","113.0"
"Rut._Bact.S 1418.JPG","113.0"
"Rut._Bact.S 1419.JPG","114.0"
"Rut._Bact.S 1420.JPG","114.0"
"Rut._Bact.S 1421.JPG","114.0"
"Rut._Bact.S 1422.JPG","114.0"
"Rut._Bact.S 1423.JPG","114.0"
"Rut._Bact.S 1424.JPG","114.0"
"Rut._Bact.S 1425.JPG","115.0"
"Rut._Bact.S 1426.JPG","115.0"
"Rut._Bact.S 1427.JPG","115.0"
"Rut._Bact.S 1428.JPG","115.0"
"Rut._Bact.S 1429.JPG","115.0"
"Rut._Bact.S 1430.JPG","115.0"
"Rut._Bact.S 1431.JPG","116.0"
"Rut._Bact.S 1432.JPG","116.0"
"Rut._Bact.S 1433.JPG","116.0"
"Rut._Bact.S 1434.JPG","116.0"
"Rut._Bact.S 1435.JPG","116.0"
"Rut._Bact.S 1436.JPG","116.0"
"Rut._Bact.S 1437.JPG","117.0"
"Rut._Bact.S 1438.JPG","117.0"
"Rut._Bact.S 1439.JPG","117.0"
"Rut._Bact.S 1440.JPG","117.0"
"Rut._Bact.S 1441.JPG","117.0"
"Rut._Bact.S 1442.JPG","117.0"
"Rut._Bact.S 1443.JPG","118.0"
"Rut._Bact.S 1444.JPG","118.0"
"Rut._Bact.S 1445.JPG","118.0"
"Rut._Bact.S 1446.JPG","118.0"
"Rut._Bact.S 1447.JPG","118.0"
"Rut._Bact.S 1448.JPG","118.0"
"Rut._Bact.S 1449.JPG","119.0"
"Rut._Bact.S 1450.JPG","119.0"
"Rut._Bact.S 1451.JPG","119.0"
"Rut._Bact.S 1452.JPG","119.0"
"Rut._Bact.S 1453.JPG","119.0"
"Rut._Bact.S 1454.JPG","119.0"
"Rut._Bact.S 1455.JPG","120.0"
"Rut._Bact.S 1456.JPG","120.0"
"Rut._Bact.S 1457.JPG","120.0"
"Rut._Bact.S 1458.JPG","120.0"
"Rut._Bact.S 1459.JPG","120.0"
"Rut._Bact.S 1460.JPG","120.0"
"Rut._Bact.S 1461.JPG","121.0"
"Rut._Bact.S 1462.JPG","121.0"
"Rut._Bact.S 1463.JPG","121.0"
"Rut._Bact.S 1464.JPG","121.0"
"Rut._Bact.S 1465.JPG","121.0"
"Rut._Bact.S 1466.JPG","122.0"
"Rut._Bact.S 1467.JPG","122.0"
"Rut._Bact.S 1468.JPG","122.0"
"Rut._Bact.S 1469.JPG","122.0"
"Rut._Bact.S 1470.JPG","122.0"
"Rut._Bact.S 1471.JPG","122.0"
"Rut._Bact.S 1472.JPG","123.0"
"Rut._Bact.S 1473.JPG","123.0"
"Rut._Bact.S 1474.JPG","123.0"
"Rut._Bact.S 1475.JPG","123.0"
"Rut._Bact.S 1476.JPG","123.0"
"Rut._Bact.S 1477.JPG","123.0"
"Rut._Bact.S 1478.JPG","124.0"
"Rut._Bact.S 1479.JPG","124.0"
"Rut._Bact.S 1480.JPG","124.0"
"Rut._Bact.S 1481.JPG","124.0"
"Rut._Bact.S 1482.JPG","124.0"
"Rut._Bact.S 1483.JPG","124.0"
"Rut._Bact.S 1484.JPG","125.0"
"Rut._Bact.S 1485.JPG","125.0"
"Rut._Bact.S 1486.JPG","125.0"
"Rut._Bact.S 1487.JPG","125.0"
"Rut._Bact.S 1488.JPG","125.0"
"Rut._Bact.S 1489.JPG","125.0"
"Rut._Bact.S 1490.JPG","126.0"
"Rut._Bact.S 1491.JPG","126.0"
"Rut._Bact.S 1492.JPG","126.0"
"Rut._Bact.S 1493.JPG","126.0"
"Rut._Bact.S 1494.JPG","126.0"
"Rut._Bact.S 1495.JPG","126.0"
"Rut._Bact.S 1496.JPG","127.0"
"Rut._Bact.S 1497.JPG","127.0"
"Rut._Bact.S 1498.JPG","127.0"
"Rut._Bact.S 1499.JPG","127.0"
"Rut._Bact.S 1500.JPG","127.0"
"Rut._Bact.S 1501.JPG","127.0"
"Rut._Bact.S 1502.JPG","128.0"
"Rut._Bact.S 1503.JPG","128.0"
"Rut._Bact.S 1504.JPG","128.0"
"Rut._Bact.S 1505.JPG","128.0"
"Rut._Bact.S 1506.JPG","128.0"
"Rut._Bact.S 1507.JPG","128.0"
"Rut._Bact.S 1508.JPG","129.0"
"Rut._Bact.S 1509.JPG","129.0"
"Rut._Bact.S 1510.JPG","129.0"
"Rut._Bact.S 1511.JPG","129.0"
"Rut._Bact.S 1512.JPG","129.0"
"Rut._Bact.S 1513.JPG","129.0"
"Rut._Bact.S 1514.JPG","129.0"
"Rut._Bact.S 1515.JPG","130.0"
"Rut._Bact.S 1516.JPG","130.0"
"Rut._Bact.S 1517.JPG","130.0"
"Rut._Bact.S 1518.JPG","130.0"
"Rut._Bact.S 1519.JPG","130.0"
"Rut._Bact.S 1520.JPG","130.0"
"Rut._Bact.S 1521.JPG","131.0"
"Rut._Bact.S 1522.JPG","131.0"
"Rut._Bact.S 1523.JPG","131.0"
"Rut._Bact.S 1524.JPG","131.0"
"Rut._Bact.S 1525.JPG","131.0"
"Rut._Bact.S 1526.JPG","131.0"
"Rut._Bact.S 1527.JPG","132.0"
"Rut._Bact.S 1528.JPG","132.0"
"Rut._Bact.S 1529.JPG","132.0"
"Rut._Bact.S 1530.JPG","132.0"
"Rut._Bact.S 1531.JPG","132.0"
"Rut._Bact.S 1532.JPG","132.0"
"Rut._Bact.S 1533.JPG","133.0"
"Rut._Bact.S 1534.JPG","133.0"
"Rut._Bact.S 1535.JPG","133.0"
"Rut._Bact.S 1536.JPG","133.0"
"Rut._Bact.S 1537.JPG","133.0"
"Rut._Bact.S 1538.JPG","133.0"
"Rut._Bact.S 1539.JPG","134.0"
"Rut._Bact.S 1540.JPG","134.0"
"Rut._Bact.S 1541.JPG","134.0"
"Rut._Bact.S 1542.JPG","134.0"
"Rut._Bact.S 1543.JPG","134.0"
"Rut._Bact.S 1544.JPG","134.0"
"Rut._Bact.S 1545.JPG","135.0"
"Rut._Bact.S 1546.JPG","135.0"
"Rut._Bact.S 1547.JPG","135.0"
"Rut._Bact.S 1548.JPG","135.0"
"Rut._Bact.S 1549.JPG","135.0"
"Rut._Bact.S 1550.JPG","135.0"
"Rut._Bact.S 1551.JPG","136.0"
"Rut._Bact.S 1552.JPG","136.0"
"Rut._Bact.S 1553.JPG","136.0"
"Rut._Bact.S 1554.JPG","136.0"
"Rut._Bact.S 1555.JPG","136.0"
"Rut._Bact.S 1556.JPG","136.0"
"Rut._Bact.S 1557.JPG","137.0"
"Rut._Bact.S 1558.JPG","137.0"
"Rut._Bact.S 1559.JPG","137.0"
"Rut._Bact.S 1560.JPG","137.0"
"Rut._Bact.S 1561.JPG","137.0"
"Rut._Bact.S 1562.JPG","137.0"
"Rut._Bact.S 3338.JPG","138.0"
"Rut._Bact.S 3339.JPG","138.0"
"Rut._Bact.S 3340.JPG","138.0"
"Rut._Bact.S 3341.JPG","138.0"
"Rut._Bact.S 3342.JPG","139.0"
"Rut._Bact.S 3343.JPG","139.0"
"Rut._Bact.S 3344.JPG","139.0"
"Rut._Bact.S 3345.JPG","139.0"
"Rut._Bact.S 3346.JPG","140.0"
"Rut._Bact.S 3347.JPG","141.0"
"Rut._Bact.S 3348.JPG","141.0"
"Rut._Bact.S 3349.JPG","142.0"
"Rut._Bact.S 3350.JPG","142.0"
"Rut._Bact.S 3351.JPG","142.0"
"Rut._Bact.S 3352.JPG","143.0"
"Rut._Bact.S 3353.JPG","143.0"
"Rut._Bact.S 3354.JPG","143.0"
"Rut._Bact.S 3355.JPG","144.0"
"Rut._Bact.S 3356.JPG","144.0"
"Rut._Bact.S 3357.JPG","144.0"
"Rut._Bact.S 3358.JPG","144.0"
"Rut._Bact.S 3359.JPG","144.0"
"Rut._Bact.S 3360.JPG","145.0"
"Rut._Bact.S 3361.JPG","145.0"
"Rut._Bact.S 3362.JPG","145.0"
"Rut._Bact.S 3363.JPG","145.0"
"Rut._Bact.S 3364.JPG","146.0"
"Rut._Bact.S 3365.JPG","146.0"
"Rut._Bact.S 3366.JPG","146.0"
"Rut._Bact.S 3367.JPG","146.0"
"Rut._Bact.S 3368.JPG","146.0"
"Rut._Bact.S 3369.JPG","146.0"
"Rut._Bact.S 3370.JPG","147.0"
"Rut._Bact.S 3371.JPG","147.0"
"Rut._Bact.S 3372.JPG","148.0"
"Rut._Bact.S 3373.JPG","148.0"
"Rut._Bact.S 3374.JPG","148.0"
"Rut._Bact.S 3375.JPG","148.0"
"Rut._Bact.S 3376.JPG","148.0"
"Rut._Bact.S 3377.JPG","148.0"
"Rut._Bact.S 3378.JPG","149.0"
"Rut._Bact.S 3379.JPG","149.0"
"Rut._Bact.S 3380.JPG","149.0"
"Rut._Bact.S 3381.JPG","149.0"
"Rut._Bact.S 3382.JPG","149.0"
"Rut._Bact.S 3383.JPG","149.0"
"Rut._Bact.S 3384.JPG","149.0"
"Rut._Bact.S 3385.JPG","149.0"
"Rut._Bact.S 3386.JPG","150.0"
"Rut._Bact.S 3387.JPG","150.0"
"Rut._Bact.S 3388.JPG","150.0"
"Rut._Bact.S 3389.JPG","150.0"
"Rut._Bact.S 3390.JPG","151.0"
"Rut._Bact.S 3391.JPG","151.0"
"Rut._Bact.S 3392.JPG","151.0"
"Rut._Bact.S 3393.JPG","151.0"
"Rut._Bact.S 3394.JPG","151.0"
"Rut._Bact.S 3395.JPG","151.0"
"Rut._Bact.S 3396.JPG","152.0"
"Rut._Bact.S 3397.JPG","152.0"
"Rut._Bact.S 3398.JPG","152.0"
"Rut._Bact.S 3399.JPG","152.0"
"Rut._Bact.S 3400.JPG","152.0"
"Rut._Bact.S 3401.JPG","152.0"
"Rut._Bact.S 3402.JPG","153.0"
"Rut._Bact.S 3403.JPG","153.0"
"Rut._Bact.S 3404.JPG","153.0"
"Rut._Bact.S 3405.JPG","153.0"
"Rut._Bact.S 3406.JPG","153.0"
"Rut._Bact.S 3407.JPG","153.0"
"Rut._Bact.S 3408.JPG","153.0"
"Rut._Bact.S 3409.JPG","153.0"
"Rut._Bact.S 3410.JPG","154.0"
"Rut._Bact.S 3411.JPG","154.0"
"Rut._Bact.S 3412.JPG","154.0"
"Rut._Bact.S 3413.JPG","154.0"
"Rut._Bact.S 3414.JPG","154.0"
"Rut._Bact.S 3415.JPG","154.0"
"Rut._Bact.S 3416.JPG","154.0"
"Rut._Bact.S 3417.JPG","155.0"
"Rut._Bact.S 3418.JPG","155.0"
"Rut._Bact.S 3419.JPG","155.0"
"Rut._Bact.S 3420.JPG","155.0"
"Rut._Bact.S 3421.JPG","155.0"
"Rut._Bact.S 3422.JPG","155.0"
"Rut._Bact.S 3423.JPG","155.0"
"Rut._Bact.S 3424.JPG","156.0"
"Rut._Bact.S 3425.JPG","156.0"
"Rut._Bact.S 3426.JPG","156.0"
"Rut._Bact.S 3427.JPG","156.0"
"Rut._Bact.S 3428.JPG","156.0"
"Rut._Bact.S 3429.JPG","157.0"
"Rut._Bact.S 3430.JPG","157.0"
"Rut._Bact.S 3431.JPG","157.0"
"Rut._Bact.S 3432.JPG","157.0"
"Rut._Bact.S 3433.JPG","157.0"
"Rut._Bact.S 3434.JPG","157.0"
"Rut._Bact.S 3435.JPG","158.0"
"Rut._Bact.S 3436.JPG","158.0"
"Rut._Bact.S 3437.JPG","158.0"
"Rut._Bact.S 3438.JPG","158.0"
"Rut._Bact.S 3439.JPG","158.0"
"Rut._Bact.S 3440.JPG","158.0"
"Rut._Bact.S 3441.JPG","158.0"
"Rut._Bact.S 3442.JPG","158.0"
"Rut._Bact.S 3443.JPG","158.0"
"Rut._Bact.S 3444.JPG","158.0"
"Rut._Bact.S 3445.JPG","159.0"
"Rut._Bact.S 3446.JPG","159.0"
"Rut._Bact.S 3447.JPG","159.0"
"Rut._Bact.S 3448.JPG","159.0"
"Rut._Bact.S 3449.JPG","159.0"
"Rut._Bact.S 3450.JPG","159.0"
"Rut._Bact.S 3451.JPG","159.0"
"Rut._Bact.S 3452.JPG","159.0"
"Rut._Bact.S 3453.JPG","160.0"
"Rut._Bact.S 3454.JPG","160.0"
"Rut._Bact.S 3455.JPG","160.0"
"Rut._Bact.S 3456.JPG","160.0"
"Rut._Bact.S 3457.JPG","160.0"
"Rut._Bact.S 3458.JPG","160.0"
"Rut._Bact.S 3459.JPG","160.0"
"Rut._Bact.S 3460.JPG","160.0"
"Rut._Bact.S 3461.JPG","161.0"
"Rut._Bact.S 3462.JPG","161.0"
"Rut._Bact.S 3463.JPG","161.0"
"Rut._Bact.S 3464.JPG","161.0"
"Rut._Bact.S 3465.JPG","161.0"
"Rut._Bact.S 3466.JPG","161.0"
"Rut._Bact.S 3467.JPG","162.0"
"Rut._Bact.S 3468.JPG","162.0"
"Rut._Bact.S 3469.JPG","162.0"
"Rut._Bact.S 3470.JPG","162.0"
"Rut._Bact.S 3471.JPG","163.0"
"Rut._Bact.S 3472.JPG","163.0"
"Rut._Bact.S 3473.JPG","164.0"
"Rut._Bact.S 3474.JPG","164.0"
"Rut._Bact.S 3475.JPG","164.0"
"Rut._Bact.S 3476.JPG","165.0"
"Rut._Bact.S 3477.JPG","165.0"
"Rut._Bact.S 3478.JPG","165.0"
"Rut._Bact.S 3479.JPG","165.0"
"Rut._Bact.S 3480.JPG","165.0"
"Rut._Bact.S 3481.JPG","166.0"
"Rut._Bact.S 3482.JPG","166.0"
"Rut._Bact.S 3484.JPG","166.0"
"Rut._Bact.S 3485.JPG","166.0"
"Rut._Bact.S 3486.JPG","166.0"
"Rut._Bact.S 3487.JPG","166.0"
"Rut._Bact.S 3488.JPG","166.0"
"Rut._Bact.S 3489.JPG","167.0"
"Rut._Bact.S 3490.JPG","167.0"
"Rut._Bact.S 3491.JPG","167.0"
"Rut._Bact.S 3492.JPG","167.0"
"Rut._Bact.S 3493.JPG","168.0"
"Rut._Bact.S 3494.JPG","168.0"
"Rut._Bact.S 3495.JPG","168.0"
"Rut._Bact.S 3496.JPG","168.0"
"Rut._Bact.S 3497.JPG","169.0"
"Rut._Bact.S 3498.JPG","169.0"
"Rut._Bact.S 3499.JPG","169.0"
"Rut._Bact.S 3500.JPG","169.0"
"Rut._Bact.S 3501.JPG","169.0"
"Rut._Bact.S 3502.JPG","169.0"
"Rut._Bact.S 3503.JPG","169.0"
"Rut._Bact.S 3504.JPG","169.0"
"Rutg._Bact.S 1081.JPG","170.0"
"Rutg._Bact.S 1082.JPG","170.0"
"Rutg._Bact.S 1083.JPG","170.0"
"Rutg._Bact.S 1084.JPG","170.0"
"Rutg._Bact.S 1085.JPG","170.0"
"Rutg._Bact.S 1086.JPG","170.0"
"Rutg._Bact.S 1087.JPG","171.0"
"Rutg._Bact.S 1088.JPG","171.0"
"Rutg._Bact.S 1089.JPG","171.0"
"Rutg._Bact.S 1090.JPG","171.0"
"Rutg._Bact.S 1091.JPG","171.0"
"Rutg._Bact.S 1092.JPG","171.0"
"Rutg._Bact.S 1093.JPG","172.0"
"Rutg._Bact.S 1094.JPG","172.0"
"Rutg._Bact.S 1095.JPG","172.0"
"Rutg._Bact.S 1096.JPG","172.0"
"Rutg._Bact.S 1097.JPG","172.0"
"Rutg._Bact.S 1098.JPG","172.0"
"Rutg._Bact.S 1099.JPG","173.0"
"Rutg._Bact.S 1100.JPG","173.0"
"Rutg._Bact.S 1101.JPG","173.0"
"Rutg._Bact.S 1102.JPG","173.0"
"Rutg._Bact.S 1103.JPG","173.0"
"Rutg._Bact.S 1104.JPG","173.0"
"Rutg._Bact.S 1105.JPG","173.0"
"Rutg._Bact.S 1106.JPG","174.0"
"Rutg._Bact.S 1107.JPG","174.0"
"Rutg._Bact.S 1108.JPG","174.0"
"Rutg._Bact.S 1109.JPG","174.0"
"Rutg._Bact.S 1110.JPG","174.0"
"Rutg._Bact.S 1111.JPG","174.0"
"Rutg._Bact.S 1112.JPG","175.0"
"Rutg._Bact.S 1113.JPG","175.0"
"Rutg._Bact.S 1114.JPG","175.0"
"Rutg._Bact.S 1115.JPG","175.0"
"Rutg._Bact.S 1116.JPG","175.0"
"Rutg._Bact.S 1117.JPG","175.0"
"Rutg._Bact.S 1118.JPG","175.0"
"Rutg._Bact.S 1119.JPG","175.0"
"Rutg._Bact.S 1120.JPG","176.0"
"Rutg._Bact.S 1121.JPG","176.0"
"Rutg._Bact.S 1122.JPG","176.0"
"Rutg._Bact.S 1123.JPG","176.0"
"Rutg._Bact.S 1124.JPG","176.0"
"Rutg._Bact.S 1125.JPG","176.0"
"Rutg._Bact.S 1126.JPG","176.0"
"Rutg._Bact.S 1127.JPG","177.0"
"Rutg._Bact.S 1128.JPG","177.0"
"Rutg._Bact.S 1129.JPG","177.0"
"Rutg._Bact.S 1130.JPG","177.0"
"Rutg._Bact.S 1131.JPG","177.0"
"Rutg._Bact.S 1132.JPG","177.0"
"Rutg._Bact.S 1133.JPG","178.0"
"Rutg._Bact.S 1134.JPG","178.0"
"Rutg._Bact.S 1135.JPG","178.0"
"Rutg._Bact.S 1136.JPG","178.0"
"Rutg._Bact.S 1137.JPG","178.0"
"Rutg._Bact.S 1138.JPG","178.0"
"Rutg._Bact.S 1139.JPG","179.0"
"Rutg._Bact.S 1140.JPG","179.0"
"Rutg._Bact.S 1141.JPG","179.0"
"Rutg._Bact.S 1142.JPG","179.0"
"Rutg._Bact.S 1143.JPG","179.0"
"Rutg._Bact.S 1144.JPG","179.0"
"Rutg._Bact.S 1145.JPG","180.0"
"Rutg._Bact.S 1146.JPG","180.0"
"Rutg._Bact.S 1147.JPG","180.0"
"Rutg._Bact.S 1148.JPG","180.0"
"Rutg._Bact.S 1149.JPG","180.0"
"Rutg._Bact.S 1150.JPG","180.0"
"Rutg._Bact.S 1151.JPG","180.0"
"Rutg._Bact.S 1152.JPG","180.0"
"Rutg._Bact.S 1153.JPG","180.0"
"Rutg._Bact.S 1154.JPG","180.0"
"Rutg._Bact.S 1155.JPG","181.0"
"Rutg._Bact.S 1156.JPG","181.0"
"Rutg._Bact.S 1157.JPG","181.0"
"Rutg._Bact.S 1158.JPG","181.0"
"Rutg._Bact.S 1159.JPG","181.0"
"Rutg._Bact.S 1160.JPG","181.0"
"Rutg._Bact.S 1161.JPG","182.0"
"Rutg._Bact.S 1162.JPG","182.0"
"Rutg._Bact.S 1163.JPG","182.0"
"Rutg._Bact.S 1164.JPG","182.0"
"Rutg._Bact.S 1165.JPG","182.0"
"Rutg._Bact.S 1166.JPG","182.0"
"Rutg._Bact.S 1167.JPG","182.0"
"Rutg._Bact.S 1168.JPG","183.0"
"Rutg._Bact.S 1169.JPG","183.0"
"Rutg._Bact.S 1170.JPG","183.0"
"Rutg._Bact.S 1171.JPG","183.0"
"Rutg._Bact.S 1172.JPG","183.0"
"Rutg._Bact.S 1173.JPG","183.0"
"Rutg._Bact.S 1174.JPG","184.0"
"Rutg._Bact.S 1175.JPG","184.0"
"Rutg._Bact.S 1176.JPG","184.0"
"Rutg._Bact.S 1177.JPG","184.0"
"Rutg._Bact.S 1178.JPG","184.0"
"Rutg._Bact.S 1179.JPG","184.0"
"Rutg._Bact.S 1180.JPG","184.0"
"Rutg._Bact.S 1181.JPG","185.0"
"Rutg._Bact.S 1182.JPG","185.0"
"Rutg._Bact.S 1183.JPG","185.0"
"Rutg._Bact.S 1184.JPG","185.0"
"Rutg._Bact.S 1185.JPG","185.0"
"Rutg._Bact.S 1186.JPG","185.0"
"Rutg._Bact.S 1187.JPG","186.0"
"Rutg._Bact.S 1188.JPG","186.0"
"Rutg._Bact.S 1189.JPG","186.0"
"Rutg._Bact.S 1190.JPG","186.0"
"Rutg._Bact.S 1191.JPG","186.0"
"Rutg._Bact.S 1192.JPG","186.0"
"Rutg._Bact.S 1193.JPG","187.0"
"Rutg._Bact.S 1194.JPG","187.0"
"Rutg._Bact.S 1195.JPG","187.0"
"Rutg._Bact.S 1196.JPG","187.0"
"Rutg._Bact.S 1197.JPG","187.0"
"Rutg._Bact.S 1198.JPG","187.0"
"Rutg._Bact.S 1199.JPG","187.0"
"Rutg._Bact.S 1200.JPG","188.0"
"Rutg._Bact.S 1201.JPG","188.0"
"Rutg._Bact.S 1202.JPG","188.0"
"Rutg._Bact.S 1203.JPG","188.0"
"Rutg._Bact.S 1204.JPG","188.0"
"Rutg._Bact.S 1205.JPG","188.0"
"Rutg._Bact.S 1206.JPG","188.0"
"Rutg._Bact.S 1207.JPG","189.0"
"Rutg._Bact.S 1208.JPG","189.0"
"Rutg._Bact.S 1209.JPG","189.0"
"Rutg._Bact.S 1210.JPG","189.0"
"Rutg._Bact.S 1211.JPG","189.0"
"Rutg._Bact.S 1212.JPG","189.0"
"Rutg._Bact.S 1213.JPG","189.0"
"Rutg._Bact.S 1214.JPG","189.0"
"Rutg._Bact.S 1215.JPG","190.0"
"Rutg._Bact.S 1216.JPG","190.0"
"Rutg._Bact.S 1217.JPG","190.0"
"Rutg._Bact.S 1218.JPG","190.0"
"Rutg._Bact.S 1219.JPG","190.0"
"Rutg._Bact.S 1220.JPG","191.0"
"Rutg._Bact.S 1221.JPG","191.0"
"Rutg._Bact.S 1222.JPG","191.0"
"Rutg._Bact.S 1223.JPG","191.0"
"Rutg._Bact.S 1224.JPG","191.0"
"Rutg._Bact.S 1225.JPG","191.0"
"Rutg._Bact.S 1226.JPG","191.0"
"Rutg._Bact.S 1227.JPG","192.0"
"Rutg._Bact.S 1228.JPG","192.0"
"Rutg._Bact.S 1229.JPG","192.0"
"Rutg._Bact.S 1230.JPG","192.0"
"Rutg._Bact.S 1231.JPG","192.0"
"Rutg._Bact.S 1232.JPG","192.0"
"Rutg._Bact.S 1233.JPG","192.0"
"Rutg._Bact.S 1234.JPG","193.0"
"Rutg._Bact.S 1235.JPG","193.0"
"Rutg._Bact.S 1236.JPG","193.0"
"Rutg._Bact.S 1237.JPG","193.0"
"Rutg._Bact.S 1238.JPG","193.0"
"Rutg._Bact.S 1239.JPG","193.0"
"Rutg._Bact.S 1240.JPG","193.0"
"Rutg._Bact.S 1241.JPG","194.0"
"Rutg._Bact.S 1242.JPG","194.0"
"Rutg._Bact.S 1243.JPG","194.0"
"Rutg._Bact.S 1244.JPG","194.0"
"Rutg._Bact.S 1245.JPG","194.0"
"Rutg._Bact.S 1246.JPG","194.0"
"Rutg._Bact.S 1247.JPG","195.0"
"Rutg._Bact.S 1248.JPG","195.0"
"Rutg._Bact.S 1249.JPG","195.0"
"Rutg._Bact.S 1250.JPG","195.0"
"Rutg._Bact.S 1251.JPG","195.0"
"Rutg._Bact.S 1252.JPG","195.0"
"Rutg._Bact.S 1253.JPG","195.0"
"Rutg._Bact.S 1254.JPG","196.0"
"Rutg._Bact.S 1255.JPG","196.0"
"Rutg._Bact.S 1256.JPG","196.0"
"Rutg._Bact.S 1257.JPG","196.0"
"Rutg._Bact.S 1258.JPG","196.0"
"Rutg._Bact.S 1259.JPG","196.0"
"Rutg._Bact.S 1260.JPG","196.0"
"Rutg._Bact.S 1261.JPG","197.0"
"Rutg._Bact.S 1262.JPG","197.0"
"Rutg._Bact.S 1263.JPG","197.0"
"Rutg._Bact.S 1264.JPG","197.0"
"Rutg._Bact.S 1265.JPG","197.0"
"Rutg._Bact.S 1266.JPG","197.0"
"Rutg._Bact.S 1267.JPG","197.0"
"Rutg._Bact.S 1268.JPG","198.0"
"Rutg._Bact.S 1269.JPG","198.0"
"Rutg._Bact.S 1270.JPG","198.0"
"Rutg._Bact.S 1271.JPG","198.0"
"Rutg._Bact.S 1272.JPG","198.0"
"Rutg._Bact.S 1273.JPG","198.0"
"Rutg._Bact.S 1274.JPG","199.0"
"Rutg._Bact.S 1275.JPG","199.0"
"Rutg._Bact.S 1276.JPG","199.0"
"Rutg._Bact.S 1277.JPG","199.0"
"Rutg._Bact.S 1278.JPG","199.0"
"Rutg._Bact.S 1279.JPG","199.0"
"Rutg._Bact.S 1280.JPG","199.0"
"Rutg._Bact.S 1281.JPG","199.0"
"Rutg._Bact.S 1282.JPG","200.0"
"Rutg._Bact.S 1283.JPG","200.0"
"Rutg._Bact.S 1284.JPG","200.0"
"Rutg._Bact.S 1285.JPG","200.0"
"Rutg._Bact.S 1286.JPG","200.0"
"Rutg._Bact.S 1287.JPG","200.0"
"Rutg._Bact.S 1288.JPG","200.0"
"Rutg._Bact.S 1289.JPG","201.0"
"Rutg._Bact.S 1290.JPG","201.0"
"Rutg._Bact.S 1291.JPG","201.0"
"Rutg._Bact.S 1292.JPG","201.0"
"Rutg._Bact.S 1293.JPG","201.0"
"Rutg._Bact.S 1294.JPG","201.0"
"Rutg._Bact.S 1295.JPG","201.0"
"Rutg._Bact.S 1296.JPG","202.0"
"Rutg._Bact.S 1297.JPG","202.0"
"Rutg._Bact.S 1298.JPG","202.0"
"Rutg._Bact.S 1299.JPG","202.0"
"Rutg._Bact.S 1300.JPG","202.0"
"Rutg._Bact.S 1301.JPG","202.0"
"Rutg._Bact.S 1302.JPG","203.0"
"Rutg._Bact.S 1303.JPG","203.0"
"Rutg._Bact.S 1304.JPG","203.0"
"Rutg._Bact.S 1305.JPG","203.0"
"Rutg._Bact.S 1306.JPG","203.0"
"Rutg._Bact.S 1307.JPG","203.0"
"Rutg._Bact.S 1308.JPG","204.0"
"Rutg._Bact.S 1309.JPG","204.0"
"Rutg._Bact.S 1310.JPG","204.0"
"Rutg._Bact.S 1311.JPG","204.0"
"Rutg._Bact.S 1312.JPG","204.0"
"Rutg._Bact.S 1313.JPG","204.0"
"Rutg._Bact.S 1314.JPG","204.0"
"Rutg._Bact.S 1315.JPG","205.0"
"Rutg._Bact.S 1316.JPG","205.0"
"Rutg._Bact.S 1317.JPG","205.0"
"Rutg._Bact.S 1318.JPG","205.0"
"Rutg._Bact.S 1319.JPG","205.0"
"Rutg._Bact.S 1320.JPG","205.0"
"Rutg._Bact.S 1321.JPG","205.0"
"Rutg._Bact.S 1322.JPG","206.0"
"Rutg._Bact.S 1323.JPG","206.0"
"Rutg._Bact.S 1324.JPG","206.0"
"Rutg._Bact.S 1325.JPG","206.0"
"Rutg._Bact.S 1326.JPG","206.0"
"Rutg._Bact.S 1327.JPG","206.0"
"Rutg._Bact.S 1328.JPG","206.0"
"Rutg._Bact.S 1329.JPG","207.0"
"Rutg._Bact.S 1330.JPG","207.0"
"Rutg._Bact.S 1331.JPG","207.0"
"Rutg._Bact.S 1332.JPG","207.0"
"Rutg._Bact.S 1333.JPG","207.0"
"Rutg._Bact.S 1334.JPG","207.0"
"Rutg._Bact.S 1335.JPG","207.0"
"Rutg._Bact.S 1336.JPG","207.0"
"Rutg._Bact.S 1337.JPG","208.0"
"Rutg._Bact.S 1338.JPG","208.0"
"Rutg._Bact.S 1339.JPG","208.0"
"Rutg._Bact.S 1340.JPG","208.0"
"Rutg._Bact.S 1341.JPG","208.0"
"Rutg._Bact.S 1342.JPG","208.0"
"Rutg._Bact.S 1343.JPG","208.0"
"Rutg._Bact.S 1344.JPG","208.0"
"Rutg._Bact.S 1345.JPG","209.0"
"Rutg._Bact.S 1346.JPG","209.0"
"Rutg._Bact.S 1347.JPG","209.0"
"Rutg._Bact.S 1348.JPG","209.0"
"Rutg._Bact.S 1349.JPG","209.0"
"Rutg._Bact.S 1350.JPG","209.0"
"Rutg._Bact.S 1351.JPG","210.0"
"Rutg._Bact.S 1352.JPG","210.0"
"Rutg._Bact.S 1353.JPG","210.0"
"Rutg._Bact.S 1354.JPG","210.0"
"Rutg._Bact.S 1355.JPG","210.0"
"Rutg._Bact.S 1356.JPG","210.0"
"Rutg._Bact.S 1357.JPG","210.0"
"Rutg._Bact.S 1358.JPG","211.0"
"Rutg._Bact.S 1359.JPG","211.0"
"Rutg._Bact.S 1360.JPG","211.0"
"Rutg._Bact.S 1361.JPG","211.0"
"Rutg._Bact.S 1362.JPG","211.0"
"Rutg._Bact.S 1363.JPG","212.0"
"Rutg._Bact.S 1364.JPG","212.0"
"Rutg._Bact.S 1365.JPG","212.0"
"Rutg._Bact.S 1366.JPG","212.0"
"Rutg._Bact.S 1367.JPG","212.0"
"Rutg._Bact.S 1368.JPG","212.0"
"Rutg._Bact.S 1369.JPG","212.0"
"Rutg._Bact.S 1370.JPG","213.0"
"Rutg._Bact.S 1371.JPG","213.0"
"Rutg._Bact.S 1372.JPG","213.0"
"Rutg._Bact.S 1373.JPG","213.0"
"Rutg._Bact.S 1374.JPG","213.0"
"Rutg._Bact.S 1375.JPG","213.0"
"Rutg._Bact.S 1376.JPG","213.0"
"Rutg._Bact.S 1377.JPG","214.0"
"Rutg._Bact.S 1378.JPG","214.0"
"Rutg._Bact.S 1379.JPG","214.0"
"Rutg._Bact.S 1380.JPG","214.0"
"Rutg._Bact.S 1381.JPG","214.0"
"Rutg._Bact.S 1382.JPG","214.0"
"Rutg._Bact.S 1383.JPG","214.0"
"Rutg._Bact.S 1384.JPG","214.0"
"Rutg._Bact.S 1385.JPG","214.0"
"Rutg._Bact.S 1386.JPG","214.0"
"Rutg._Bact.S 1387.JPG","215.0"
"Rutg._Bact.S 1388.JPG","215.0"
"Rutg._Bact.S 1389.JPG","215.0"
"Rutg._Bact.S 1390.JPG","215.0"
"Rutg._Bact.S 1391.JPG","215.0"
"Rutg._Bact.S 1392.JPG","215.0"
"Rutg._Bact.S 1393.JPG","215.0"
"Rutg._Bact.S 1394.JPG","215.0"
"Rutg._Bact.S 1395.JPG","215.0"
"Rutg._Bact.S 1396.JPG","216.0"
"Rutg._Bact.S 1397.JPG","216.0"
"Rutg._Bact.S 1398.JPG","216.0"
"Rutg._Bact.S 1399.JPG","216.0"
"Rutg._Bact.S 1400.JPG","216.0"
"Rutg._Bact.S 1401.JPG","217.0"
"Rutg._Bact.S 1402.JPG","217.0"
"Rutg._Bact.S 1403.JPG","217.0"
"Rutg._Bact.S 1404.JPG","217.0"
"Rutg._Bact.S 1405.JPG","217.0"
"Rutg._Bact.S 1406.JPG","217.0"
"Rutg._Bact.S 1407.JPG","217.0"
"Rutg._Bact.S 1408.JPG","217.0"
"Rutg._Bact.S 1409.JPG","218.0"
"Rutg._Bact.S 1410.JPG","218.0"
"Rutg._Bact.S 1411.JPG","218.0"
"Rutg._Bact.S 1412.JPG","218.0"
"Rutg._Bact.S 1413.JPG","218.0"
"Rutg._Bact.S 1414.JPG","218.0"
"Rutg._Bact.S 1415.JPG","218.0"
"Rutg._Bact.S 1416.JPG","219.0"
"Rutg._Bact.S 1417.JPG","219.0"
"Rutg._Bact.S 1418.JPG","219.0"
"Rutg._Bact.S 1419.JPG","219.0"
"Rutg._Bact.S 1420.JPG","219.0"
"Rutg._Bact.S 1421.JPG","219.0"
"Rutg._Bact.S 1422.JPG","219.0"
"Rutg._Bact.S 1423.JPG","219.0"
"Rutg._Bact.S 1424.JPG","220.0"
"Rutg._Bact.S 1425.JPG","220.0"
"Rutg._Bact.S 1426.JPG","220.0"
"Rutg._Bact.S 1427.JPG","220.0"
"Rutg._Bact.S 1428.JPG","220.0"
"Rutg._Bact.S 1429.JPG","220.0"
"Rutg._Bact.S 1430.JPG","220.0"
"Rutg._Bact.S 1431.JPG","220.0"
"Rutg._Bact.S 1432.JPG","220.0"
"Rutg._Bact.S 1433.JPG","221.0"
"Rutg._Bact.S 1434.JPG","221.0"
"Rutg._Bact.S 1435.JPG","221.0"
"Rutg._Bact.S 1436.JPG","221.0"
"Rutg._Bact.S 1437.JPG","221.0"
"Rutg._Bact.S 1438.JPG","221.0"
"Rutg._Bact.S 1439.JPG","221.0"
"Rutg._Bact.S 1440.JPG","222.0"
"Rutg._Bact.S 1441.JPG","222.0"
"Rutg._Bact.S 1442.JPG","222.0"
"Rutg._Bact.S 1443.JPG","222.0"
"Rutg._Bact.S 1444.JPG","222.0"
"Rutg._Bact.S 1445.JPG","222.0"
"Rutg._Bact.S 1446.JPG","222.0"
"Rutg._Bact.S 1447.JPG","222.0"
"Rutg._Bact.S 1448.JPG","223.0"
"Rutg._Bact.S 1449.JPG","223.0"
"Rutg._Bact.S 1450.JPG","223.0"
"Rutg._Bact.S 1451.JPG","223.0"
"Rutg._Bact.S 1452.JPG","223.0"
"Rutg._Bact.S 1453.JPG","223.0"
"Rutg._Bact.S 1454.JPG","223.0"
"Rutg._Bact.S 1455.JPG","223.0"
"Rutg._Bact.S 1456.JPG","224.0"
"Rutg._Bact.S 1457.JPG","224.0"
"Rutg._Bact.S 1458.JPG","224.0"
"Rutg._Bact.S 1459.JPG","224.0"
"Rutg._Bact.S 1460.JPG","224.0"
"Rutg._Bact.S 1461.JPG","224.0"
"Rutg._Bact.S 1462.JPG","224.0"
"Rutg._Bact.S 1463.JPG","224.0"
"Rutg._Bact.S 1464.JPG","225.0"
"Rutg._Bact.S 1465.JPG","225.0"
"Rutg._Bact.S 1466.JPG","225.0"
"Rutg._Bact.S 1467.JPG","225.0"
"Rutg._Bact.S 1468.JPG","225.0"
"Rutg._Bact.S 1469.JPG","225.0"
"Rutg._Bact.S 1470.JPG","225.0"
"Rutg._Bact.S 1471.JPG","225.0"
"Rutg._Bact.S 1472.JPG","226.0"
"Rutg._Bact.S 1473.JPG","226.0"
"Rutg._Bact.S 1474.JPG","226.0"
"Rutg._Bact.S 1475.JPG","226.0"
"Rutg._Bact.S 1476.JPG","226.0"
"Rutg._Bact.S 1477.JPG","226.0"
"Rutg._Bact.S 1478.JPG","226.0"
"Rutg._Bact.S 1479.JPG","227.0"
"Rutg._Bact.S 1480.JPG","227.0"
"Rutg._Bact.S 1481.JPG","227.0"
"Rutg._Bact.S 1482.JPG","227.0"
"Rutg._Bact.S 1483.JPG","227.0"
"Rutg._Bact.S 1484.JPG","227.0"
"Rutg._Bact.S 1485.JPG","227.0"
"Rutg._Bact.S 1486.JPG","228.0"
"Rutg._Bact.S 1487.JPG","228.0"
"Rutg._Bact.S 1488.JPG","228.0"
"Rutg._Bact.S 1489.JPG","228.0"
"Rutg._Bact.S 1490.JPG","228.0"
"Rutg._Bact.S 1491.JPG","228.0"
"Rutg._Bact.S 1492.JPG","228.0"
"Rutg._Bact.S 1493.JPG","229.0"
"Rutg._Bact.S 1494.JPG","229.0"
"Rutg._Bact.S 1495.JPG","229.0"
"Rutg._Bact.S 1496.JPG","229.0"
"Rutg._Bact.S 1497.JPG","229.0"
"Rutg._Bact.S 1498.JPG","229.0"
"Rutg._Bact.S 1499.JPG","229.0"
"Rutg._Bact.S 1500.JPG","230.0"
"Rutg._Bact.S 1501.JPG","230.0"
"Rutg._Bact.S 1502.JPG","230.0"
"Rutg._Bact.S 1503.JPG","230.0"
"Rutg._Bact.S 1504.JPG","230.0"
"Rutg._Bact.S 1505.JPG","230.0"
"Rutg._Bact.S 1506.JPG","230.0"
"Rutg._Bact.S 1507.JPG","230.0"
"Rutg._Bact.S 1508.JPG","231.0"
"Rutg._Bact.S 1509.JPG","231.0"
"Rutg._Bact.S 1510.JPG","231.0"
"Rutg._Bact.S 1511.JPG","231.0"
"Rutg._Bact.S 1512.JPG","231.0"
"Rutg._Bact.S 1513.JPG","231.0"
"Rutg._Bact.S 1514.JPG","232.0"
"Rutg._Bact.S 1515.JPG","232.0"
"Rutg._Bact.S 1516.JPG","232.0"
"Rutg._Bact.S 1517.JPG","232.0"
"Rutg._Bact.S 1518.JPG","232.0"
"Rutg._Bact.S 1519.JPG","232.0"
"Rutg._Bact.S 1520.JPG","232.0"
"Rutg._Bact.S 1521.JPG","232.0"
"Rutg._Bact.S 1522.JPG","233.0"
"Rutg._Bact.S 1523.JPG","233.0"
"Rutg._Bact.S 1524.JPG","233.0"
"Rutg._Bact.S 1525.JPG","233.0"
"Rutg._Bact.S 1526.JPG","233.0"
"Rutg._Bact.S 1527.JPG","233.0"
"Rutg._Bact.S 1528.JPG","233.0"
"Rutg._Bact.S 1529.JPG","233.0"
"Rutg._Bact.S 1530.JPG","234.0"
"Rutg._Bact.S 1531.JPG","234.0"
"Rutg._Bact.S 1532.JPG","234.0"
"Rutg._Bact.S 1533.JPG","234.0"
"Rutg._Bact.S 1534.JPG","234.0"
"Rutg._Bact.S 1535.JPG","234.0"
"Rutg._Bact.S 1536.JPG","235.0"
"Rutg._Bact.S 1537.JPG","235.0"
"Rutg._Bact.S 1538.JPG","235.0"
"Rutg._Bact.S 1539.JPG","235.0"
"Rutg._Bact.S 1540.JPG","235.0"
"Rutg._Bact.S 1541.JPG","235.0"
"Rutg._Bact.S 1542.JPG","235.0"
"Rutg._Bact.S 1543.JPG","235.0"
"Rutg._Bact.S 1544.JPG","236.0"
"Rutg._Bact.S 1545.JPG","236.0"
"Rutg._Bact.S 1546.JPG","236.0"
"Rutg._Bact.S 1547.JPG","236.0"
"Rutg._Bact.S 1548.JPG","236.0"
"Rutg._Bact.S 1549.JPG","236.0"
"Rutg._Bact.S 1550.JPG","236.0"
"Rutg._Bact.S 1551.JPG","237.0"
"Rutg._Bact.S 1552.JPG","237.0"
"Rutg._Bact.S 1553.JPG","237.0"
"Rutg._Bact.S 1554.JPG","237.0"
"Rutg._Bact.S 1555.JPG","237.0"
"Rutg._Bact.S 1556.JPG","237.0"
"Rutg._Bact.S 1557.JPG","237.0"
"Rutg._Bact.S 1558.JPG","237.0"
"Rutg._Bact.S 1559.JPG","238.0"
"Rutg._Bact.S 1560.JPG","238.0"
"Rutg._Bact.S 1561.JPG","238.0"
"Rutg._Bact.S 1562.JPG","238.0"
"Rutg._Bact.S 1563.JPG","238.0"
"Rutg._Bact.S 1564.JPG","238.0"
"Rutg._Bact.S 1565.JPG","238.0"
"Rutg._Bact.S 1566.JPG","238.0"
"Rutg._Bact.S 1567.JPG","238.0"
"Rutg._Bact.S 1568.JPG","239.0"
"Rutg._Bact.S 1569.JPG","239.0"
"Rutg._Bact.S 1570.JPG","239.0"
"Rutg._Bact.S 1571.JPG","239.0"
"Rutg._Bact.S 1572.JPG","239.0"
"Rutg._Bact.S 1573.JPG","239.0"
"Rutg._Bact.S 1574.JPG","239.0"
"Rutg._Bact.S 1575.JPG","239.0"
"Rutg._Bact.S 1576.JPG","240.0"
"Rutg._Bact.S 1577.JPG","240.0"
"Rutg._Bact.S 1578.JPG","240.0"
"Rutg._Bact.S 1579.JPG","240.0"
"Rutg._Bact.S 1580.JPG","240.0"
"Rutg._Bact.S 1581.JPG","240.0"
"Rutg._Bact.S 1582.JPG","240.0"
"Rutg._Bact.S 1583.JPG","240.0"
"Rutg._Bact.S 1584.JPG","241.0"
"Rutg._Bact.S 1585.JPG","241.0"
"Rutg._Bact.S 1586.JPG","241.0"
"Rutg._Bact.S 1587.JPG","241.0"
"Rutg._Bact.S 1588.JPG","241.0"
"Rutg._Bact.S 1589.JPG","241.0"
"Rutg._Bact.S 1590.JPG","241.0"
"Rutg._Bact.S 1591.JPG","242.0"
"Rutg._Bact.S 1592.JPG","242.0"
"Rutg._Bact.S 1593.JPG","242.0"
"Rutg._Bact.S 1594.JPG","242.0"
"Rutg._Bact.S 1595.JPG","242.0"
"Rutg._Bact.S 1596.JPG","242.0"
"Rutg._Bact.S 1597.JPG","242.0"
"Rutg._Bact.S 1598.JPG","242.0"
"Rutg._Bact.S 1599.JPG","242.0"
"Rutg._Bact.S 1600.JPG","242.0"
"Rutg._Bact.S 1601.JPG","243.0"
"Rutg._Bact.S 1602.JPG","243.0"
"Rutg._Bact.S 1603.JPG","243.0"
"Rutg._Bact.S 1604.JPG","243.0"
"Rutg._Bact.S 1605.JPG","243.0"
"Rutg._Bact.S 1606.JPG","243.0"
"Rutg._Bact.S 1607.JPG","243.0"
"Rutg._Bact.S 1608.JPG","244.0"
"Rutg._Bact.S 1609.JPG","244.0"
"Rutg._Bact.S 1610.JPG","244.0"
"Rutg._Bact.S 1611.JPG","244.0"
"Rutg._Bact.S 1612.JPG","244.0"
"Rutg._Bact.S 1613.JPG","244.0"
"Rutg._Bact.S 1614.JPG","244.0"
"Rutg._Bact.S 1615.JPG","244.0"
"Rutg._Bact.S 1616.JPG","244.0"
"Rutg._Bact.S 1617.JPG","245.0"
"Rutg._Bact.S 1618.JPG","245.0"
"Rutg._Bact.S 1619.JPG","245.0"
"Rutg._Bact.S 1620.JPG","245.0"
"Rutg._Bact.S 1621.JPG","245.0"
"Rutg._Bact.S 1622.JPG","245.0"
"Rutg._Bact.S 1623.JPG","245.0"
"Rutg._Bact.S 1624.JPG","246.0"
"Rutg._Bact.S 1625.JPG","246.0"
"Rutg._Bact.S 1626.JPG","246.0"
"Rutg._Bact.S 1627.JPG","246.0"
"Rutg._Bact.S 1628.JPG","246.0"
"Rutg._Bact.S 1629.JPG","246.0"
"Rutg._Bact.S 1630.JPG","246.0"
"Rutg._Bact.S 1631.JPG","246.0"
"Rutg._Bact.S 1632.JPG","247.0"
"Rutg._Bact.S 1633.JPG","247.0"
"Rutg._Bact.S 1634.JPG","247.0"
"Rutg._Bact.S 1635.JPG","247.0"
"Rutg._Bact.S 1636.JPG","247.0"
"Rutg._Bact.S 1637.JPG","247.0"
"Rutg._Bact.S 1638.JPG","247.0"
"Rutg._Bact.S 1639.JPG","247.0"
"Rutg._Bact.S 1640.JPG","247.0"
"Rutg._Bact.S 1641.JPG","248.0"
"Rutg._Bact.S 1642.JPG","248.0"
"Rutg._Bact.S 1643.JPG","248.0"
"Rutg._Bact.S 1644.JPG","248.0"
"Rutg._Bact.S 1645.JPG","248.0"
"Rutg._Bact.S 1646.JPG","248.0"
"Rutg._Bact.S 1647.JPG","248.0"
"Rutg._Bact.S 1648.JPG","248.0"
"Rutg._Bact.S 1649.JPG","248.0"
"Rutg._Bact.S 1650.JPG","249.0"
"Rutg._Bact.S 1651.JPG","249.0"
"Rutg._Bact.S 1652.JPG","249.0"
"Rutg._Bact.S 1653.JPG","249.0"
"Rutg._Bact.S 1654.JPG","249.0"
"Rutg._Bact.S 1655.JPG","249.0"
"Rutg._Bact.S 1656.JPG","249.0"
"Rutg._Bact.S 1657.JPG","249.0"
"Rutg._Bact.S 1658.JPG","250.0"
"Rutg._Bact.S 1659.JPG","250.0"
"Rutg._Bact.S 1660.JPG","250.0"
"Rutg._Bact.S 1661.JPG","250.0"
"Rutg._Bact.S 1662.JPG","250.0"
"Rutg._Bact.S 1663.JPG","250.0"
"Rutg._Bact.S 1664.JPG","250.0"
"Rutg._Bact.S 1665.JPG","250.0"
"Rutg._Bact.S 1666.JPG","250.0"
"Rutg._Bact.S 1667.JPG","250.0"
"Rutg._Bact.S 1668.JPG","250.0"
"Rutg._Bact.S 1669.JPG","251.0"
"Rutg._Bact.S 1670.JPG","251.0"
"Rutg._Bact.S 1671.JPG","251.0"
"Rutg._Bact.S 1672.JPG","251.0"
"Rutg._Bact.S 1673.JPG","251.0"
"Rutg._Bact.S 1674.JPG","251.0"
"Rutg._Bact.S 1675.JPG","251.0"
"Rutg._Bact.S 1676.JPG","251.0"
"Rutg._Bact.S 1677.JPG","251.0"
"Rutg._Bact.S 1678.JPG","252.0"
"Rutg._Bact.S 1679.JPG","252.0"
"Rutg._Bact.S 1680.JPG","252.0"
"Rutg._Bact.S 1681.JPG","252.0"
"Rutg._Bact.S 1682.JPG","252.0"
"Rutg._Bact.S 1683.JPG","252.0"
"Rutg._Bact.S 1684.JPG","252.0"
"Rutg._Bact.S 1685.JPG","252.0"
"Rutg._Bact.S 1686.JPG","253.0"
"Rutg._Bact.S 1687.JPG","253.0"
"Rutg._Bact.S 1688.JPG","253.0"
"Rutg._Bact.S 1689.JPG","253.0"
"Rutg._Bact.S 1690.JPG","253.0"
"Rutg._Bact.S 1691.JPG","253.0"
"Rutg._Bact.S 1692.JPG","253.0"
"Rutg._Bact.S 1693.JPG","253.0"
"Rutg._Bact.S 1694.JPG","253.0"
"Rutg._Bact.S 1695.JPG","254.0"
"Rutg._Bact.S 1696.JPG","254.0"
"Rutg._Bact.S 1697.JPG","254.0"
"Rutg._Bact.S 1698.JPG","254.0"
"Rutg._Bact.S 1699.JPG","254.0"
"Rutg._Bact.S 1700.JPG","254.0"
"Rutg._Bact.S 1701.JPG","254.0"
"Rutg._Bact.S 1702.JPG","254.0"
"Rutg._Bact.S 1703.JPG","254.0"
"Rutg._Bact.S 1704.JPG","255.0"
"Rutg._Bact.S 1705.JPG","255.0"
"Rutg._Bact.S 1706.JPG","255.0"
"Rutg._Bact.S 1707.JPG","255.0"
"Rutg._Bact.S 1708.JPG","255.0"
"Rutg._Bact.S 1709.JPG","255.0"
"Rutg._Bact.S 1710.JPG","255.0"
"Rutg._Bact.S 1711.JPG","255.0"
"Rutg._Bact.S 1712.JPG","255.0"
"Rutg._Bact.S 1713.JPG","255.0"
"Rutg._Bact.S 1714.JPG","256.0"
"Rutg._Bact.S 1715.JPG","256.0"
"Rutg._Bact.S 1716.JPG","256.0"
"Rutg._Bact.S 1717.JPG","256.0"
"Rutg._Bact.S 1718.JPG","256.0"
"Rutg._Bact.S 1719.JPG","256.0"
"Rutg._Bact.S 1720.JPG","256.0"
"Rutg._Bact.S 1721.JPG","256.0"
"Rutg._Bact.S 1722.JPG","256.0"
"Rutg._Bact.S 1723.JPG","256.0"
"Rutg._Bact.S 1724.JPG","256.0"
"Rutg._Bact.S 1725.JPG","257.0"
"Rutg._Bact.S 1726.JPG","257.0"
"Rutg._Bact.S 1727.JPG","257.0"
"Rutg._Bact.S 1728.JPG","257.0"
"Rutg._Bact.S 1729.JPG","257.0"
"Rutg._Bact.S 1730.JPG","257.0"
"Rutg._Bact.S 1731.JPG","257.0"
"Rutg._Bact.S 1732.JPG","257.0"
"Rutg._Bact.S 1733.JPG","257.0"
"Rutg._Bact.S 1734.JPG","257.0"
"Rutg._Bact.S 1735.JPG","258.0"
"Rutg._Bact.S 1736.JPG","258.0"
"Rutg._Bact.S 1737.JPG","258.0"
"Rutg._Bact.S 1738.JPG","258.0"
"Rutg._Bact.S 1739.JPG","258.0"
"Rutg._Bact.S 1740.JPG","258.0"
"Rutg._Bact.S 1741.JPG","258.0"
"Rutg._Bact.S 1742.JPG","258.0"
"Rutg._Bact.S 1743.JPG","258.0"
"Rutg._Bact.S 1744.JPG","259.0"
"Rutg._Bact.S 1745.JPG","259.0"
"Rutg._Bact.S 1746.JPG","259.0"
"Rutg._Bact.S 1747.JPG","259.0"
"Rutg._Bact.S 1748.JPG","259.0"
"Rutg._Bact.S 1749.JPG","259.0"
"Rutg._Bact.S 1750.JPG","259.0"
"Rutg._Bact.S 1751.JPG","259.0"
"Rutg._Bact.S 1752.JPG","259.0"
"Rutg._Bact.S 1753.JPG","260.0"
"Rutg._Bact.S 1754.JPG","260.0"
"Rutg._Bact.S 1755.JPG","260.0"
"Rutg._Bact.S 1756.JPG","260.0"
"Rutg._Bact.S 1757.JPG","260.0"
"Rutg._Bact.S 1758.JPG","260.0"
"Rutg._Bact.S 1759.JPG","260.0"
"Rutg._Bact.S 1760.JPG","260.0"
"Rutg._Bact.S 1761.JPG","261.0"
"Rutg._Bact.S 1762.JPG","261.0"
"Rutg._Bact.S 1763.JPG","261.0"
"Rutg._Bact.S 1764.JPG","261.0"
"Rutg._Bact.S 1765.JPG","261.0"
"Rutg._Bact.S 1766.JPG","261.0"
"Rutg._Bact.S 1767.JPG","261.0"
"Rutg._Bact.S 1768.JPG","261.0"
"Rutg._Bact.S 1769.JPG","262.0"
"Rutg._Bact.S 1770.JPG","262.0"
"Rutg._Bact.S 1771.JPG","262.0"
"Rutg._Bact.S 1772.JPG","262.0"
"Rutg._Bact.S 1773.JPG","262.0"
"Rutg._Bact.S 1774.JPG","262.0"
"Rutg._Bact.S 1775.JPG","262.0"
"Rutg._Bact.S 1776.JPG","262.0"
"Rutg._Bact.S 1777.JPG","262.0"
"Rutg._Bact.S 1778.JPG","263.0"
"Rutg._Bact.S 1779.JPG","263.0"
"Rutg._Bact.S 1780.JPG","263.0"
"Rutg._Bact.S 1781.JPG","263.0"
"Rutg._Bact.S 1782.JPG","263.0"
"Rutg._Bact.S 1783.JPG","263.0"
"Rutg._Bact.S 1784.JPG","263.0"
"Rutg._Bact.S 1785.JPG","263.0"
"Rutg._Bact.S 1786.JPG","264.0"
"Rutg._Bact.S 1787.JPG","264.0"
"Rutg._Bact.S 1788.JPG","264.0"
"Rutg._Bact.S 1789.JPG","264.0"
"Rutg._Bact.S 1790.JPG","264.0"
"Rutg._Bact.S 1791.JPG","264.0"
"Rutg._Bact.S 1792.JPG","264.0"
"Rutg._Bact.S 1793.JPG","264.0"
"Rutg._Bact.S 1794.JPG","264.0"
"Rutg._Bact.S 1795.JPG","265.0"
"Rutg._Bact.S 1796.JPG","265.0"
"Rutg._Bact.S 1797.JPG","265.0"
"Rutg._Bact.S 1798.JPG","265.0"
"Rutg._Bact.S 1799.JPG","265.0"
"Rutg._Bact.S 1800.JPG","265.0"
"Rutg._Bact.S 1801.JPG","265.0"
"Rutg._Bact.S 1802.JPG","265.0"
"Rutg._Bact.S 1803.JPG","265.0"
"Rutg._Bact.S 1804.JPG","265.0"
"Rutg._Bact.S 1805.JPG","266.0"
"Rutg._Bact.S 1806.JPG","266.0"
"Rutg._Bact.S 1807.JPG","266.0"
"Rutg._Bact.S 1808.JPG","266.0"
"Rutg._Bact.S 1809.JPG","266.0"
"Rutg._Bact.S 1810.JPG","266.0"
"Rutg._Bact.S 1811.JPG","266.0"
"Rutg._Bact.S 1812.JPG","266.0"
"Rutg._Bact.S 1813.JPG","267.0"
"Rutg._Bact.S 1814.JPG","267.0"
"Rutg._Bact.S 1815.JPG","267.0"
"Rutg._Bact.S 1816.JPG","267.0"
"Rutg._Bact.S 1817.JPG","267.0"
"Rutg._Bact.S 1818.JPG","267.0"
"Rutg._Bact.S 1819.JPG","267.0"
"Rutg._Bact.S 1820.JPG","267.0"
"Rutg._Bact.S 1821.JPG","268.0"
"Rutg._Bact.S 1822.JPG","268.0"
"Rutg._Bact.S 1823.JPG","268.0"
"Rutg._Bact.S 1824.JPG","268.0"
"Rutg._Bact.S 1825.JPG","268.0"
"Rutg._Bact.S 1826.JPG","268.0"
"Rutg._Bact.S 1827.JPG","268.0"
"Rutg._Bact.S 1828.JPG","268.0"
"Rutg._Bact.S 1829.JPG","268.0"
"Rutg._Bact.S 1830.JPG","269.0"
"Rutg._Bact.S 1831.JPG","269.0"
"Rutg._Bact.S 1832.JPG","269.0"
"Rutg._Bact.S 1833.JPG","269.0"
"Rutg._Bact.S 1834.JPG","269.0"
"Rutg._Bact.S 1835.JPG","269.0"
"Rutg._Bact.S 1836.JPG","269.0"
"Rutg._Bact.S 1837.JPG","269.0"
"Rutg._Bact.S 1838.JPG","269.0"
"Rutg._Bact.S 1839.JPG","270.0"
"Rutg._Bact.S 1840.JPG","270.0"
"Rutg._Bact.S 1841.JPG","270.0"
"Rutg._Bact.S 1842.JPG","270.0"
"Rutg._Bact.S 1843.JPG","270.0"
"Rutg._Bact.S 1844.JPG","270.0"
"Rutg._Bact.S 1845.JPG","270.0"
"Rutg._Bact.S 1846.JPG","270.0"
"Rutg._Bact.S 1849.JPG","271.0"
"Rutg._Bact.S 1850.JPG","271.0"
"Rutg._Bact.S 1851.JPG","271.0"
"Rutg._Bact.S 1852.JPG","271.0"
"Rutg._Bact.S 1853.JPG","271.0"
"Rutg._Bact.S 1854.JPG","271.0"
"Rutg._Bact.S 1855.JPG","271.0"
"Rutg._Bact.S 1856.JPG","271.0"
"Rutg._Bact.S 1857.JPG","271.0"
"Rutg._Bact.S 1858.JPG","271.0"
"Rutg._Bact.S 1859.JPG","272.0"
"Rutg._Bact.S 1860.JPG","272.0"
"Rutg._Bact.S 1861.JPG","272.0"
"Rutg._Bact.S 1862.JPG","272.0"
"Rutg._Bact.S 1863.JPG","272.0"
"Rutg._Bact.S 1864.JPG","272.0"
"Rutg._Bact.S 1865.JPG","272.0"
"Rutg._Bact.S 1866.JPG","273.0"
"Rutg._Bact.S 1867.JPG","273.0"
"Rutg._Bact.S 1868.JPG","273.0"
"Rutg._Bact.S 1869.JPG","273.0"
"Rutg._Bact.S 1870.JPG","273.0"
"Rutg._Bact.S 1871.JPG","273.0"
"Rutg._Bact.S 1872.JPG","273.0"
"Rutg._Bact.S 1873.JPG","273.0"
"Rutg._Bact.S 1874.JPG","273.0"
"Rutg._Bact.S 1875.JPG","274.0"
"Rutg._Bact.S 1876.JPG","274.0"
"Rutg._Bact.S 1877.JPG","274.0"
"Rutg._Bact.S 1878.JPG","274.0"
"Rutg._Bact.S 1879.JPG","274.0"
"Rutg._Bact.S 1880.JPG","274.0"
"Rutg._Bact.S 1881.JPG","274.0"
"Rutg._Bact.S 1882.JPG","274.0"
"Rutg._Bact.S 1883.JPG","275.0"
"Rutg._Bact.S 1884.JPG","275.0"
"Rutg._Bact.S 1885.JPG","275.0"
"Rutg._Bact.S 1886.JPG","275.0"
"Rutg._Bact.S 1887.JPG","275.0"
"Rutg._Bact.S 1888.JPG","275.0"
"Rutg._Bact.S 1889.JPG","275.0"
"Rutg._Bact.S 1890.JPG","275.0"
"Rutg._Bact.S 1891.JPG","275.0"
"Rutg._Bact.S 1892.JPG","275.0"
"Rutg._Bact.S 1893.JPG","276.0"
"Rutg._Bact.S 1894.JPG","276.0"
"Rutg._Bact.S 1895.JPG","276.0"
"Rutg._Bact.S 1896.JPG","276.0"
"Rutg._Bact.S 1897.JPG","276.0"
"Rutg._Bact.S 1898.JPG","276.0"
"Rutg._Bact.S 1899.JPG","276.0"
"Rutg._Bact.S 1900.JPG","276.0"
"Rutg._Bact.S 1901.JPG","276.0"
"Rutg._Bact.S 1902.JPG","276.0"
"Rutg._Bact.S 1903.JPG","277.0"
"Rutg._Bact.S 1904.JPG","277.0"
"Rutg._Bact.S 1905.JPG","277.0"
"Rutg._Bact.S 1906.JPG","277.0"
"Rutg._Bact.S 1907.JPG","277.0"
"Rutg._Bact.S 1908.JPG","277.0"
"Rutg._Bact.S 1909.JPG","277.0"
"Rutg._Bact.S 1910.JPG","277.0"
"Rutg._Bact.S 1911.JPG","277.0"
"Rutg._Bact.S 1912.JPG","277.0"
"Rutg._Bact.S 1913.JPG","277.0"
"Rutg._Bact.S 1914.JPG","278.0"
"Rutg._Bact.S 1915.JPG","278.0"
"Rutg._Bact.S 1916.JPG","278.0"
"Rutg._Bact.S 1917.JPG","278.0"
"Rutg._Bact.S 1918.JPG","278.0"
"Rutg._Bact.S 1919.JPG","278.0"
"Rutg._Bact.S 1920.JPG","278.0"
"Rutg._Bact.S 1921.JPG","278.0"
"Rutg._Bact.S 1922.JPG","278.0"
"Rutg._Bact.S 1923.JPG","278.0"
"Rutg._Bact.S 1924.JPG","279.0"
"Rutg._Bact.S 1925.JPG","279.0"
"Rutg._Bact.S 1926.JPG","279.0"
"Rutg._Bact.S 1927.JPG","279.0"
"Rutg._Bact.S 1928.JPG","279.0"
"Rutg._Bact.S 1929.JPG","279.0"
"Rutg._Bact.S 1930.JPG","279.0"
"Rutg._Bact.S 1931.JPG","279.0"
"Rutg._Bact.S 1932.JPG","279.0"
"Rutg._Bact.S 1933.JPG","280.0"
"Rutg._Bact.S 1934.JPG","280.0"
"Rutg._Bact.S 1935.JPG","280.0"
"Rutg._Bact.S 1936.JPG","280.0"
"Rutg._Bact.S 1937.JPG","280.0"
"Rutg._Bact.S 1938.JPG","280.0"
"Rutg._Bact.S 1939.JPG","280.0"
"Rutg._Bact.S 1940.JPG","280.0"
"Rutg._Bact.S 1941.JPG","280.0"
"Rutg._Bact.S 1942.JPG","280.0"
"Rutg._Bact.S 1943.JPG","281.0"
"Rutg._Bact.S 1944.JPG","281.0"
"Rutg._Bact.S 1945.JPG","281.0"
"Rutg._Bact.S 1946.JPG","281.0"
"Rutg._Bact.S 1947.JPG","281.0"
"Rutg._Bact.S 1948.JPG","281.0"
"Rutg._Bact.S 1949.JPG","281.0"
"Rutg._Bact.S 1950.JPG","281.0"
"Rutg._Bact.S 1951.JPG","281.0"
"Rutg._Bact.S 1952.JPG","282.0"
"Rutg._Bact.S 1953.JPG","282.0"
"Rutg._Bact.S 1954.JPG","282.0"
"Rutg._Bact.S 1955.JPG","282.0"
"Rutg._Bact.S 1956.JPG","282.0"
"Rutg._Bact.S 1957.JPG","282.0"
"Rutg._Bact.S 1958.JPG","282.0"
"Rutg._Bact.S 1959.JPG","282.0"
"Rutg._Bact.S 1960.JPG","282.0"
"Rutg._Bact.S 1961.JPG","283.0"
"Rutg._Bact.S 1962.JPG","283.0"
"Rutg._Bact.S 1963.JPG","283.0"
"Rutg._Bact.S 1964.JPG","283.0"
"Rutg._Bact.S 1965.JPG","283.0"
"Rutg._Bact.S 1966.JPG","283.0"
"Rutg._Bact.S 1967.JPG","283.0"
"Rutg._Bact.S 1968.JPG","283.0"
"Rutg._Bact.S 1969.JPG","284.0"
"Rutg._Bact.S 1970.JPG","284.0"
"Rutg._Bact.S 1971.JPG","284.0"
"Rutg._Bact.S 1972.JPG","284.0"
"Rutg._Bact.S 1973.JPG","284.0"
"Rutg._Bact.S 1974.JPG","284.0"
"Rutg._Bact.S 1975.JPG","284.0"
"Rutg._Bact.S 1976.JPG","284.0"
"Rutg._Bact.S 1977.JPG","285.0"
"Rutg._Bact.S 1978.JPG","285.0"
"Rutg._Bact.S 1979.JPG","285.0"
"Rutg._Bact.S 1980.JPG","285.0"
"Rutg._Bact.S 1981.JPG","285.0"
"Rutg._Bact.S 1982.JPG","285.0"
"Rutg._Bact.S 1983.JPG","285.0"
"Rutg._Bact.S 1984.JPG","285.0"
"Rutg._Bact.S 1985.JPG","286.0"
"Rutg._Bact.S 1986.JPG","286.0"
"Rutg._Bact.S 1987.JPG","286.0"
"Rutg._Bact.S 1988.JPG","286.0"
"Rutg._Bact.S 1989.JPG","286.0"
"Rutg._Bact.S 1990.JPG","286.0"
"Rutg._Bact.S 1991.JPG","286.0"
"Rutg._Bact.S 1992.JPG","286.0"
"Rutg._Bact.S 1993.JPG","286.0"
"Rutg._Bact.S 1994.JPG","286.0"
"Rutg._Bact.S 1995.JPG","286.0"
"Rutg._Bact.S 1996.JPG","286.0"
"Rutg._Bact.S 1997.JPG","287.0"
"Rutg._Bact.S 1998.JPG","287.0"
"Rutg._Bact.S 1999.JPG","287.0"
"Rutg._Bact.S 2000.JPG","287.0"
"Rutg._Bact.S 2001.JPG","287.0"
"Rutg._Bact.S 2002.JPG","287.0"
"Rutg._Bact.S 2003.JPG","287.0"
"Rutg._Bact.S 2004.JPG","287.0"
"Rutg._Bact.S 2005.JPG","287.0"
"Rutg._Bact.S 2006.JPG","288.0"
"Rutg._Bact.S 2007.JPG","288.0"
"Rutg._Bact.S 2008.JPG","288.0"
"Rutg._Bact.S 2009.JPG","288.0"
"Rutg._Bact.S 2010.JPG","288.0"
"Rutg._Bact.S 2011.JPG","288.0"
"Rutg._Bact.S 2012.JPG","288.0"
"Rutg._Bact.S 2013.JPG","288.0"
"Rutg._Bact.S 2014.JPG","288.0"
"Rutg._Bact.S 2015.JPG","288.0"
"Rutg._Bact.S 2016.JPG","289.0"
"Rutg._Bact.S 2017.JPG","289.0"
"Rutg._Bact.S 2018.JPG","289.0"
"Rutg._Bact.S 2019.JPG","289.0"
"Rutg._Bact.S 2020.JPG","289.0"
"Rutg._Bact.S 2021.JPG","289.0"
"Rutg._Bact.S 2022.JPG","289.0"
"Rutg._Bact.S 2023.JPG","289.0"
"Rutg._Bact.S 2024.JPG","290.0"
"Rutg._Bact.S 2025.JPG","290.0"
"Rutg._Bact.S 2026.JPG","290.0"
"Rutg._Bact.S 2027.JPG","290.0"
"Rutg._Bact.S 2028.JPG","290.0"
"Rutg._Bact.S 2029.JPG","290.0"
"Rutg._Bact.S 2030.JPG","290.0"
"Rutg._Bact.S 2031.JPG","290.0"
"Rutg._Bact.S 2032.JPG","290.0"
"Rutg._Bact.S 2033.JPG","290.0"
"Rutg._Bact.S 2034.JPG","291.0"
"Rutg._Bact.S 2035.JPG","291.0"
"Rutg._Bact.S 2036.JPG","291.0"
"Rutg._Bact.S 2037.JPG","291.0"
"Rutg._Bact.S 2038.JPG","291.0"
"Rutg._Bact.S 2039.JPG","291.0"
"Rutg._Bact.S 2040.JPG","291.0"
"Rutg._Bact.S 2041.JPG","291.0"
"Rutg._Bact.S 2042.JPG","292.0"
"Rutg._Bact.S 2043.JPG","292.0"
"Rutg._Bact.S 2044.JPG","292.0"
"Rutg._Bact.S 2045.JPG","292.0"
"Rutg._Bact.S 2046.JPG","292.0"
"Rutg._Bact.S 2047.JPG","292.0"
"Rutg._Bact.S 2048.JPG","292.0"
"Rutg._Bact.S 2049.JPG","292.0"
"Rutg._Bact.S 2050.JPG","292.0"
"Rutg._Bact.S 2051.JPG","293.0"
"Rutg._Bact.S 2052.JPG","293.0"
"Rutg._Bact.S 2053.JPG","293.0"
"Rutg._Bact.S 2054.JPG","293.0"
"Rutg._Bact.S 2055.JPG","293.0"
"Rutg._Bact.S 2056.JPG","293.0"
"Rutg._Bact.S 2057.JPG","293.0"
"Rutg._Bact.S 2058.JPG","294.0"
"Rutg._Bact.S 2059.JPG","294.0"
"Rutg._Bact.S 2060.JPG","294.0"
"Rutg._Bact.S 2061.JPG","294.0"
"Rutg._Bact.S 2062.JPG","294.0"
"Rutg._Bact.S 2063.JPG","294.0"
"Rutg._Bact.S 2064.JPG","294.0"
"Rutg._Bact.S 2065.JPG","295.0"
"Rutg._Bact.S 2066.JPG","295.0"
"Rutg._Bact.S 2067.JPG","295.0"
"Rutg._Bact.S 2068.JPG","295.0"
"Rutg._Bact.S 2069.JPG","295.0"
"Rutg._Bact.S 2070.JPG","295.0"
"Rutg._Bact.S 2071.JPG","295.0"
"Rutg._Bact.S 2072.JPG","295.0"
"Rutg._Bact.S 2073.JPG","295.0"
"Rutg._Bact.S 2074.JPG","296.0"
"Rutg._Bact.S 2075.JPG","296.0"
"Rutg._Bact.S 2076.JPG","296.0"
"Rutg._Bact.S 2077.JPG","296.0"
"Rutg._Bact.S 2078.JPG","296.0"
"Rutg._Bact.S 2079.JPG","296.0"
"Rutg._Bact.S 2080.JPG","296.0"
"Rutg._Bact.S 2081.JPG","296.0"
"Rutg._Bact.S 2082.JPG","296.0"
"Rutg._Bact.S 2083.JPG","297.0"
"Rutg._Bact.S 2084.JPG","297.0"
"Rutg._Bact.S 2085.JPG","297.0"
"Rutg._Bact.S 2086.JPG","297.0"
"Rutg._Bact.S 2087.JPG","297.0"
"Rutg._Bact.S 2088.JPG","297.0"
"Rutg._Bact.S 2089.JPG","297.0"
"Rutg._Bact.S 2090.JPG","297.0"
"Rutg._Bact.S 2091.JPG","297.0"
"Rutg._Bact.S 2092.JPG","298.0"
"Rutg._Bact.S 2093.JPG","298.0"
"Rutg._Bact.S 2094.JPG","298.0"
"Rutg._Bact.S 2095.JPG","298.0"
"Rutg._Bact.S 2096.JPG","298.0"
"Rutg._Bact.S 2097.JPG","298.0"
"Rutg._Bact.S 2098.JPG","298.0"
"Rutg._Bact.S 2099.JPG","298.0"
"Rutg._Bact.S 2100.JPG","299.0"
"Rutg._Bact.S 2101.JPG","299.0"
"Rutg._Bact.S 2102.JPG","299.0"
"Rutg._Bact.S 2103.JPG","299.0"
"Rutg._Bact.S 2104.JPG","299.0"
"Rutg._Bact.S 2105.JPG","299.0"
"Rutg._Bact.S 2106.JPG","299.0"
"Rutg._Bact.S 2107.JPG","299.0"
"Rutg._Bact.S 2108.JPG","299.0"
"Rutg._Bact.S 2109.JPG","299.0"
"Rutg._Bact.S 2110.JPG","300.0"
"Rutg._Bact.S 2111.JPG","300.0"
"Rutg._Bact.S 2112.JPG","300.0"
"Rutg._Bact.S 2113.JPG","300.0"
"Rutg._Bact.S 2114.JPG","300.0"
"Rutg._Bact.S 2115.JPG","300.0"
"Rutg._Bact.S 2116.JPG","300.0"
"Rutg._Bact.S 2117.JPG","300.0"
"Rutg._Bact.S 2118.JPG","301.0"
"Rutg._Bact.S 2119.JPG","301.0"
"Rutg._Bact.S 2120.JPG","301.0"
"Rutg._Bact.S 2121.JPG","301.0"
"Rutg._Bact.S 2122.JPG","301.0"
"Rutg._Bact.S 2123.JPG","301.0"
"Rutg._Bact.S 2124.JPG","301.0"
"Rutg._Bact.S 2125.JPG","301.0"
"Rutg._Bact.S 2126.JPG","301.0"
"Rutg._Bact.S 2127.JPG","301.0"
"Rutg._Bact.S 2128.JPG","302.0"
"Rutg._Bact.S 2129.JPG","302.0"
"Rutg._Bact.S 2130.JPG","302.0"
"Rutg._Bact.S 2131.JPG","302.0"
"Rutg._Bact.S 2132.JPG","302.0"
"Rutg._Bact.S 2133.JPG","302.0"
"Rutg._Bact.S 2134.JPG","302.0"
"Rutg._Bact.S 2135.JPG","303.0"
"Rutg._Bact.S 2136.JPG","303.0"
"Rutg._Bact.S 2137.JPG","303.0"
"Rutg._Bact.S 2138.JPG","303.0"
"Rutg._Bact.S 2139.JPG","303.0"
"Rutg._Bact.S 2140.JPG","303.0"
"Rutg._Bact.S 2141.JPG","303.0"
"Rutg._Bact.S 2142.JPG","303.0"
"Rutg._Bact.S 2143.JPG","304.0"
"Rutg._Bact.S 2144.JPG","304.0"
"Rutg._Bact.S 2145.JPG","304.0"
"Rutg._Bact.S 2146.JPG","304.0"
"Rutg._Bact.S 2147.JPG","304.0"
"Rutg._Bact.S 2148.JPG","304.0"
"Rutg._Bact.S 2149.JPG","304.0"
"Rutg._Bact.S 2150.JPG","304.0"
"Rutg._Bact.S 2151.JPG","305.0"
"Rutg._Bact.S 2152.JPG","305.0"
"Rutg._Bact.S 2153.JPG","305.0"
"Rutg._Bact.S 2154.JPG","305.0"
"Rutg._Bact.S 2155.JPG","305.0"
"Rutg._Bact.S 2156.JPG","305.0"
"Rutg._Bact.S 2157.JPG","305.0"
"Rutg._Bact.S 2158.JPG","305.0"
"Rutg._Bact.S 2159.JPG","305.0"
"Rutg._Bact.S 2160.JPG","306.0"
"Rutg._Bact.S 2161.JPG","306.0"
"Rutg._Bact.S 2162.JPG","306.0"
"Rutg._Bact.S 2163.JPG","306.0"
"Rutg._Bact.S 2164.JPG","306.0"
"Rutg._Bact.S 2165.JPG","306.0"
"Rutg._Bact.S 2166.JPG","306.0"
"Rutg._Bact.S 2167.JPG","307.0"
"Rutg._Bact.S 2168.JPG","307.0"
"Rutg._Bact.S 2169.JPG","307.0"
"Rutg._Bact.S 2170.JPG","307.0"
"Rutg._Bact.S 2171.JPG","307.0"
"Rutg._Bact.S 2172.JPG","307.0"
"Rutg._Bact.S 2173.JPG","307.0"
"Rutg._Bact.S 2174.JPG","307.0"
"Rutg._Bact.S 2175.JPG","307.0"
"Rutg._Bact.S 2176.JPG","307.0"
"Rutg._Bact.S 2177.JPG","308.0"
"Rutg._Bact.S 2178.JPG","308.0"
"Rutg._Bact.S 2179.JPG","308.0"
"Rutg._Bact.S 2180.JPG","308.0"
"Rutg._Bact.S 2181.JPG","308.0"
"Rutg._Bact.S 2182.JPG","308.0"
"Rutg._Bact.S 2183.JPG","308.0"
"Rutg._Bact.S 2184.JPG","308.0"
"Rutg._Bact.S 2185.JPG","308.0"
"Rutg._Bact.S 2186.JPG","309.0"
"Rutg._Bact.S 2187.JPG","309.0"
"Rutg._Bact.S 2188.JPG","309.0"
"Rutg._Bact.S 2189.JPG","309.0"
"Rutg._Bact.S 2190.JPG","309.0"
"Rutg._Bact.S 2191.JPG","309.0"
"Rutg._Bact.S 2192.JPG","309.0"
"Rutg._Bact.S 2193.JPG","309.0"
"Rutg._Bact.S 2194.JPG","309.0"
"Rutg._Bact.S 2195.JPG","309.0"
"Rutg._Bact.S 2196.JPG","310.0"
"Rutg._Bact.S 2197.JPG","310.0"
"Rutg._Bact.S 2198.JPG","310.0"
"Rutg._Bact.S 2199.JPG","310.0"
"Rutg._Bact.S 2200.JPG","310.0"
"Rutg._Bact.S 2201.JPG","310.0"
"Rutg._Bact.S 2202.JPG","310.0"
"Rutg._Bact.S 2203.JPG","310.0"
"Rutg._Bact.S 2204.JPG","311.0"
"Rutg._Bact.S 2205.JPG","311.0"
"Rutg._Bact.S 2206.JPG","311.0"
"Rutg._Bact.S 2207.JPG","311.0"
"Rutg._Bact.S 2208.JPG","311.0"
"Rutg._Bact.S 2209.JPG","311.0"
"Rutg._Bact.S 2210.JPG","311.0"
"Rutg._Bact.S 2211.JPG","311.0"
"Rutg._Bact.S 2212.JPG","311.0"
"Rutg._Bact.S 2213.JPG","312.0"
"Rutg._Bact.S 2214.JPG","312.0"
"Rutg._Bact.S 2215.JPG","312.0"
"Rutg._Bact.S 2216.JPG","312.0"
"Rutg._Bact.S 2217.JPG","312.0"
"Rutg._Bact.S 2218.JPG","312.0"
"Rutg._Bact.S 2219.JPG","312.0"
"Rutg._Bact.S 2220.JPG","312.0"
"Rutg._Bact.S 2221.JPG","312.0"
"Rutg._Bact.S 2222.JPG","313.0"
"Rutg._Bact.S 2223.JPG","313.0"
"Rutg._Bact.S 2224.JPG","313.0"
"Rutg._Bact.S 2225.JPG","313.0"
"Rutg._Bact.S 2226.JPG","313.0"
"Rutg._Bact.S 2227.JPG","313.0"
"Rutg._Bact.S 2228.JPG","313.0"
"Rutg._Bact.S 2229.JPG","313.0"
"Rutg._Bact.S 2230.JPG","314.0"
"Rutg._Bact.S 2231.JPG","314.0"
"Rutg._Bact.S 2232.JPG","314.0"
"Rutg._Bact.S 2233.JPG","314.0"
"Rutg._Bact.S 2234.JPG","314.0"
"Rutg._Bact.S 2235.JPG","314.0"
"Rutg._Bact.S 2236.JPG","314.0"
"Rutg._Bact.S 2237.JPG","314.0"
"Rutg._Bact.S 2238.JPG","315.0"
"Rutg._Bact.S 2239.JPG","315.0"
"Rutg._Bact.S 2240.JPG","315.0"
"Rutg._Bact.S 2241.JPG","315.0"
"Rutg._Bact.S 2242.JPG","315.0"
"Rutg._Bact.S 2243.JPG","315.0"
"Rutg._Bact.S 2244.JPG","315.0"
"Rutg._Bact.S 2245.JPG","315.0"
"Rutg._Bact.S 2246.JPG","316.0"
"Rutg._Bact.S 2247.JPG","316.0"
"Rutg._Bact.S 2248.JPG","316.0"
"Rutg._Bact.S 2249.JPG","316.0"
"Rutg._Bact.S 2250.JPG","316.0"
"Rutg._Bact.S 2251.JPG","316.0"
"Rutg._Bact.S 2252.JPG","316.0"
"Rutg._Bact.S 2253.JPG","316.0"
"Rutg._Bact.S 2254.JPG","316.0"
"Rutg._Bact.S 2255.JPG","317.0"
"Rutg._Bact.S 2256.JPG","317.0"
"Rutg._Bact.S 2257.JPG","317.0"
"Rutg._Bact.S 2258.JPG","317.0"
"Rutg._Bact.S 2259.JPG","317.0"
"Rutg._Bact.S 2260.JPG","317.0"
"Rutg._Bact.S 2261.JPG","317.0"
"Rutg._Bact.S 2262.JPG","317.0"
"Rutg._Bact.S 2263.JPG","317.0"
"Rutg._Bact.S 2264.JPG","318.0"
"Rutg._Bact.S 2265.JPG","318.0"
"Rutg._Bact.S 2266.JPG","318.0"
"Rutg._Bact.S 2267.JPG","318.0"
"Rutg._Bact.S 2268.JPG","318.0"
"Rutg._Bact.S 2269.JPG","318.0"
"Rutg._Bact.S 2270.JPG","318.0"
"Rutg._Bact.S 2271.JPG","318.0"
"Rutg._Bact.S 2272.JPG","319.0"
"Rutg._Bact.S 2273.JPG","319.0"
"Rutg._Bact.S 2274.JPG","319.0"
"Rutg._Bact.S 2275.JPG","319.0"
"Rutg._Bact.S 2276.JPG","319.0"
"Rutg._Bact.S 2277.JPG","319.0"
"Rutg._Bact.S 2278.JPG","319.0"
"Rutg._Bact.S 2279.JPG","319.0"
"Rutg._Bact.S 2280.JPG","320.0"
"Rutg._Bact.S 2281.JPG","320.0"
"Rutg._Bact.S 2282.JPG","320.0"
"Rutg._Bact.S 2283.JPG","320.0"
"Rutg._Bact.S 2284.JPG","320.0"
"Rutg._Bact.S 2285.JPG","320.0"
"Rutg._Bact.S 2286.JPG","320.0"
"Rutg._Bact.S 2287.JPG","320.0"
"Rutg._Bact.S 2288.JPG","321.0"
"Rutg._Bact.S 2289.JPG","321.0"
"Rutg._Bact.S 2290.JPG","321.0"
"Rutg._Bact.S 2291.JPG","321.0"
"Rutg._Bact.S 2292.JPG","321.0"
"Rutg._Bact.S 2293.JPG","321.0"
"Rutg._Bact.S 2294.JPG","321.0"
"Rutg._Bact.S 2295.JPG","321.0"
"Rutg._Bact.S 2296.JPG","321.0"
"Rutg._Bact.S 2297.JPG","321.0"
"Rutg._Bact.S 2298.JPG","322.0"
"Rutg._Bact.S 2299.JPG","322.0"
"Rutg._Bact.S 2300.JPG","322.0"
"Rutg._Bact.S 2301.JPG","322.0"
"Rutg._Bact.S 2302.JPG","322.0"
"Rutg._Bact.S 2303.JPG","322.0"
"Rutg._Bact.S 2304.JPG","322.0"
"Rutg._Bact.S 2305.JPG","322.0"
"Rutg._Bact.S 2306.JPG","322.0"
"Rutg._Bact.S 2307.JPG","322.0"
"Rutg._Bact.S 2308.JPG","323.0"
"Rutg._Bact.S 2309.JPG","323.0"
"Rutg._Bact.S 2310.JPG","323.0"
"Rutg._Bact.S 2311.JPG","323.0"
"Rutg._Bact.S 2312.JPG","323.0"
"Rutg._Bact.S 2313.JPG","323.0"
"Rutg._Bact.S 2314.JPG","323.0"
"Rutg._Bact.S 2315.JPG","323.0"
"Rutg._Bact.S 2316.JPG","323.0"
"Rutg._Bact.S 2317.JPG","323.0"
"Rutg._Bact.S 2318.JPG","324.0"
"Rutg._Bact.S 2319.JPG","324.0"
"Rutg._Bact.S 2320.JPG","324.0"
"Rutg._Bact.S 2321.JPG","324.0"
"Rutg._Bact.S 2322.JPG","324.0"
"Rutg._Bact.S 2323.JPG","324.0"
"Rutg._Bact.S 2324.JPG","324.0"
"Rutg._Bact.S 2325.JPG","324.0"
"Rutg._Bact.S 2326.JPG","325.0"
"Rutg._Bact.S 2327.JPG","325.0"
"Rutg._Bact.S 2328.JPG","325.0"
"Rutg._Bact.S 2329.JPG","325.0"
"Rutg._Bact.S 2330.JPG","325.0"
"Rutg._Bact.S 2331.JPG","325.0"
"Rutg._Bact.S 2332.JPG","325.0"
"Rutg._Bact.S 2333.JPG","325.0"
"Rutg._Bact.S 2334.JPG","325.0"
"Rutg._Bact.S 2335.JPG","326.0"
"Rutg._Bact.S 2336.JPG","326.0"
"Rutg._Bact.S 2337.JPG","326.0"
"Rutg._Bact.S 2338.JPG","326.0"
"Rutg._Bact.S 2339.JPG","326.0"
"Rutg._Bact.S 2340.JPG","326.0"
"Rutg._Bact.S 2341.JPG","326.0"
"Rutg._Bact.S 2342.JPG","326.0"
"Rutg._Bact.S 2343.JPG","327.0"
"Rutg._Bact.S 2344.JPG","327.0"
"Rutg._Bact.S 2345.JPG","327.0"
"Rutg._Bact.S 2346.JPG","327.0"
"Rutg._Bact.S 2347.JPG","327.0"
"Rutg._Bact.S 2348.JPG","327.0"
"Rutg._Bact.S 2349.JPG","327.0"
"Rutg._Bact.S 2350.JPG","327.0"
"Rutg._Bact.S 2351.JPG","328.0"
"Rutg._Bact.S 2352.JPG","328.0"
"Rutg._Bact.S 2353.JPG","328.0"
"Rutg._Bact.S 2354.JPG","328.0"
"Rutg._Bact.S 2355.JPG","328.0"
"Rutg._Bact.S 2356.JPG","328.0"
"Rutg._Bact.S 2357.JPG","328.0"
"Rutg._Bact.S 2358.JPG","328.0"
"Rutg._Bact.S 2359.JPG","329.0"
"Rutg._Bact.S 2360.JPG","329.0"
"Rutg._Bact.S 2361.JPG","329.0"
"Rutg._Bact.S 2362.JPG","329.0"
"Rutg._Bact.S 2363.JPG","329.0"
"Rutg._Bact.S 2364.JPG","329.0"
"Rutg._Bact.S 2365.JPG","329.0"
"Rutg._Bact.S 2366.JPG","329.0"
"Rutg._Bact.S 2367.JPG","329.0"
"Rutg._Bact.S 2368.JPG","329.0"
"Rutg._Bact.S 2369.JPG","330.0"
"Rutg._Bact.S 2370.JPG","330.0"
"Rutg._Bact.S 2371.JPG","330.0"
"Rutg._Bact.S 2372.JPG","330.0"
"Rutg._Bact.S 2373.JPG","330.0"
"Rutg._Bact.S 2374.JPG","330.0"
"Rutg._Bact.S 2375.JPG","330.0"
"Rutg._Bact.S 2376.JPG","330.0"
"Rutg._Bact.S 2377.JPG","330.0"
"Rutg._Bact.S 2378.JPG","330.0"
"Rutg._Bact.S 2379.JPG","331.0"
"Rutg._Bact.S 2380.JPG","331.0"
"Rutg._Bact.S 2381.JPG","331.0"
"Rutg._Bact.S 2382.JPG","331.0"
"Rutg._Bact.S 2383.JPG","331.0"
"Rutg._Bact.S 2384.JPG","331.0"
"Rutg._Bact.S 2385.JPG","331.0"
"Rutg._Bact.S 2386.JPG","331.0"
"Rutg._Bact.S 2387.JPG","332.0"
"Rutg._Bact.S 2388.JPG","332.0"
"Rutg._Bact.S 2389.JPG","332.0"
"Rutg._Bact.S 2390.JPG","332.0"
"Rutg._Bact.S 2391.JPG","332.0"
"Rutg._Bact.S 2392.JPG","332.0"
"Rutg._Bact.S 2393.JPG","332.0"
