"File Name","Leaf #"
"NREC_B.Spot 1785.JPG","1.0"
"NREC_B.Spot 1786.JPG","1.0"
"NREC_B.Spot 1787.JPG","1.0"
"NREC_B.Spot 1788.JPG","1.0"
"NREC_B.Spot 1789.JPG","2.0"
"NREC_B.Spot 1790.JPG","2.0"
"NREC_B.Spot 1791.JPG","2.0"
"NREC_B.Spot 1792.JPG","2.0"
"NREC_B.Spot 1793.JPG","3.0"
"NREC_B.Spot 1794.JPG","3.0"
"NREC_B.Spot 1795.JPG","3.0"
"NREC_B.Spot 1796.JPG","3.0"
"NREC_B.Spot 1798.JPG","4.0"
"NREC_B.Spot 1799.JPG","4.0"
"NREC_B.Spot 1800.JPG","4.0"
"NREC_B.Spot 1801.JPG","4.0"
"NREC_B.Spot 1802.JPG","5.0"
"NREC_B.Spot 1803.JPG","5.0"
"NREC_B.Spot 1804.JPG","5.0"
"NREC_B.Spot 1805.JPG","5.0"
"NREC_B.Spot 1806.JPG","6.0"
"NREC_B.Spot 1807.JPG","6.0"
"NREC_B.Spot 1808.JPG","6.0"
"NREC_B.Spot 1809.JPG","6.0"
"NREC_B.Spot 1810.JPG","7.0"
"NREC_B.Spot 1811.JPG","7.0"
"NREC_B.Spot 1812.JPG","7.0"
"NREC_B.Spot 1813.JPG","7.0"
"NREC_B.Spot 1814.JPG","8.0"
"NREC_B.Spot 1815.JPG","8.0"
"NREC_B.Spot 1816.JPG","8.0"
"NREC_B.Spot 1817.JPG","8.0"
"NREC_B.Spot 1818.JPG","9.0"
"NREC_B.Spot 1819.JPG","9.0"
"NREC_B.Spot 1820.JPG","9.0"
"NREC_B.Spot 1821.JPG","9.0"
"NREC_B.Spot 1822.JPG","10.0"
"NREC_B.Spot 1823.JPG","10.0"
"NREC_B.Spot 1824.JPG","10.0"
"NREC_B.Spot 1825.JPG","10.0"
"NREC_B.Spot 1826.JPG","11.0"
"NREC_B.Spot 1827.JPG","11.0"
"NREC_B.Spot 1828.JPG","11.0"
"NREC_B.Spot 1829.JPG","11.0"
"NREC_B.Spot 1830.JPG","12.0"
"NREC_B.Spot 1831.JPG","12.0"
"NREC_B.Spot 1832.JPG","12.0"
"NREC_B.Spot 1833.JPG","12.0"
"NREC_B.Spot 1834.JPG","13.0"
"NREC_B.Spot 1835.JPG","13.0"
"NREC_B.Spot 1836.JPG","13.0"
"NREC_B.Spot 1837.JPG","13.0"
"NREC_B.Spot 1838.JPG","14.0"
"NREC_B.Spot 1839.JPG","14.0"
"NREC_B.Spot 1840.JPG","14.0"
"NREC_B.Spot 1841.JPG","14.0"
"NREC_B.Spot 1842.JPG","15.0"
"NREC_B.Spot 1843.JPG","15.0"
"NREC_B.Spot 1844.JPG","15.0"
"NREC_B.Spot 1845.JPG","15.0"
"NREC_B.Spot 1846.JPG","16.0"
"NREC_B.Spot 1847.JPG","16.0"
"NREC_B.Spot 1848.JPG","16.0"
"NREC_B.Spot 1849.JPG","16.0"
"NREC_B.Spot 1850.JPG","17.0"
"NREC_B.Spot 1851.JPG","17.0"
"NREC_B.Spot 1852.JPG","17.0"
"NREC_B.Spot 1853.JPG","17.0"
"NREC_B.Spot 1854.JPG","18.0"
"NREC_B.Spot 1855.JPG","18.0"
"NREC_B.Spot 1856.JPG","18.0"
"NREC_B.Spot 1857.JPG","18.0"
"NREC_B.Spot 1858.JPG","19.0"
"NREC_B.Spot 1859.JPG","19.0"
"NREC_B.Spot 1860.JPG","19.0"
"NREC_B.Spot 1861.JPG","19.0"
"NREC_B.Spot 1862.JPG","20.0"
"NREC_B.Spot 1863.JPG","20.0"
"NREC_B.Spot 1864.JPG","20.0"
"NREC_B.Spot 1865.JPG","20.0"
"NREC_B.Spot 1866.JPG","21.0"
"NREC_B.Spot 1867.JPG","21.0"
"NREC_B.Spot 1868.JPG","21.0"
"NREC_B.Spot 1869.JPG","21.0"
"NREC_B.Spot 1870.JPG","22.0"
"NREC_B.Spot 1871.JPG","22.0"
"NREC_B.Spot 1872.JPG","22.0"
"NREC_B.Spot 1873.JPG","22.0"
"NREC_B.Spot 1874.JPG","23.0"
"NREC_B.Spot 1875.JPG","23.0"
"NREC_B.Spot 1876.JPG","23.0"
"NREC_B.Spot 1877.JPG","23.0"
"NREC_B.Spot 1878.JPG","24.0"
"NREC_B.Spot 1879.JPG","24.0"
"NREC_B.Spot 1880.JPG","24.0"
"NREC_B.Spot 1881.JPG","24.0"
"NREC_B.Spot 1882.JPG","25.0"
"NREC_B.Spot 1883.JPG","25.0"
"NREC_B.Spot 1884.JPG","25.0"
"NREC_B.Spot 1885.JPG","25.0"
"NREC_B.Spot 1886.JPG","26.0"
"NREC_B.Spot 1887.JPG","26.0"
"NREC_B.Spot 1889.JPG","26.0"
"NREC_B.Spot 1890.JPG","26.0"
"NREC_B.Spot 1891.JPG","27.0"
"NREC_B.Spot 1892.JPG","27.0"
"NREC_B.Spot 1893.JPG","27.0"
"NREC_B.Spot 1894.JPG","27.0"
"NREC_B.Spot 1895.JPG","28.0"
"NREC_B.Spot 1896.JPG","28.0"
"NREC_B.Spot 1897.JPG","28.0"
"NREC_B.Spot 1898.JPG","28.0"
"NREC_B.Spot 1899.JPG","29.0"
"NREC_B.Spot 1900.JPG","29.0"
"NREC_B.Spot 1901.JPG","29.0"
"NREC_B.Spot 1902.JPG","29.0"
"NREC_B.Spot 1903.JPG","30.0"
"NREC_B.Spot 1904.JPG","30.0"
"NREC_B.Spot 1905.JPG","30.0"
"NREC_B.Spot 1906.JPG","30.0"
"NREC_B.Spot 1907.JPG","31.0"
"NREC_B.Spot 1908.JPG","31.0"
"NREC_B.Spot 1909.JPG","31.0"
"NREC_B.Spot 1910.JPG","31.0"
"NREC_B.Spot 1911.JPG","32.0"
"NREC_B.Spot 1912.JPG","32.0"
"NREC_B.Spot 1913.JPG","32.0"
"NREC_B.Spot 1914.JPG","32.0"
"NREC_B.Spot 1915.JPG","33.0"
"NREC_B.Spot 1916.JPG","33.0"
"NREC_B.Spot 1917.JPG","33.0"
"NREC_B.Spot 1918.JPG","33.0"
"NREC_B.Spot 1919.JPG","34.0"
"NREC_B.Spot 1920.JPG","34.0"
"NREC_B.Spot 1921.JPG","34.0"
"NREC_B.Spot 1922.JPG","34.0"
"NREC_B.Spot 1923.JPG","35.0"
"NREC_B.Spot 1924.JPG","35.0"
"NREC_B.Spot 1925.JPG","35.0"
"NREC_B.Spot 1926.JPG","35.0"
"NREC_B.Spot 1927.JPG","36.0"
"NREC_B.Spot 1928.JPG","36.0"
"NREC_B.Spot 1929.JPG","36.0"
"NREC_B.Spot 1930.JPG","36.0"
"NREC_B.Spot 1931.JPG","37.0"
"NREC_B.Spot 1932.JPG","37.0"
"NREC_B.Spot 1933.JPG","37.0"
"NREC_B.Spot 1934.JPG","37.0"
"NREC_B.Spot 1935.JPG","38.0"
"NREC_B.Spot 1936.JPG","38.0"
"NREC_B.Spot 1937.JPG","38.0"
"NREC_B.Spot 1938.JPG","38.0"
"NREC_B.Spot 1939.JPG","39.0"
"NREC_B.Spot 1940.JPG","39.0"
"NREC_B.Spot 1941.JPG","39.0"
"NREC_B.Spot 1942.JPG","39.0"
"NREC_B.Spot 1943.JPG","40.0"
"NREC_B.Spot 1944.JPG","40.0"
"NREC_B.Spot 1945.JPG","40.0"
"NREC_B.Spot 1946.JPG","40.0"
"NREC_B.Spot 1947.JPG","41.0"
"NREC_B.Spot 1948.JPG","41.0"
"NREC_B.Spot 1949.JPG","41.0"
"NREC_B.Spot 1950.JPG","41.0"
"NREC_B.Spot 1951.JPG","42.0"
"NREC_B.Spot 1952.JPG","42.0"
"NREC_B.Spot 1953.JPG","42.0"
"NREC_B.Spot 1954.JPG","42.0"
"NREC_B.Spot 1955.JPG","43.0"
"NREC_B.Spot 1956.JPG","43.0"
"NREC_B.Spot 1957.JPG","43.0"
"NREC_B.Spot 1958.JPG","43.0"
"NREC_B.Spot 1959.JPG","44.0"
"NREC_B.Spot 1960.JPG","44.0"
"NREC_B.Spot 1961.JPG","44.0"
"NREC_B.Spot 1962.JPG","44.0"
"NREC_B.Spot 1963.JPG","45.0"
"NREC_B.Spot 1964.JPG","45.0"
"NREC_B.Spot 1965.JPG","45.0"
"NREC_B.Spot 1966.JPG","45.0"
"NREC_B.Spot 1967.JPG","46.0"
"NREC_B.Spot 1968.JPG","46.0"
"NREC_B.Spot 1969.JPG","46.0"
"NREC_B.Spot 1970.JPG","46.0"
"NREC_B.Spot 1971.JPG","47.0"
"NREC_B.Spot 1972.JPG","47.0"
"NREC_B.Spot 1973.JPG","47.0"
"NREC_B.Spot 1974.JPG","47.0"
"NREC_B.Spot 1975.JPG","48.0"
"NREC_B.Spot 1976.JPG","48.0"
"NREC_B.Spot 1977.JPG","48.0"
"NREC_B.Spot 1978.JPG","48.0"
"NREC_B.Spot 1979.JPG","49.0"
"NREC_B.Spot 1980.JPG","49.0"
"NREC_B.Spot 1981.JPG","49.0"
"NREC_B.Spot 1982.JPG","49.0"
"NREC_B.Spot 1983.JPG","50.0"
"NREC_B.Spot 1984.JPG","50.0"
"NREC_B.Spot 1985.JPG","50.0"
"NREC_B.Spot 1986.JPG","50.0"
"NREC_B.Spot 9045.JPG","51.0"
"NREC_B.Spot 9046.JPG","51.0"
"NREC_B.Spot 9047.JPG","51.0"
"NREC_B.Spot 9048.JPG","51.0"
"NREC_B.Spot 9049.JPG","52.0"
"NREC_B.Spot 9050.JPG","52.0"
"NREC_B.Spot 9051.JPG","52.0"
"NREC_B.Spot 9052.JPG","52.0"
"NREC_B.Spot 9053.JPG","53.0"
"NREC_B.Spot 9054.JPG","53.0"
"NREC_B.Spot 9055.JPG","53.0"
"NREC_B.Spot 9056.JPG","53.0"
"NREC_B.Spot 9057.JPG","54.0"
"NREC_B.Spot 9058.JPG","54.0"
"NREC_B.Spot 9059.JPG","54.0"
"NREC_B.Spot 9060.JPG","54.0"
"NREC_B.Spot 9061.JPG","55.0"
"NREC_B.Spot 9062.JPG","55.0"
"NREC_B.Spot 9063.JPG","55.0"
"NREC_B.Spot 9064.JPG","55.0"
"NREC_B.Spot 9065.JPG","56.0"
"NREC_B.Spot 9066.JPG","56.0"
"NREC_B.Spot 9067.JPG","56.0"
"NREC_B.Spot 9068.JPG","56.0"
"NREC_B.Spot 9069.JPG","57.0"
"NREC_B.Spot 9070.JPG","57.0"
"NREC_B.Spot 9071.JPG","57.0"
"NREC_B.Spot 9072.JPG","57.0"
"NREC_B.Spot 9073.JPG","58.0"
"NREC_B.Spot 9074.JPG","58.0"
"NREC_B.Spot 9075.JPG","58.0"
"NREC_B.Spot 9076.JPG","58.0"
"NREC_B.Spot 9077.JPG","59.0"
"NREC_B.Spot 9078.JPG","59.0"
"NREC_B.Spot 9079.JPG","59.0"
"NREC_B.Spot 9080.JPG","59.0"
"NREC_B.Spot 9081.JPG","60.0"
"NREC_B.Spot 9082.JPG","60.0"
"NREC_B.Spot 9083.JPG","60.0"
"NREC_B.Spot 9084.JPG","60.0"
"NREC_B.Spot 9085.JPG","61.0"
"NREC_B.Spot 9086.JPG","61.0"
"NREC_B.Spot 9087.JPG","61.0"
"NREC_B.Spot 9088.JPG","61.0"
"NREC_B.Spot 9089.JPG","62.0"
"NREC_B.Spot 9090.JPG","62.0"
"NREC_B.Spot 9091.JPG","62.0"
"NREC_B.Spot 9092.JPG","62.0"
"NREC_B.Spot 9093.JPG","63.0"
"NREC_B.Spot 9094.JPG","63.0"
"NREC_B.Spot 9095.JPG","63.0"
"NREC_B.Spot 9096.JPG","63.0"
"NREC_B.Spot 9097.JPG","64.0"
"NREC_B.Spot 9098.JPG","64.0"
"NREC_B.Spot 9099.JPG","64.0"
"NREC_B.Spot 9100.JPG","64.0"
"NREC_B.Spot 9101.JPG","65.0"
"NREC_B.Spot 9102.JPG","65.0"
"NREC_B.Spot 9103.JPG","65.0"
"NREC_B.Spot 9104.JPG","65.0"
"NREC_B.Spot 9105.JPG","66.0"
"NREC_B.Spot 9106.JPG","66.0"
"NREC_B.Spot 9107.JPG","66.0"
"NREC_B.Spot 9108.JPG","66.0"
"NREC_B.Spot 9109.JPG","67.0"
"NREC_B.Spot 9110.JPG","67.0"
"NREC_B.Spot 9111.JPG","67.0"
"NREC_B.Spot 9112.JPG","67.0"
"NREC_B.Spot 9113.JPG","68.0"
"NREC_B.Spot 9114.JPG","68.0"
"NREC_B.Spot 9115.JPG","68.0"
"NREC_B.Spot 9116.JPG","68.0"
"NREC_B.Spot 9117.JPG","69.0"
"NREC_B.Spot 9118.JPG","69.0"
"NREC_B.Spot 9119.JPG","69.0"
"NREC_B.Spot 9120.JPG","69.0"
"NREC_B.Spot 9121.JPG","70.0"
"NREC_B.Spot 9122.JPG","70.0"
"NREC_B.Spot 9123.JPG","70.0"
"NREC_B.Spot 9124.JPG","70.0"
"NREC_B.Spot 9125.JPG","71.0"
"NREC_B.Spot 9126.JPG","71.0"
"NREC_B.Spot 9127.JPG","71.0"
"NREC_B.Spot 9128.JPG","71.0"
"NREC_B.Spot 9129.JPG","72.0"
"NREC_B.Spot 9130.JPG","72.0"
"NREC_B.Spot 9131.JPG","72.0"
"NREC_B.Spot 9132.JPG","72.0"
"NREC_B.Spot 9133.JPG","73.0"
"NREC_B.Spot 9134.JPG","73.0"
"NREC_B.Spot 9135.JPG","73.0"
"NREC_B.Spot 9136.JPG","73.0"
"NREC_B.Spot 9137.JPG","74.0"
"NREC_B.Spot 9138.JPG","74.0"
"NREC_B.Spot 9139.JPG","74.0"
"NREC_B.Spot 9140.JPG","74.0"
"NREC_B.Spot 9141.JPG","75.0"
"NREC_B.Spot 9142.JPG","75.0"
"NREC_B.Spot 9143.JPG","75.0"
"NREC_B.Spot 9144.JPG","75.0"
"NREC_B.Spot 9145.JPG","76.0"
"NREC_B.Spot 9146.JPG","76.0"
"NREC_B.Spot 9147.JPG","76.0"
"NREC_B.Spot 9148.JPG","76.0"
"NREC_B.Spot 9149.JPG","77.0"
"NREC_B.Spot 9150.JPG","77.0"
"NREC_B.Spot 9151.JPG","77.0"
"NREC_B.Spot 9152.JPG","77.0"
"NREC_B.Spot 9153.JPG","78.0"
"NREC_B.Spot 9154.JPG","78.0"
"NREC_B.Spot 9155.JPG","78.0"
"NREC_B.Spot 9156.JPG","78.0"
"NREC_B.Spot 9157.JPG","79.0"
"NREC_B.Spot 9158.JPG","79.0"
"NREC_B.Spot 9159.JPG","79.0"
"NREC_B.Spot 9160.JPG","79.0"
"NREC_B.Spot 9161.JPG","80.0"
"NREC_B.Spot 9162.JPG","80.0"
"NREC_B.Spot 9163.JPG","80.0"
"NREC_B.Spot 9164.JPG","80.0"
"NREC_B.Spot 9165.JPG","81.0"
"NREC_B.Spot 9166.JPG","81.0"
"NREC_B.Spot 9167.JPG","81.0"
"NREC_B.Spot 9168.JPG","81.0"
"NREC_B.Spot 9169.JPG","82.0"
"NREC_B.Spot 9170.JPG","82.0"
"NREC_B.Spot 9171.JPG","82.0"
"NREC_B.Spot 9172.JPG","82.0"
"NREC_B.Spot 9173.JPG","83.0"
"NREC_B.Spot 9174.JPG","83.0"
"NREC_B.Spot 9175.JPG","83.0"
"NREC_B.Spot 9176.JPG","83.0"
"NREC_B.Spot 9177.JPG","84.0"
"NREC_B.Spot 9178.JPG","84.0"
"NREC_B.Spot 9179.JPG","84.0"
"NREC_B.Spot 9180.JPG","84.0"
"NREC_B.Spot 9181.JPG","85.0"
"NREC_B.Spot 9182.JPG","85.0"
"NREC_B.Spot 9183.JPG","85.0"
"NREC_B.Spot 9184.JPG","85.0"
"NREC_B.Spot 9185.JPG","86.0"
"NREC_B.Spot 9186.JPG","86.0"
"NREC_B.Spot 9187.JPG","86.0"
"NREC_B.Spot 9188.JPG","86.0"
"NREC_B.Spot 9189.JPG","87.0"
"NREC_B.Spot 9190.JPG","87.0"
"NREC_B.Spot 9191.JPG","87.0"
"NREC_B.Spot 9192.JPG","87.0"
"NREC_B.Spot 9193.JPG","88.0"
"NREC_B.Spot 9194.JPG","88.0"
"NREC_B.Spot 9195.JPG","88.0"
"NREC_B.Spot 9196.JPG","88.0"
"NREC_B.Spot 9197.JPG","89.0"
"NREC_B.Spot 9198.JPG","89.0"
"NREC_B.Spot 9199.JPG","89.0"
"NREC_B.Spot 9200.JPG","89.0"
"NREC_B.Spot 9201.JPG","90.0"
"NREC_B.Spot 9202.JPG","90.0"
"NREC_B.Spot 9203.JPG","90.0"
"NREC_B.Spot 9204.JPG","90.0"
"NREC_B.Spot 9205.JPG","91.0"
"NREC_B.Spot 9206.JPG","91.0"
"NREC_B.Spot 9207.JPG","91.0"
"NREC_B.Spot 9208.JPG","91.0"
"NREC_B.Spot 9209.JPG","92.0"
"NREC_B.Spot 9210.JPG","92.0"
"NREC_B.Spot 9211.JPG","92.0"
"NREC_B.Spot 9212.JPG","92.0"
"NREC_B.Spot 9213.JPG","93.0"
"NREC_B.Spot 9214.JPG","93.0"
"NREC_B.Spot 9215.JPG","93.0"
"NREC_B.Spot 9216.JPG","93.0"
"NREC_B.Spot 9217.JPG","94.0"
"NREC_B.Spot 9218.JPG","94.0"
"NREC_B.Spot 9219.JPG","94.0"
"NREC_B.Spot 9220.JPG","94.0"
"NREC_B.Spot 9221.JPG","95.0"
"NREC_B.Spot 9222.JPG","95.0"
"NREC_B.Spot 9223.JPG","95.0"
"NREC_B.Spot 9224.JPG","95.0"
"NREC_B.Spot 9225.JPG","96.0"
"NREC_B.Spot 9226.JPG","96.0"
"NREC_B.Spot 9227.JPG","96.0"
"NREC_B.Spot 9228.JPG","96.0"
"NREC_B.Spot 9229.JPG","97.0"
"NREC_B.Spot 9230.JPG","97.0"
"NREC_B.Spot 9231.JPG","97.0"
"NREC_B.Spot 9232.JPG","97.0"
"NREC_B.Spot 9233.JPG","98.0"
"NREC_B.Spot 9234.JPG","98.0"
"NREC_B.Spot 9235.JPG","98.0"
"NREC_B.Spot 9236.JPG","98.0"
"NREC_B.Spot 9237.JPG","99.0"
"NREC_B.Spot 9238.JPG","99.0"
"NREC_B.Spot 9239.JPG","99.0"
"NREC_B.Spot 9240.JPG","99.0"
"NREC_B.Spot 9241.JPG","100.0"
"NREC_B.Spot 9242.JPG","100.0"
"NREC_B.Spot 9243.JPG","100.0"
"NREC_B.Spot 9244.JPG","100.0"
"NREC_B.Spot 9245.JPG","101.0"
"NREC_B.Spot 9246.JPG","101.0"
"NREC_B.Spot 9247.JPG","101.0"
"NREC_B.Spot 9248.JPG","101.0"
"NREC_B.Spot 9249.JPG","102.0"
"NREC_B.Spot 9250.JPG","102.0"
"NREC_B.Spot 9251.JPG","102.0"
"NREC_B.Spot 9252.JPG","102.0"
"JR_B.Spot 3097.JPG","JR_1.0"
"JR_B.Spot 3098.JPG","JR_1.0"
"JR_B.Spot 3099.JPG","JR_1.0"
"JR_B.Spot 3100.JPG","JR_1.0"
"JR_B.Spot 3101.JPG","JR_1.0"
"JR_B.Spot 3103.JPG","JR_1.0"
"JR_B.Spot 3104.JPG","JR_1.0"
"JR_B.Spot 3105.JPG","JR_1.0"
"JR_B.Spot 3106.JPG","JR_1.0"
"JR_B.Spot 3107.JPG","JR_1.0"
"JR_B.Spot 3108.JPG","JR_1.0"
"JR_B.Spot 3109.JPG","JR_1.0"
"JR_B.Spot 3110.JPG","JR_2.0"
"JR_B.Spot 3111.JPG","JR_2.0"
"JR_B.Spot 3112.JPG","JR_2.0"
"JR_B.Spot 3113.JPG","JR_2.0"
"JR_B.Spot 3114.JPG","JR_2.0"
"JR_B.Spot 3115.JPG","JR_2.0"
"JR_B.Spot 3116.JPG","JR_2.0"
"JR_B.Spot 3117.JPG","JR_2.0"
"JR_B.Spot 3118.JPG","JR_2.0"
"JR_B.Spot 3119.JPG","JR_2.0"
"JR_B.Spot 3120.JPG","JR_2.0"
"JR_B.Spot 3121.JPG","JR_2.0"
"JR_B.Spot 3122.JPG","JR_3.0"
"JR_B.Spot 3123.JPG","JR_3.0"
"JR_B.Spot 3124.JPG","JR_3.0"
"JR_B.Spot 3125.JPG","JR_3.0"
"JR_B.Spot 3126.JPG","JR_3.0"
"JR_B.Spot 3127.JPG","JR_3.0"
"JR_B.Spot 3128.JPG","JR_3.0"
"JR_B.Spot 3129.JPG","JR_3.0"
"JR_B.Spot 3130.JPG","JR_3.0"
"JR_B.Spot 3131.JPG","JR_3.0"
"JR_B.Spot 3132.JPG","JR_3.0"
"JR_B.Spot 3133.JPG","JR_3.0"
"JR_B.Spot 3134.JPG","JR_3.0"
"JR_B.Spot 3135.JPG","JR_3.0"
"JR_B.Spot 3136.JPG","JR_3.0"
"JR_B.Spot 3137.JPG","JR_4.0"
"JR_B.Spot 3138.JPG","JR_4.0"
"JR_B.Spot 3139.JPG","JR_4.0"
"JR_B.Spot 3140.JPG","JR_4.0"
"JR_B.Spot 3141.JPG","JR_4.0"
"JR_B.Spot 3142.JPG","JR_4.0"
"JR_B.Spot 3143.JPG","JR_4.0"
"JR_B.Spot 3144.JPG","JR_4.0"
"JR_B.Spot 3145.JPG","JR_4.0"
"JR_B.Spot 3146.JPG","JR_4.0"
"JR_B.Spot 3147.JPG","JR_4.0"
"JR_B.Spot 3148.JPG","JR_5.0"
"JR_B.Spot 3149.JPG","JR_5.0"
"JR_B.Spot 3150.JPG","JR_5.0"
"JR_B.Spot 3151.JPG","JR_5.0"
"JR_B.Spot 3152.JPG","JR_5.0"
"JR_B.Spot 3153.JPG","JR_5.0"
"JR_B.Spot 3154.JPG","JR_5.0"
"JR_B.Spot 3155.JPG","JR_5.0"
"JR_B.Spot 3156.JPG","JR_5.0"
"JR_B.Spot 3157.JPG","JR_5.0"
"JR_B.Spot 3158.JPG","JR_5.0"
"JR_B.Spot 3159.JPG","JR_5.0"
"JR_B.Spot 3160.JPG","JR_5.0"
"JR_B.Spot 3161.JPG","JR_5.0"
"JR_B.Spot 3162.JPG","JR_5.0"
"JR_B.Spot 3163.JPG","JR_5.0"
"JR_B.Spot 3164.JPG","JR_6.0"
"JR_B.Spot 3165.JPG","JR_6.0"
"JR_B.Spot 3166.JPG","JR_6.0"
"JR_B.Spot 3167.JPG","JR_6.0"
"JR_B.Spot 3168.JPG","JR_6.0"
"JR_B.Spot 3169.JPG","JR_6.0"
"JR_B.Spot 3170.JPG","JR_6.0"
"JR_B.Spot 3171.JPG","JR_6.0"
"JR_B.Spot 3172.JPG","JR_6.0"
"JR_B.Spot 3173.JPG","JR_6.0"
"JR_B.Spot 3174.JPG","JR_6.0"
"JR_B.Spot 3175.JPG","JR_6.0"
"JR_B.Spot 3176.JPG","JR_6.0"
"JR_B.Spot 3177.JPG","JR_7.0"
"JR_B.Spot 3178.JPG","JR_7.0"
"JR_B.Spot 3179.JPG","JR_7.0"
"JR_B.Spot 3180.JPG","JR_7.0"
"JR_B.Spot 3181.JPG","JR_7.0"
"JR_B.Spot 3182.JPG","JR_7.0"
"JR_B.Spot 3183.JPG","JR_7.0"
"JR_B.Spot 3184.JPG","JR_7.0"
"JR_B.Spot 3185.JPG","JR_7.0"
"JR_B.Spot 3186.JPG","JR_7.0"
"JR_B.Spot 3187.JPG","JR_8.0"
"JR_B.Spot 3188.JPG","JR_8.0"
"JR_B.Spot 3189.JPG","JR_8.0"
"JR_B.Spot 3190.JPG","JR_8.0"
"JR_B.Spot 3191.JPG","JR_8.0"
"JR_B.Spot 3192.JPG","JR_8.0"
"JR_B.Spot 3193.JPG","JR_8.0"
"JR_B.Spot 3194.JPG","JR_8.0"
"JR_B.Spot 3195.JPG","JR_8.0"
"JR_B.Spot 3196.JPG","JR_8.0"
"JR_B.Spot 3197.JPG","JR_8.0"
"JR_B.Spot 3198.JPG","JR_8.0"
"JR_B.Spot 3199.JPG","JR_8.0"
"JR_B.Spot 3200.JPG","JR_9.0"
"JR_B.Spot 3201.JPG","JR_9.0"
"JR_B.Spot 3202.JPG","JR_9.0"
"JR_B.Spot 3203.JPG","JR_9.0"
"JR_B.Spot 3204.JPG","JR_9.0"
"JR_B.Spot 3205.JPG","JR_9.0"
"JR_B.Spot 3206.JPG","JR_9.0"
"JR_B.Spot 3207.JPG","JR_9.0"
"JR_B.Spot 3208.JPG","JR_9.0"
"JR_B.Spot 3209.JPG","JR_9.0"
"JR_B.Spot 3210.JPG","JR_9.0"
"JR_B.Spot 3211.JPG","JR_9.0"
"JR_B.Spot 3212.JPG","JR_9.0"
"JR_B.Spot 3213.JPG","JR_9.0"
"JR_B.Spot 3214.JPG","JR_10.0"
"JR_B.Spot 3215.JPG","JR_10.0"
"JR_B.Spot 3216.JPG","JR_10.0"
"JR_B.Spot 3217.JPG","JR_10.0"
"JR_B.Spot 3218.JPG","JR_10.0"
"JR_B.Spot 3219.JPG","JR_10.0"
"JR_B.Spot 3220.JPG","JR_10.0"
"JR_B.Spot 3221.JPG","JR_10.0"
"JR_B.Spot 3222.JPG","JR_10.0"
"JR_B.Spot 3223.JPG","JR_11.0"
"JR_B.Spot 3224.JPG","JR_11.0"
"JR_B.Spot 3225.JPG","JR_11.0"
"JR_B.Spot 3226.JPG","JR_11.0"
"JR_B.Spot 3227.JPG","JR_11.0"
"JR_B.Spot 3228.JPG","JR_11.0"
"JR_B.Spot 3229.JPG","JR_11.0"
"JR_B.Spot 3230.JPG","JR_11.0"
"JR_B.Spot 3231.JPG","JR_11.0"
"JR_B.Spot 3232.JPG","JR_11.0"
"JR_B.Spot 3233.JPG","JR_11.0"
"JR_B.Spot 3234.JPG","JR_11.0"
"JR_B.Spot 3235.JPG","JR_11.0"
"JR_B.Spot 3236.JPG","JR_11.0"
"JR_B.Spot 3237.JPG","JR_11.0"
"JR_B.Spot 3238.JPG","JR_11.0"
"JR_B.Spot 3239.JPG","JR_11.0"
"JR_B.Spot 3240.JPG","JR_12.0"
"JR_B.Spot 3241.JPG","JR_12.0"
"JR_B.Spot 3242.JPG","JR_12.0"
"JR_B.Spot 3243.JPG","JR_12.0"
"JR_B.Spot 3244.JPG","JR_12.0"
"JR_B.Spot 3245.JPG","JR_12.0"
"JR_B.Spot 3246.JPG","JR_12.0"
"JR_B.Spot 3247.JPG","JR_12.0"
"JR_B.Spot 3248.JPG","JR_12.0"
"JR_B.Spot 3249.JPG","JR_13.0"
"JR_B.Spot 3250.JPG","JR_13.0"
"JR_B.Spot 3251.JPG","JR_13.0"
"JR_B.Spot 3252.JPG","JR_13.0"
"JR_B.Spot 3253.JPG","JR_13.0"
"JR_B.Spot 3254.JPG","JR_13.0"
"JR_B.Spot 3255.JPG","JR_13.0"
"JR_B.Spot 3256.JPG","JR_13.0"
"JR_B.Spot 3257.JPG","JR_13.0"
"JR_B.Spot 3258.JPG","JR_14.0"
"JR_B.Spot 3259.JPG","JR_14.0"
"JR_B.Spot 3260.JPG","JR_14.0"
"JR_B.Spot 3261.JPG","JR_14.0"
"JR_B.Spot 3262.JPG","JR_14.0"
"JR_B.Spot 3263.JPG","JR_14.0"
"JR_B.Spot 3264.JPG","JR_14.0"
"JR_B.Spot 3265.JPG","JR_14.0"
"JR_B.Spot 3266.JPG","JR_14.0"
"JR_B.Spot 3267.JPG","JR_14.0"
"JR_B.Spot 3268.JPG","JR_14.0"
"JR_B.Spot 3269.JPG","JR_14.0"
"JR_B.Spot 3270.JPG","JR_14.0"
"JR_B.Spot 3271.JPG","JR_14.0"
"JR_B.Spot 3272.JPG","JR_15.0"
"JR_B.Spot 3273.JPG","JR_15.0"
"JR_B.Spot 3274.JPG","JR_15.0"
"JR_B.Spot 3275.JPG","JR_15.0"
"JR_B.Spot 3276.JPG","JR_15.0"
"JR_B.Spot 3277.JPG","JR_15.0"
"JR_B.Spot 3278.JPG","JR_15.0"
"JR_B.Spot 3279.JPG","JR_15.0"
"JR_B.Spot 3280.JPG","JR_15.0"
"JR_B.Spot 3281.JPG","JR_15.0"
"JR_B.Spot 3282.JPG","JR_15.0"
"JR_B.Spot 3283.JPG","JR_15.0"
"JR_B.Spot 3284.JPG","JR_16.0"
"JR_B.Spot 3285.JPG","JR_16.0"
"JR_B.Spot 3286.JPG","JR_16.0"
"JR_B.Spot 3287.JPG","JR_16.0"
"JR_B.Spot 3288.JPG","JR_16.0"
"JR_B.Spot 3289.JPG","JR_16.0"
"JR_B.Spot 3290.JPG","JR_16.0"
"JR_B.Spot 3291.JPG","JR_16.0"
"JR_B.Spot 3292.JPG","JR_16.0"
"JR_B.Spot 3293.JPG","JR_17.0"
"JR_B.Spot 3294.JPG","JR_17.0"
"JR_B.Spot 3295.JPG","JR_17.0"
"JR_B.Spot 3296.JPG","JR_17.0"
"JR_B.Spot 3297.JPG","JR_17.0"
"JR_B.Spot 3298.JPG","JR_17.0"
"JR_B.Spot 3299.JPG","JR_17.0"
"JR_B.Spot 3300.JPG","JR_18.0"
"JR_B.Spot 3301.JPG","JR_18.0"
"JR_B.Spot 3302.JPG","JR_18.0"
"JR_B.Spot 3303.JPG","JR_18.0"
"JR_B.Spot 3304.JPG","JR_18.0"
"JR_B.Spot 3305.JPG","JR_18.0"
"JR_B.Spot 3306.JPG","JR_18.0"
"JR_B.Spot 3307.JPG","JR_18.0"
"JR_B.Spot 3308.JPG","JR_18.0"
"JR_B.Spot 3309.JPG","JR_18.0"
"JR_B.Spot 3310.JPG","JR_19.0"
"JR_B.Spot 3311.JPG","JR_19.0"
"JR_B.Spot 3312.JPG","JR_19.0"
"JR_B.Spot 3313.JPG","JR_19.0"
"JR_B.Spot 3314.JPG","JR_19.0"
"JR_B.Spot 3315.JPG","JR_19.0"
"JR_B.Spot 3316.JPG","JR_19.0"
"JR_B.Spot 3317.JPG","JR_19.0"
"JR_B.Spot 3318.JPG","JR_19.0"
"JR_B.Spot 3319.JPG","JR_19.0"
"JR_B.Spot 3320.JPG","JR_19.0"
"JR_B.Spot 3321.JPG","JR_19.0"
"JR_B.Spot 3322.JPG","JR_19.0"
"JR_B.Spot 3323.JPG","JR_20.0"
"JR_B.Spot 3324.JPG","JR_20.0"
"JR_B.Spot 3325.JPG","JR_20.0"
"JR_B.Spot 3326.JPG","JR_20.0"
"JR_B.Spot 3327.JPG","JR_20.0"
"JR_B.Spot 3328.JPG","JR_20.0"
"JR_B.Spot 3329.JPG","JR_20.0"
"JR_B.Spot 3330.JPG","JR_20.0"
"JR_B.Spot 3331.JPG","JR_21.0"
"JR_B.Spot 3332.JPG","JR_21.0"
"JR_B.Spot 3333.JPG","JR_21.0"
"JR_B.Spot 3334.JPG","JR_21.0"
"JR_B.Spot 3335.JPG","JR_21.0"
"JR_B.Spot 3336.JPG","JR_21.0"
"JR_B.Spot 3337.JPG","JR_21.0"
"JR_B.Spot 3338.JPG","JR_21.0"
"JR_B.Spot 3339.JPG","JR_21.0"
"JR_B.Spot 3340.JPG","JR_21.0"
"JR_B.Spot 3341.JPG","JR_22.0"
"JR_B.Spot 3342.JPG","JR_22.0"
"JR_B.Spot 3343.JPG","JR_22.0"
"JR_B.Spot 3344.JPG","JR_22.0"
"JR_B.Spot 3345.JPG","JR_22.0"
"JR_B.Spot 3346.JPG","JR_22.0"
"JR_B.Spot 3347.JPG","JR_22.0"
"JR_B.Spot 3348.JPG","JR_22.0"
"JR_B.Spot 3349.JPG","JR_23.0"
"JR_B.Spot 3350.JPG","JR_23.0"
"JR_B.Spot 3351.JPG","JR_23.0"
"JR_B.Spot 3352.JPG","JR_23.0"
"JR_B.Spot 3353.JPG","JR_23.0"
"JR_B.Spot 3354.JPG","JR_23.0"
"JR_B.Spot 3355.JPG","JR_23.0"
"JR_B.Spot 3356.JPG","JR_23.0"
"JR_B.Spot 3357.JPG","JR_23.0"
"JR_B.Spot 3358.JPG","JR_23.0"
"JR_B.Spot 3359.JPG","JR_24.0"
"JR_B.Spot 3360.JPG","JR_24.0"
"JR_B.Spot 3361.JPG","JR_24.0"
"JR_B.Spot 3362.JPG","JR_24.0"
"JR_B.Spot 3363.JPG","JR_24.0"
"JR_B.Spot 3364.JPG","JR_24.0"
"JR_B.Spot 3365.JPG","JR_24.0"
"JR_B.Spot 3366.JPG","JR_24.0"
"JR_B.Spot 3367.JPG","JR_24.0"
"JR_B.Spot 3368.JPG","JR_24.0"
"JR_B.Spot 3369.JPG","JR_24.0"
"JR_B.Spot 3370.JPG","JR_24.0"
"JR_B.Spot 3371.JPG","JR_25.0"
"JR_B.Spot 3372.JPG","JR_25.0"
"JR_B.Spot 3373.JPG","JR_25.0"
"JR_B.Spot 3374.JPG","JR_25.0"
"JR_B.Spot 3375.JPG","JR_25.0"
"JR_B.Spot 3376.JPG","JR_25.0"
"JR_B.Spot 3377.JPG","JR_25.0"
"JR_B.Spot 3378.JPG","JR_25.0"
"JR_B.Spot 3379.JPG","JR_25.0"
"JR_B.Spot 3380.JPG","JR_26.0"
"JR_B.Spot 3381.JPG","JR_26.0"
"JR_B.Spot 3382.JPG","JR_26.0"
"JR_B.Spot 3383.JPG","JR_26.0"
"JR_B.Spot 3384.JPG","JR_26.0"
"JR_B.Spot 3385.JPG","JR_26.0"
"JR_B.Spot 3386.JPG","JR_26.0"
"JR_B.Spot 3387.JPG","JR_26.0"
"JR_B.Spot 3388.JPG","JR_26.0"
"JR_B.Spot 3389.JPG","JR_26.0"
"JR_B.Spot 3390.JPG","JR_27.0"
"JR_B.Spot 3391.JPG","JR_27.0"
"JR_B.Spot 3392.JPG","JR_27.0"
"JR_B.Spot 3393.JPG","JR_27.0"
"JR_B.Spot 3394.JPG","JR_27.0"
"JR_B.Spot 3395.JPG","JR_27.0"
"JR_B.Spot 3396.JPG","JR_27.0"
"JR_B.Spot 3397.JPG","JR_27.0"
"JR_B.Spot 3398.JPG","JR_27.0"
"JR_B.Spot 3399.JPG","JR_27.0"
"JR_B.Spot 3400.JPG","JR_27.0"
"JR_B.Spot 3401.JPG","JR_27.0"
"JR_B.Spot 3402.JPG","JR_27.0"
"JR_B.Spot 3403.JPG","JR_27.0"
"JR_B.Spot 3404.JPG","JR_27.0"
"JR_B.Spot 3405.JPG","JR_27.0"
"JR_B.Spot 3406.JPG","JR_27.0"
"JR_B.Spot 8822.JPG","JR_28.0"
"JR_B.Spot 8823.JPG","JR_28.0"
"JR_B.Spot 8824.JPG","JR_28.0"
"JR_B.Spot 8825.JPG","JR_28.0"
"JR_B.Spot 8826.JPG","JR_28.0"
"JR_B.Spot 8827.JPG","JR_28.0"
"JR_B.Spot 8828.JPG","JR_29.0"
"JR_B.Spot 8829.JPG","JR_29.0"
"JR_B.Spot 8830.JPG","JR_29.0"
"JR_B.Spot 8831.JPG","JR_29.0"
"JR_B.Spot 8832.JPG","JR_29.0"
"JR_B.Spot 8833.JPG","JR_29.0"
"JR_B.Spot 8834.JPG","JR_30.0"
"JR_B.Spot 8835.JPG","JR_30.0"
"JR_B.Spot 8836.JPG","JR_30.0"
"JR_B.Spot 8837.JPG","JR_30.0"
"JR_B.Spot 8838.JPG","JR_30.0"
"JR_B.Spot 8839.JPG","JR_30.0"
"JR_B.Spot 8840.JPG","JR_30.0"
"JR_B.Spot 8841.JPG","JR_31.0"
"JR_B.Spot 8842.JPG","JR_31.0"
"JR_B.Spot 8843.JPG","JR_31.0"
"JR_B.Spot 8844.JPG","JR_31.0"
"JR_B.Spot 8845.JPG","JR_31.0"
"JR_B.Spot 8846.JPG","JR_31.0"
"JR_B.Spot 8847.JPG","JR_32.0"
"JR_B.Spot 8848.JPG","JR_32.0"
"JR_B.Spot 8849.JPG","JR_32.0"
"JR_B.Spot 8850.JPG","JR_32.0"
"JR_B.Spot 8851.JPG","JR_32.0"
"JR_B.Spot 8852.JPG","JR_32.0"
"JR_B.Spot 8853.JPG","JR_33.0"
"JR_B.Spot 8854.JPG","JR_33.0"
"JR_B.Spot 8855.JPG","JR_33.0"
"JR_B.Spot 8856.JPG","JR_33.0"
"JR_B.Spot 8857.JPG","JR_33.0"
"JR_B.Spot 8858.JPG","JR_33.0"
"JR_B.Spot 8859.JPG","JR_33.0"
"JR_B.Spot 8860.JPG","JR_34.0"
"JR_B.Spot 8861.JPG","JR_34.0"
"JR_B.Spot 8862.JPG","JR_34.0"
"JR_B.Spot 8863.JPG","JR_34.0"
"JR_B.Spot 8864.JPG","JR_34.0"
"JR_B.Spot 8865.JPG","JR_34.0"
"JR_B.Spot 8866.JPG","JR_34.0"
"JR_B.Spot 8867.JPG","JR_35.0"
"JR_B.Spot 8868.JPG","JR_35.0"
"JR_B.Spot 8869.JPG","JR_35.0"
"JR_B.Spot 8870.JPG","JR_35.0"
"JR_B.Spot 8871.JPG","JR_35.0"
"JR_B.Spot 8872.JPG","JR_35.0"
"JR_B.Spot 8873.JPG","JR_36.0"
"JR_B.Spot 8874.JPG","JR_36.0"
"JR_B.Spot 8875.JPG","JR_36.0"
"JR_B.Spot 8876.JPG","JR_36.0"
"JR_B.Spot 8877.JPG","JR_36.0"
"JR_B.Spot 8878.JPG","JR_36.0"
"JR_B.Spot 8879.JPG","JR_37.0"
"JR_B.Spot 8880.JPG","JR_37.0"
"JR_B.Spot 8881.JPG","JR_37.0"
"JR_B.Spot 8882.JPG","JR_37.0"
"JR_B.Spot 8883.JPG","JR_37.0"
"JR_B.Spot 8884.JPG","JR_37.0"
"JR_B.Spot 8885.JPG","JR_38.0"
"JR_B.Spot 8886.JPG","JR_38.0"
"JR_B.Spot 8887.JPG","JR_38.0"
"JR_B.Spot 8888.JPG","JR_38.0"
"JR_B.Spot 8889.JPG","JR_38.0"
"JR_B.Spot 8890.JPG","JR_38.0"
"JR_B.Spot 8891.JPG","JR_39.0"
"JR_B.Spot 8892.JPG","JR_39.0"
"JR_B.Spot 8893.JPG","JR_39.0"
"JR_B.Spot 8894.JPG","JR_39.0"
"JR_B.Spot 8895.JPG","JR_39.0"
"JR_B.Spot 8896.JPG","JR_39.0"
"JR_B.Spot 8897.JPG","JR_39.0"
"JR_B.Spot 8898.JPG","JR_40.0"
"JR_B.Spot 8899.JPG","JR_40.0"
"JR_B.Spot 8900.JPG","JR_40.0"
"JR_B.Spot 8901.JPG","JR_40.0"
"JR_B.Spot 8902.JPG","JR_40.0"
"JR_B.Spot 8903.JPG","JR_40.0"
"JR_B.Spot 8904.JPG","JR_41.0"
"JR_B.Spot 8905.JPG","JR_41.0"
"JR_B.Spot 8906.JPG","JR_41.0"
"JR_B.Spot 8907.JPG","JR_41.0"
"JR_B.Spot 8908.JPG","JR_41.0"
"JR_B.Spot 8909.JPG","JR_42.0"
"JR_B.Spot 8910.JPG","JR_42.0"
"JR_B.Spot 8911.JPG","JR_42.0"
"JR_B.Spot 8912.JPG","JR_42.0"
"JR_B.Spot 8913.JPG","JR_42.0"
"JR_B.Spot 8914.JPG","JR_42.0"
"JR_B.Spot 8915.JPG","JR_42.0"
"JR_B.Spot 8916.JPG","JR_43.0"
"JR_B.Spot 8917.JPG","JR_43.0"
"JR_B.Spot 8918.JPG","JR_43.0"
"JR_B.Spot 8919.JPG","JR_43.0"
"JR_B.Spot 8920.JPG","JR_43.0"
"JR_B.Spot 8921.JPG","JR_43.0"
"JR_B.Spot 8922.JPG","JR_44.0"
"JR_B.Spot 8923.JPG","JR_44.0"
"JR_B.Spot 8924.JPG","JR_44.0"
"JR_B.Spot 8925.JPG","JR_44.0"
"JR_B.Spot 8926.JPG","JR_44.0"
"JR_B.Spot 8927.JPG","JR_44.0"
"JR_B.Spot 8928.JPG","JR_45.0"
"JR_B.Spot 8929.JPG","JR_45.0"
"JR_B.Spot 8930.JPG","JR_45.0"
"JR_B.Spot 8931.JPG","JR_45.0"
"JR_B.Spot 8932.JPG","JR_45.0"
"JR_B.Spot 8933.JPG","JR_45.0"
"JR_B.Spot 8934.JPG","JR_46.0"
"JR_B.Spot 8935.JPG","JR_46.0"
"JR_B.Spot 8936.JPG","JR_46.0"
"JR_B.Spot 8937.JPG","JR_46.0"
"JR_B.Spot 8938.JPG","JR_46.0"
"JR_B.Spot 8939.JPG","JR_46.0"
"JR_B.Spot 8940.JPG","JR_47.0"
"JR_B.Spot 8941.JPG","JR_47.0"
"JR_B.Spot 8942.JPG","JR_47.0"
"JR_B.Spot 8943.JPG","JR_47.0"
"JR_B.Spot 8944.JPG","JR_47.0"
"JR_B.Spot 8945.JPG","JR_47.0"
"JR_B.Spot 8946.JPG","JR_48.0"
"JR_B.Spot 8947.JPG","JR_48.0"
"JR_B.Spot 8948.JPG","JR_48.0"
"JR_B.Spot 8949.JPG","JR_48.0"
"JR_B.Spot 8950.JPG","JR_48.0"
"JR_B.Spot 8951.JPG","JR_49.0"
"JR_B.Spot 8952.JPG","JR_49.0"
"JR_B.Spot 8953.JPG","JR_49.0"
"JR_B.Spot 8954.JPG","JR_49.0"
"JR_B.Spot 8955.JPG","JR_49.0"
"JR_B.Spot 8956.JPG","JR_49.0"
"JR_B.Spot 8957.JPG","JR_50.0"
"JR_B.Spot 8958.JPG","JR_50.0"
"JR_B.Spot 8959.JPG","JR_50.0"
"JR_B.Spot 8960.JPG","JR_50.0"
"JR_B.Spot 8961.JPG","JR_50.0"
"JR_B.Spot 8962.JPG","JR_50.0"
"JR_B.Spot 8963.JPG","JR_51.0"
"JR_B.Spot 8964.JPG","JR_51.0"
"JR_B.Spot 8965.JPG","JR_51.0"
"JR_B.Spot 8966.JPG","JR_51.0"
"JR_B.Spot 8967.JPG","JR_51.0"
"JR_B.Spot 8968.JPG","JR_52.0"
"JR_B.Spot 8969.JPG","JR_52.0"
"JR_B.Spot 8970.JPG","JR_52.0"
"JR_B.Spot 8971.JPG","JR_52.0"
"JR_B.Spot 8972.JPG","JR_52.0"
"JR_B.Spot 8973.JPG","JR_52.0"
"JR_B.Spot 8974.JPG","JR_53.0"
"JR_B.Spot 8975.JPG","JR_53.0"
"JR_B.Spot 8976.JPG","JR_53.0"
"JR_B.Spot 8977.JPG","JR_53.0"
"JR_B.Spot 8978.JPG","JR_53.0"
"JR_B.Spot 8979.JPG","JR_53.0"
"JR_B.Spot 8980.JPG","JR_54.0"
"JR_B.Spot 8981.JPG","JR_54.0"
"JR_B.Spot 8982.JPG","JR_54.0"
"JR_B.Spot 8983.JPG","JR_54.0"
"JR_B.Spot 8984.JPG","JR_54.0"
"JR_B.Spot 8985.JPG","JR_54.0"
"JR_B.Spot 8986.JPG","JR_55.0"
"JR_B.Spot 8987.JPG","JR_55.0"
"JR_B.Spot 8988.JPG","JR_55.0"
"JR_B.Spot 8989.JPG","JR_55.0"
"JR_B.Spot 8990.JPG","JR_55.0"
"JR_B.Spot 8991.JPG","JR_55.0"
"JR_B.Spot 8992.JPG","JR_56.0"
"JR_B.Spot 8993.JPG","JR_56.0"
"JR_B.Spot 8994.JPG","JR_56.0"
"JR_B.Spot 8995.JPG","JR_56.0"
"JR_B.Spot 8996.JPG","JR_56.0"
"JR_B.Spot 8997.JPG","JR_57.0"
"JR_B.Spot 8998.JPG","JR_57.0"
"JR_B.Spot 8999.JPG","JR_57.0"
"JR_B.Spot 9000.JPG","JR_57.0"
"JR_B.Spot 9001.JPG","JR_57.0"
"JR_B.Spot 9002.JPG","JR_57.0"
"JR_B.Spot 9003.JPG","JR_58.0"
"JR_B.Spot 9004.JPG","JR_58.0"
"JR_B.Spot 9005.JPG","JR_58.0"
"JR_B.Spot 9006.JPG","JR_58.0"
"JR_B.Spot 9007.JPG","JR_58.0"
"JR_B.Spot 9008.JPG","JR_58.0"
"JR_B.Spot 9009.JPG","JR_59.0"
"JR_B.Spot 9010.JPG","JR_59.0"
"JR_B.Spot 9011.JPG","JR_59.0"
"JR_B.Spot 9012.JPG","JR_59.0"
"JR_B.Spot 9013.JPG","JR_59.0"
"JR_B.Spot 9014.JPG","JR_59.0"
"JR_B.Spot 9015.JPG","JR_60.0"
"JR_B.Spot 9016.JPG","JR_60.0"
"JR_B.Spot 9017.JPG","JR_60.0"
"JR_B.Spot 9018.JPG","JR_60.0"
"JR_B.Spot 9019.JPG","JR_60.0"
"JR_B.Spot 9020.JPG","JR_60.0"
"JR_B.Spot 9021.JPG","JR_61.0"
"JR_B.Spot 9022.JPG","JR_61.0"
"JR_B.Spot 9023.JPG","JR_61.0"
"JR_B.Spot 9024.JPG","JR_61.0"
"JR_B.Spot 9025.JPG","JR_61.0"
"JR_B.Spot 9026.JPG","JR_61.0"
"JR_B.Spot 9027.JPG","JR_62.0"
"JR_B.Spot 9028.JPG","JR_62.0"
"JR_B.Spot 9029.JPG","JR_62.0"
"JR_B.Spot 9030.JPG","JR_62.0"
"JR_B.Spot 9031.JPG","JR_62.0"
"JR_B.Spot 9032.JPG","JR_62.0"
"JR_B.Spot 9033.JPG","JR_63.0"
"JR_B.Spot 9034.JPG","JR_63.0"
"JR_B.Spot 9035.JPG","JR_63.0"
"JR_B.Spot 9036.JPG","JR_63.0"
"JR_B.Spot 9037.JPG","JR_63.0"
"JR_B.Spot 9038.JPG","JR_63.0"
"JR_B.Spot 9039.JPG","JR_64.0"
"JR_B.Spot 9040.JPG","JR_64.0"
"JR_B.Spot 9041.JPG","JR_64.0"
"JR_B.Spot 9042.JPG","JR_64.0"
"JR_B.Spot 9043.JPG","JR_64.0"
"JR_B.Spot 9044.JPG","JR_65.0"
"JR_B.Spot 9045.JPG","JR_65.0"
"JR_B.Spot 9046.JPG","JR_65.0"
"JR_B.Spot 9047.JPG","JR_65.0"
"JR_B.Spot 9048.JPG","JR_65.0"
"JR_B.Spot 9049.JPG","JR_65.0"
"JR_B.Spot 9050.JPG","JR_66.0"
"JR_B.Spot 9051.JPG","JR_66.0"
"JR_B.Spot 9052.JPG","JR_66.0"
"JR_B.Spot 9053.JPG","JR_66.0"
"JR_B.Spot 9054.JPG","JR_66.0"
"JR_B.Spot 9055.JPG","JR_67.0"
"JR_B.Spot 9056.JPG","JR_67.0"
"JR_B.Spot 9057.JPG","JR_67.0"
"JR_B.Spot 9058.JPG","JR_67.0"
"JR_B.Spot 9059.JPG","JR_67.0"
"JR_B.Spot 9060.JPG","JR_68.0"
"JR_B.Spot 9061.JPG","JR_68.0"
"JR_B.Spot 9062.JPG","JR_68.0"
"JR_B.Spot 9063.JPG","JR_68.0"
"JR_B.Spot 9064.JPG","JR_68.0"
"JR_B.Spot 9065.JPG","JR_68.0"
"JR_B.Spot 9066.JPG","JR_69.0"
"JR_B.Spot 9067.JPG","JR_69.0"
"JR_B.Spot 9068.JPG","JR_69.0"
"JR_B.Spot 9069.JPG","JR_69.0"
"JR_B.Spot 9070.JPG","JR_69.0"
"JR_B.Spot 9071.JPG","JR_69.0"
"JR_B.Spot 9072.JPG","JR_70.0"
"JR_B.Spot 9073.JPG","JR_70.0"
"JR_B.Spot 9074.JPG","JR_70.0"
"JR_B.Spot 9075.JPG","JR_70.0"
"JR_B.Spot 9076.JPG","JR_70.0"
"JR_B.Spot 9077.JPG","JR_70.0"
"JR_B.Spot 9078.JPG","JR_71.0"
"JR_B.Spot 9079.JPG","JR_71.0"
"JR_B.Spot 9080.JPG","JR_71.0"
"JR_B.Spot 9081.JPG","JR_71.0"
"JR_B.Spot 9082.JPG","JR_71.0"
"JR_B.Spot 9083.JPG","JR_71.0"
"JR_B.Spot 9084.JPG","JR_72.0"
"JR_B.Spot 9085.JPG","JR_72.0"
"JR_B.Spot 9086.JPG","JR_72.0"
"JR_B.Spot 9087.JPG","JR_72.0"
"JR_B.Spot 9088.JPG","JR_72.0"
"JR_B.Spot 9089.JPG","JR_73.0"
"JR_B.Spot 9090.JPG","JR_73.0"
"JR_B.Spot 9091.JPG","JR_73.0"
"JR_B.Spot 9092.JPG","JR_73.0"
"JR_B.Spot 9093.JPG","JR_73.0"
"JR_B.Spot 9094.JPG","JR_73.0"
"JR_B.Spot 9095.JPG","JR_73.0"
"JR_B.Spot 9096.JPG","JR_73.0"
"JR_B.Spot 9097.JPG","JR_73.0"
"JR_B.Spot 9098.JPG","JR_73.0"
"JR_B.Spot 9099.JPG","JR_73.0"
"JR_B.Spot 9100.JPG","JR_73.0"
"JR_B.Spot 9101.JPG","JR_73.0"
