"File Name","Leaf #"
"RS_Early.B 6670.JPG","1.0"
"RS_Early.B 6671.JPG","1.0"
"RS_Early.B 6673.JPG","1.0"
"RS_Early.B 6676.JPG","1.0"
"RS_Early.B 6677.JPG","2.0"
"RS_Early.B 6678.JPG","2.0"
"RS_Early.B 6680.JPG","2.0"
"RS_Early.B 6684.JPG","2.0"
"RS_Early.B 6685.JPG","3.0"
"RS_Early.B 6686.JPG","3.0"
"RS_Early.B 6687.JPG","3.0"
"RS_Early.B 6691.JPG","3.0"
"RS_Early.B 6692.JPG","4.0"
"RS_Early.B 6694.JPG","4.0"
"RS_Early.B 6695.JPG","4.0"
"RS_Early.B 6700.JPG","4.0"
"RS_Early.B 6701.JPG","5.0"
"RS_Early.B 6703.JPG","5.0"
"RS_Early.B 6704.JPG","5.0"
"RS_Early.B 6708.JPG","5.0"
"RS_Early.B 6711.JPG","6.0"
"RS_Early.B 6712.JPG","6.0"
"RS_Early.B 6715.JPG","6.0"
"RS_Early.B 6719.JPG","6.0"
"RS_Early.B 6720.JPG","7.0"
"RS_Early.B 6722.JPG","7.0"
"RS_Early.B 6723.JPG","7.0"
"RS_Early.B 6724.JPG","7.0"
"RS_Early.B 6729.JPG","8.0"
"RS_Early.B 6733.JPG","8.0"
"RS_Early.B 6734.JPG","8.0"
"RS_Early.B 6738.JPG","8.0"
"RS_Early.B 6739.JPG","9.0"
"RS_Early.B 6741.JPG","9.0"
"RS_Early.B 6742.JPG","9.0"
"RS_Early.B 6744.JPG","9.0"
"RS_Early.B 6745.JPG","10.0"
"RS_Early.B 6746.JPG","10.0"
"RS_Early.B 6748.JPG","10.0"
"RS_Early.B 6749.JPG","10.0"
"RS_Early.B 6752.JPG","11.0"
"RS_Early.B 6753.JPG","11.0"
"RS_Early.B 6754.JPG","11.0"
"RS_Early.B 6758.JPG","11.0"
"RS_Early.B 6760.JPG","12.0"
"RS_Early.B 6761.JPG","12.0"
"RS_Early.B 6762.JPG","12.0"
"RS_Early.B 6765.JPG","12.0"
"RS_Early.B 6767.JPG","13.0"
"RS_Early.B 6768.JPG","13.0"
"RS_Early.B 6772.JPG","13.0"
"RS_Early.B 6773.JPG","13.0"
"RS_Early.B 6774.JPG","14.0"
"RS_Early.B 6775.JPG","14.0"
"RS_Early.B 6780.JPG","14.0"
"RS_Early.B 6781.JPG","14.0"
"RS_Early.B 6782.JPG","15.0"
"RS_Early.B 6784.JPG","15.0"
"RS_Early.B 6785.JPG","15.0"
"RS_Early.B 6788.JPG","15.0"
"RS_Early.B 6789.JPG","16.0"
"RS_Early.B 6790.JPG","16.0"
"RS_Early.B 6795.JPG","16.0"
"RS_Early.B 6796.JPG","16.0"
"RS_Early.B 6797.JPG","17.0"
"RS_Early.B 6799.JPG","17.0"
"RS_Early.B 6801.JPG","17.0"
"RS_Early.B 6803.JPG","17.0"
"RS_Early.B 6805.JPG","18.0"
"RS_Early.B 6806.JPG","18.0"
"RS_Early.B 6807.JPG","18.0"
"RS_Early.B 6808.JPG","18.0"
"RS_Early.B 6810.JPG","19.0"
"RS_Early.B 6813.JPG","19.0"
"RS_Early.B 6814.JPG","19.0"
"RS_Early.B 6815.JPG","19.0"
"RS_Early.B 6816.JPG","20.0"
"RS_Early.B 6818.JPG","20.0"
"RS_Early.B 6823.JPG","20.0"
"RS_Early.B 6824.JPG","20.0"
"RS_Early.B 6828.JPG","21.0"
"RS_Early.B 6829.JPG","21.0"
"RS_Early.B 6830.JPG","21.0"
"RS_Early.B 6831.JPG","21.0"
"RS_Early.B 6832.JPG","22.0"
"RS_Early.B 6833.JPG","22.0"
"RS_Early.B 6834.JPG","22.0"
"RS_Early.B 6837.JPG","22.0"
"RS_Early.B 6839.JPG","23.0"
"RS_Early.B 6840.JPG","23.0"
"RS_Early.B 6841.JPG","23.0"
"RS_Early.B 6843.JPG","23.0"
"RS_Early.B 6845.JPG","24.0"
"RS_Early.B 6846.JPG","24.0"
"RS_Early.B 6847.JPG","24.0"
"RS_Early.B 6850.JPG","24.0"
"RS_Early.B 6852.JPG","25.0"
"RS_Early.B 6854.JPG","25.0"
"RS_Early.B 6857.JPG","25.0"
"RS_Early.B 6858.JPG","25.0"
"RS_Early.B 6860.JPG","26.0"
"RS_Early.B 6862.JPG","26.0"
"RS_Early.B 6864.JPG","26.0"
"RS_Early.B 6865.JPG","26.0"
"RS_Early.B 6866.JPG","27.0"
"RS_Early.B 6867.JPG","27.0"
"RS_Early.B 6868.JPG","27.0"
"RS_Early.B 6871.JPG","27.0"
"RS_Early.B 6873.JPG","28.0"
"RS_Early.B 6876.JPG","28.0"
"RS_Early.B 6877.JPG","28.0"
"RS_Early.B 6878.JPG","28.0"
"RS_Early.B 6879.JPG","29.0"
"RS_Early.B 6880.JPG","29.0"
"RS_Early.B 6881.JPG","29.0"
"RS_Early.B 6883.JPG","29.0"
"RS_Early.B 6885.JPG","30.0"
"RS_Early.B 6887.JPG","30.0"
"RS_Early.B 6889.JPG","30.0"
"RS_Early.B 6890.JPG","30.0"
"RS_Early.B 6893.JPG","31.0"
"RS_Early.B 6894.JPG","31.0"
"RS_Early.B 6896.JPG","31.0"
"RS_Early.B 6897.JPG","31.0"
"RS_Early.B 6899.JPG","32.0"
"RS_Early.B 6902.JPG","32.0"
"RS_Early.B 6904.JPG","32.0"
"RS_Early.B 6905.JPG","32.0"
"RS_Early.B 6907.JPG","33.0"
"RS_Early.B 6908.JPG","33.0"
"RS_Early.B 6910.JPG","33.0"
"RS_Early.B 6912.JPG","33.0"
"RS_Early.B 6914.JPG","34.0"
"RS_Early.B 6916.JPG","34.0"
"RS_Early.B 6918.JPG","34.0"
"RS_Early.B 6921.JPG","34.0"
"RS_Early.B 6923.JPG","35.0"
"RS_Early.B 6926.JPG","35.0"
"RS_Early.B 6927.JPG","35.0"
"RS_Early.B 6928.JPG","35.0"
"RS_Early.B 6930.JPG","36.0"
"RS_Early.B 6932.JPG","36.0"
"RS_Early.B 6933.JPG","36.0"
"RS_Early.B 6936.JPG","36.0"
"RS_Early.B 6937.JPG","37.0"
"RS_Early.B 6938.JPG","37.0"
"RS_Early.B 6942.JPG","37.0"
"RS_Early.B 6944.JPG","37.0"
"RS_Early.B 6945.JPG","38.0"
"RS_Early.B 6946.JPG","38.0"
"RS_Early.B 6947.JPG","38.0"
"RS_Early.B 6951.JPG","38.0"
"RS_Early.B 6953.JPG","39.0"
"RS_Early.B 6954.JPG","39.0"
"RS_Early.B 6957.JPG","39.0"
"RS_Early.B 6958.JPG","39.0"
"RS_Early.B 6959.JPG","40.0"
"RS_Early.B 6960.JPG","40.0"
"RS_Early.B 6964.JPG","40.0"
"RS_Early.B 6965.JPG","40.0"
"RS_Early.B 6967.JPG","41.0"
"RS_Early.B 6968.JPG","41.0"
"RS_Early.B 6970.JPG","41.0"
"RS_Early.B 6971.JPG","41.0"
"RS_Early.B 6973.JPG","42.0"
"RS_Early.B 6976.JPG","42.0"
"RS_Early.B 6977.JPG","42.0"
"RS_Early.B 6978.JPG","42.0"
"RS_Early.B 6979.JPG","43.0"
"RS_Early.B 6982.JPG","43.0"
"RS_Early.B 6984.JPG","43.0"
"RS_Early.B 6985.JPG","43.0"
"RS_Early.B 6993.JPG","44.0"
"RS_Early.B 6994.JPG","44.0"
"RS_Early.B 6995.JPG","44.0"
"RS_Early.B 6998.JPG","44.0"
"RS_Early.B 7000.JPG","45.0"
"RS_Early.B 7001.JPG","45.0"
"RS_Early.B 7006.JPG","45.0"
"RS_Early.B 7007.JPG","45.0"
"RS_Early.B 7009.JPG","46.0"
"RS_Early.B 7011.JPG","46.0"
"RS_Early.B 7013.JPG","46.0"
"RS_Early.B 7015.JPG","46.0"
"RS_Early.B 7017.JPG","47.0"
"RS_Early.B 7018.JPG","47.0"
"RS_Early.B 7019.JPG","47.0"
"RS_Early.B 7020.JPG","47.0"
"RS_Early.B 7024.JPG","48.0"
"RS_Early.B 7025.JPG","48.0"
"RS_Early.B 7026.JPG","48.0"
"RS_Early.B 7028.JPG","48.0"
"RS_Early.B 7029.JPG","49.0"
"RS_Early.B 7032.JPG","49.0"
"RS_Early.B 7033.JPG","49.0"
"RS_Early.B 7034.JPG","49.0"
"RS_Early.B 7035.JPG","50.0"
"RS_Early.B 7038.JPG","50.0"
"RS_Early.B 7040.JPG","50.0"
"RS_Early.B 7041.JPG","50.0"
"RS_Early.B 7042.JPG","51.0"
"RS_Early.B 7043.JPG","51.0"
"RS_Early.B 7044.JPG","51.0"
"RS_Early.B 7047.JPG","51.0"
"RS_Early.B 7049.JPG","52.0"
"RS_Early.B 7050.JPG","52.0"
"RS_Early.B 7051.JPG","52.0"
"RS_Early.B 7054.JPG","52.0"
"RS_Early.B 7057.JPG","53.0"
"RS_Early.B 7058.JPG","53.0"
"RS_Early.B 7060.JPG","53.0"
"RS_Early.B 7061.JPG","53.0"
"RS_Early.B 7064.JPG","54.0"
"RS_Early.B 7066.JPG","54.0"
"RS_Early.B 7067.JPG","54.0"
"RS_Early.B 7068.JPG","54.0"
"RS_Early.B 7070.JPG","55.0"
"RS_Early.B 7071.JPG","55.0"
"RS_Early.B 7072.JPG","55.0"
"RS_Early.B 7076.JPG","55.0"
"RS_Early.B 7079.JPG","56.0"
"RS_Early.B 7080.JPG","56.0"
"RS_Early.B 7084.JPG","56.0"
"RS_Early.B 7085.JPG","56.0"
"RS_Early.B 7086.JPG","57.0"
"RS_Early.B 7088.JPG","57.0"
"RS_Early.B 7091.JPG","57.0"
"RS_Early.B 7092.JPG","57.0"
"RS_Early.B 7094.JPG","58.0"
"RS_Early.B 7095.JPG","58.0"
"RS_Early.B 7098.JPG","58.0"
"RS_Early.B 7099.JPG","58.0"
"RS_Early.B 7100.JPG","59.0"
"RS_Early.B 7103.JPG","59.0"
"RS_Early.B 7104.JPG","59.0"
"RS_Early.B 7106.JPG","59.0"
"RS_Early.B 7118.JPG","60.0"
"RS_Early.B 7119.JPG","60.0"
"RS_Early.B 7120.JPG","60.0"
"RS_Early.B 7121.JPG","60.0"
"RS_Early.B 7122.JPG","61.0"
"RS_Early.B 7123.JPG","61.0"
"RS_Early.B 7128.JPG","61.0"
"RS_Early.B 7129.JPG","61.0"
"RS_Early.B 7130.JPG","62.0"
"RS_Early.B 7132.JPG","62.0"
"RS_Early.B 7136.JPG","62.0"
"RS_Early.B 7137.JPG","62.0"
"RS_Early.B 7139.JPG","63.0"
"RS_Early.B 7141.JPG","63.0"
"RS_Early.B 7142.JPG","63.0"
"RS_Early.B 7143.JPG","63.0"
"RS_Early.B 7145.JPG","64.0"
"RS_Early.B 7147.JPG","64.0"
"RS_Early.B 7150.JPG","64.0"
"RS_Early.B 7151.JPG","64.0"
"RS_Early.B 7153.JPG","65.0"
"RS_Early.B 7155.JPG","65.0"
"RS_Early.B 7156.JPG","65.0"
"RS_Early.B 7159.JPG","65.0"
"RS_Early.B 7161.JPG","66.0"
"RS_Early.B 7162.JPG","66.0"
"RS_Early.B 7163.JPG","66.0"
"RS_Early.B 7166.JPG","66.0"
"RS_Early.B 7167.JPG","67.0"
"RS_Early.B 7169.JPG","67.0"
"RS_Early.B 7172.JPG","67.0"
"RS_Early.B 7173.JPG","67.0"
"RS_Early.B 7174.JPG","68.0"
"RS_Early.B 7175.JPG","68.0"
"RS_Early.B 7177.JPG","68.0"
"RS_Early.B 7181.JPG","68.0"
"RS_Early.B 7182.JPG","69.0"
"RS_Early.B 7184.JPG","69.0"
"RS_Early.B 7187.JPG","69.0"
"RS_Early.B 7188.JPG","69.0"
"RS_Early.B 7189.JPG","70.0"
"RS_Early.B 7191.JPG","70.0"
"RS_Early.B 7193.JPG","70.0"
"RS_Early.B 7195.JPG","70.0"
"RS_Early.B 7197.JPG","71.0"
"RS_Early.B 7198.JPG","71.0"
"RS_Early.B 7199.JPG","71.0"
"RS_Early.B 7201.JPG","71.0"
"RS_Early.B 7203.JPG","72.0"
"RS_Early.B 7205.JPG","72.0"
"RS_Early.B 7208.JPG","72.0"
"RS_Early.B 7210.JPG","72.0"
"RS_Early.B 7212.JPG","73.0"
"RS_Early.B 7215.JPG","73.0"
"RS_Early.B 7216.JPG","73.0"
"RS_Early.B 7218.JPG","73.0"
"RS_Early.B 7219.JPG","74.0"
"RS_Early.B 7220.JPG","74.0"
"RS_Early.B 7224.JPG","74.0"
"RS_Early.B 7226.JPG","74.0"
"RS_Early.B 7227.JPG","75.0"
"RS_Early.B 7228.JPG","75.0"
"RS_Early.B 7229.JPG","75.0"
"RS_Early.B 7232.JPG","75.0"
"RS_Early.B 7234.JPG","76.0"
"RS_Early.B 7235.JPG","76.0"
"RS_Early.B 7238.JPG","76.0"
"RS_Early.B 7240.JPG","76.0"
"RS_Early.B 7242.JPG","77.0"
"RS_Early.B 7244.JPG","77.0"
"RS_Early.B 7245.JPG","77.0"
"RS_Early.B 7246.JPG","77.0"
"RS_Early.B 7248.JPG","78.0"
"RS_Early.B 7250.JPG","78.0"
"RS_Early.B 7252.JPG","78.0"
"RS_Early.B 7253.JPG","78.0"
"RS_Early.B 7255.JPG","79.0"
"RS_Early.B 7256.JPG","79.0"
"RS_Early.B 7257.JPG","79.0"
"RS_Early.B 7262.JPG","79.0"
"RS_Early.B 7264.JPG","80.0"
"RS_Early.B 7265.JPG","80.0"
"RS_Early.B 7266.JPG","80.0"
"RS_Early.B 7270.JPG","80.0"
"RS_Early.B 7273.JPG","81.0"
"RS_Early.B 7275.JPG","81.0"
"RS_Early.B 7276.JPG","81.0"
"RS_Early.B 7277.JPG","81.0"
"RS_Early.B 7278.JPG","82.0"
"RS_Early.B 7279.JPG","82.0"
"RS_Early.B 7281.JPG","82.0"
"RS_Early.B 7284.JPG","82.0"
"RS_Early.B 7287.JPG","83.0"
"RS_Early.B 7288.JPG","83.0"
"RS_Early.B 7289.JPG","83.0"
"RS_Early.B 7290.JPG","83.0"
"RS_Early.B 7301.JPG","84.0"
"RS_Early.B 7302.JPG","84.0"
"RS_Early.B 7305.JPG","84.0"
"RS_Early.B 7306.JPG","84.0"
"RS_Early.B 7307.JPG","85.0"
"RS_Early.B 7309.JPG","85.0"
"RS_Early.B 7311.JPG","85.0"
"RS_Early.B 7312.JPG","85.0"
"RS_Early.B 7313.JPG","86.0"
"RS_Early.B 7315.JPG","86.0"
"RS_Early.B 7317.JPG","86.0"
"RS_Early.B 7319.JPG","86.0"
"RS_Early.B 7320.JPG","87.0"
"RS_Early.B 7321.JPG","87.0"
"RS_Early.B 7326.JPG","87.0"
"RS_Early.B 7327.JPG","87.0"
"RS_Early.B 7328.JPG","88.0"
"RS_Early.B 7329.JPG","88.0"
"RS_Early.B 7330.JPG","88.0"
"RS_Early.B 7333.JPG","88.0"
"RS_Early.B 7335.JPG","89.0"
"RS_Early.B 7336.JPG","89.0"
"RS_Early.B 7337.JPG","89.0"
"RS_Early.B 7340.JPG","89.0"
"RS_Early.B 7342.JPG","90.0"
"RS_Early.B 7343.JPG","90.0"
"RS_Early.B 7346.JPG","90.0"
"RS_Early.B 7348.JPG","90.0"
"RS_Early.B 7349.JPG","91.0"
"RS_Early.B 7352.JPG","91.0"
"RS_Early.B 7353.JPG","91.0"
"RS_Early.B 7354.JPG","91.0"
"RS_Early.B 7363.JPG","92.0"
"RS_Early.B 7366.JPG","92.0"
"RS_Early.B 7367.JPG","92.0"
"RS_Early.B 7368.JPG","92.0"
"RS_Early.B 7370.JPG","93.0"
"RS_Early.B 7371.JPG","93.0"
"RS_Early.B 7372.JPG","93.0"
"RS_Early.B 7377.JPG","93.0"
"RS_Early.B 7379.JPG","94.0"
"RS_Early.B 7380.JPG","94.0"
"RS_Early.B 7383.JPG","94.0"
"RS_Early.B 7384.JPG","94.0"
"RS_Early.B 7386.JPG","95.0"
"RS_Early.B 7387.JPG","95.0"
"RS_Early.B 7388.JPG","95.0"
"RS_Early.B 7392.JPG","95.0"
"RS_Early.B 7393.JPG","96.0"
"RS_Early.B 7394.JPG","96.0"
"RS_Early.B 7395.JPG","96.0"
"RS_Early.B 7398.JPG","96.0"
"RS_Early.B 7401.JPG","97.0"
"RS_Early.B 7402.JPG","97.0"
"RS_Early.B 7405.JPG","97.0"
"RS_Early.B 7406.JPG","97.0"
"RS_Early.B 7409.JPG","98.0"
"RS_Early.B 7410.JPG","98.0"
"RS_Early.B 7411.JPG","98.0"
"RS_Early.B 7413.JPG","98.0"
"RS_Early.B 7416.JPG","99.0"
"RS_Early.B 7417.JPG","99.0"
"RS_Early.B 7418.JPG","99.0"
"RS_Early.B 7419.JPG","99.0"
"RS_Early.B 7426.JPG","100.0"
"RS_Early.B 7427.JPG","100.0"
"RS_Early.B 7428.JPG","100.0"
"RS_Early.B 7429.JPG","100.0"
"RS_Early.B 7434.JPG","101.0"
"RS_Early.B 7435.JPG","101.0"
"RS_Early.B 7437.JPG","101.0"
"RS_Early.B 7439.JPG","101.0"
"RS_Early.B 7440.JPG","102.0"
"RS_Early.B 7443.JPG","102.0"
"RS_Early.B 7446.JPG","102.0"
"RS_Early.B 7447.JPG","102.0"
"RS_Early.B 7448.JPG","103.0"
"RS_Early.B 7450.JPG","103.0"
"RS_Early.B 7455.JPG","103.0"
"RS_Early.B 7456.JPG","103.0"
"RS_Early.B 7457.JPG","104.0"
"RS_Early.B 7458.JPG","104.0"
"RS_Early.B 7463.JPG","104.0"
"RS_Early.B 7465.JPG","104.0"
"RS_Early.B 7466.JPG","105.0"
"RS_Early.B 7467.JPG","105.0"
"RS_Early.B 7469.JPG","105.0"
"RS_Early.B 7472.JPG","105.0"
"RS_Early.B 7475.JPG","106.0"
"RS_Early.B 7477.JPG","106.0"
"RS_Early.B 7478.JPG","106.0"
"RS_Early.B 7482.JPG","106.0"
"RS_Early.B 7484.JPG","107.0"
"RS_Early.B 7486.JPG","107.0"
"RS_Early.B 7491.JPG","107.0"
"RS_Early.B 7492.JPG","107.0"
"RS_Early.B 7493.JPG","108.0"
"RS_Early.B 7494.JPG","108.0"
"RS_Early.B 7496.JPG","108.0"
"RS_Early.B 7499.JPG","108.0"
"RS_Early.B 7502.JPG","109.0"
"RS_Early.B 7503.JPG","109.0"
"RS_Early.B 7504.JPG","109.0"
"RS_Early.B 7508.JPG","109.0"
"RS_Early.B 7509.JPG","110.0"
"RS_Early.B 7510.JPG","110.0"
"RS_Early.B 7514.JPG","110.0"
"RS_Early.B 7515.JPG","110.0"
"RS_Early.B 7520.JPG","111.0"
"RS_Early.B 7521.JPG","111.0"
"RS_Early.B 7524.JPG","111.0"
"RS_Early.B 7525.JPG","111.0"
"RS_Early.B 7527.JPG","112.0"
"RS_Early.B 7528.JPG","112.0"
"RS_Early.B 7532.JPG","112.0"
"RS_Early.B 7534.JPG","112.0"
"RS_Early.B 7535.JPG","113.0"
"RS_Early.B 7537.JPG","113.0"
"RS_Early.B 7539.JPG","113.0"
"RS_Early.B 7541.JPG","113.0"
"RS_Early.B 7543.JPG","114.0"
"RS_Early.B 7545.JPG","114.0"
"RS_Early.B 7548.JPG","114.0"
"RS_Early.B 7550.JPG","114.0"
"RS_Early.B 7551.JPG","115.0"
"RS_Early.B 7553.JPG","115.0"
"RS_Early.B 7554.JPG","115.0"
"RS_Early.B 7557.JPG","115.0"
"RS_Early.B 7559.JPG","116.0"
"RS_Early.B 7560.JPG","116.0"
"RS_Early.B 7562.JPG","116.0"
"RS_Early.B 7566.JPG","116.0"
"RS_Early.B 7567.JPG","117.0"
"RS_Early.B 7569.JPG","117.0"
"RS_Early.B 7572.JPG","117.0"
"RS_Early.B 7575.JPG","117.0"
"RS_Early.B 7576.JPG","118.0"
"RS_Early.B 7577.JPG","118.0"
"RS_Early.B 7581.JPG","118.0"
"RS_Early.B 7582.JPG","118.0"
"RS_Early.B 7584.JPG","119.0"
"RS_Early.B 7585.JPG","119.0"
"RS_Early.B 7588.JPG","119.0"
"RS_Early.B 7591.JPG","119.0"
"RS_Early.B 7595.JPG","120.0"
"RS_Early.B 7598.JPG","120.0"
"RS_Early.B 7599.JPG","120.0"
"RS_Early.B 7600.JPG","120.0"
"RS_Early.B 7601.JPG","121.0"
"RS_Early.B 7603.JPG","121.0"
"RS_Early.B 7604.JPG","121.0"
"RS_Early.B 7609.JPG","121.0"
"RS_Early.B 7610.JPG","122.0"
"RS_Early.B 7613.JPG","122.0"
"RS_Early.B 7616.JPG","122.0"
"RS_Early.B 7618.JPG","122.0"
"RS_Early.B 7619.JPG","123.0"
"RS_Early.B 7620.JPG","123.0"
"RS_Early.B 7625.JPG","123.0"
"RS_Early.B 7626.JPG","123.0"
"RS_Early.B 7630.JPG","124.0"
"RS_Early.B 7631.JPG","124.0"
"RS_Early.B 7632.JPG","124.0"
"RS_Early.B 7633.JPG","124.0"
"RS_Early.B 7635.JPG","125.0"
"RS_Early.B 7636.JPG","125.0"
"RS_Early.B 7637.JPG","125.0"
"RS_Early.B 7640.JPG","125.0"
"RS_Early.B 7643.JPG","126.0"
"RS_Early.B 7644.JPG","126.0"
"RS_Early.B 7645.JPG","126.0"
"RS_Early.B 7647.JPG","126.0"
"RS_Early.B 7651.JPG","127.0"
"RS_Early.B 7654.JPG","127.0"
"RS_Early.B 7656.JPG","127.0"
"RS_Early.B 7659.JPG","127.0"
"RS_Early.B 7660.JPG","128.0"
"RS_Early.B 7662.JPG","128.0"
"RS_Early.B 7663.JPG","128.0"
"RS_Early.B 7667.JPG","128.0"
"RS_Early.B 7668.JPG","129.0"
"RS_Early.B 7671.JPG","129.0"
"RS_Early.B 7672.JPG","129.0"
"RS_Early.B 7673.JPG","129.0"
"RS_Early.B 7677.JPG","130.0"
"RS_Early.B 7678.JPG","130.0"
"RS_Early.B 7679.JPG","130.0"
"RS_Early.B 7681.JPG","130.0"
"RS_Early.B 7684.JPG","131.0"
"RS_Early.B 7686.JPG","131.0"
"RS_Early.B 7691.JPG","131.0"
"RS_Early.B 7692.JPG","131.0"
"RS_Early.B 7695.JPG","132.0"
"RS_Early.B 7699.JPG","132.0"
"RS_Early.B 7700.JPG","132.0"
"RS_Early.B 7701.JPG","132.0"
"RS_Early.B 7703.JPG","133.0"
"RS_Early.B 7704.JPG","133.0"
"RS_Early.B 7705.JPG","133.0"
"RS_Early.B 7711.JPG","133.0"
"RS_Early.B 7712.JPG","134.0"
"RS_Early.B 7716.JPG","134.0"
"RS_Early.B 7718.JPG","134.0"
"RS_Early.B 7719.JPG","134.0"
"RS_Early.B 7724.JPG","135.0"
"RS_Early.B 7725.JPG","135.0"
"RS_Early.B 7729.JPG","135.0"
"RS_Early.B 7731.JPG","135.0"
"RS_Early.B 7735.JPG","136.0"
"RS_Early.B 7738.JPG","136.0"
"RS_Early.B 7739.JPG","136.0"
"RS_Early.B 7740.JPG","136.0"
"RS_Early.B 7743.JPG","137.0"
"RS_Early.B 7745.JPG","137.0"
"RS_Early.B 7746.JPG","137.0"
"RS_Early.B 7750.JPG","137.0"
"RS_Early.B 7755.JPG","138.0"
"RS_Early.B 7758.JPG","138.0"
"RS_Early.B 7761.JPG","138.0"
"RS_Early.B 7762.JPG","138.0"
"RS_Early.B 7766.JPG","139.0"
"RS_Early.B 7767.JPG","139.0"
"RS_Early.B 7769.JPG","139.0"
"RS_Early.B 7772.JPG","139.0"
"RS_Early.B 7776.JPG","140.0"
"RS_Early.B 7778.JPG","140.0"
"RS_Early.B 7783.JPG","140.0"
"RS_Early.B 7784.JPG","140.0"
"RS_Early.B 7788.JPG","141.0"
"RS_Early.B 7789.JPG","141.0"
"RS_Early.B 7790.JPG","141.0"
"RS_Early.B 7796.JPG","141.0"
"RS_Early.B 7798.JPG","142.0"
"RS_Early.B 7799.JPG","142.0"
"RS_Early.B 7800.JPG","142.0"
"RS_Early.B 7803.JPG","142.0"
"RS_Early.B 7817.JPG","143.0"
"RS_Early.B 7819.JPG","143.0"
"RS_Early.B 7824.JPG","143.0"
"RS_Early.B 7825.JPG","143.0"
"RS_Early.B 7830.JPG","144.0"
"RS_Early.B 7833.JPG","144.0"
"RS_Early.B 7834.JPG","144.0"
"RS_Early.B 7836.JPG","144.0"
"RS_Early.B 7844.JPG","145.0"
"RS_Early.B 7846.JPG","145.0"
"RS_Early.B 7847.JPG","145.0"
"RS_Early.B 7851.JPG","145.0"
"RS_Early.B 7854.JPG","146.0"
"RS_Early.B 7855.JPG","146.0"
"RS_Early.B 7856.JPG","146.0"
"RS_Early.B 7859.JPG","146.0"
"RS_Early.B 7862.JPG","147.0"
"RS_Early.B 7864.JPG","147.0"
"RS_Early.B 7869.JPG","147.0"
"RS_Early.B 7870.JPG","147.0"
"RS_Early.B 7872.JPG","148.0"
"RS_Early.B 7875.JPG","148.0"
"RS_Early.B 7880.JPG","148.0"
"RS_Early.B 7881.JPG","148.0"
"RS_Early.B 7884.JPG","149.0"
"RS_Early.B 7885.JPG","149.0"
"RS_Early.B 7886.JPG","149.0"
"RS_Early.B 7891.JPG","149.0"
"RS_Early.B 7897.JPG","150.0"
"RS_Early.B 7898.JPG","150.0"
"RS_Early.B 7899.JPG","150.0"
"RS_Early.B 7900.JPG","150.0"
"RS_Early.B 7912.JPG","151.0"
"RS_Early.B 7913.JPG","151.0"
"RS_Early.B 7914.JPG","151.0"
"RS_Early.B 7916.JPG","151.0"
"RS_Early.B 7917.JPG","152.0"
"RS_Early.B 7920.JPG","152.0"
"RS_Early.B 7924.JPG","152.0"
"RS_Early.B 7926.JPG","152.0"
"RS_Early.B 7927.JPG","153.0"
"RS_Early.B 7929.JPG","153.0"
"RS_Early.B 7930.JPG","153.0"
"RS_Early.B 7935.JPG","153.0"
"RS_Early.B 7936.JPG","154.0"
"RS_Early.B 7937.JPG","154.0"
"RS_Early.B 7939.JPG","154.0"
"RS_Early.B 7942.JPG","154.0"
"RS_Early.B 7945.JPG","155.0"
"RS_Early.B 7946.JPG","155.0"
"RS_Early.B 7947.JPG","155.0"
"RS_Early.B 7949.JPG","155.0"
"RS_Early.B 7956.JPG","156.0"
"RS_Early.B 7957.JPG","156.0"
"RS_Early.B 7962.JPG","156.0"
"RS_Early.B 7964.JPG","156.0"
"RS_Early.B 7967.JPG","157.0"
"RS_Early.B 7968.JPG","157.0"
"RS_Early.B 7972.JPG","157.0"
"RS_Early.B 7973.JPG","157.0"
"RS_Early.B 7976.JPG","158.0"
"RS_Early.B 7978.JPG","158.0"
"RS_Early.B 7981.JPG","158.0"
"RS_Early.B 7983.JPG","158.0"
"RS_Early.B 7985.JPG","159.0"
"RS_Early.B 7987.JPG","159.0"
"RS_Early.B 7991.JPG","159.0"
"RS_Early.B 7992.JPG","159.0"
"RS_Early.B 7994.JPG","160.0"
"RS_Early.B 7997.JPG","160.0"
"RS_Early.B 7999.JPG","160.0"
"RS_Early.B 8001.JPG","160.0"
"RS_Early.B 8002.JPG","161.0"
"RS_Early.B 8003.JPG","161.0"
"RS_Early.B 8009.JPG","161.0"
"RS_Early.B 8010.JPG","161.0"
"RS_Early.B 8011.JPG","162.0"
"RS_Early.B 8012.JPG","162.0"
"RS_Early.B 8017.JPG","162.0"
"RS_Early.B 8019.JPG","162.0"
"RS_Early.B 8022.JPG","163.0"
"RS_Early.B 8023.JPG","163.0"
"RS_Early.B 8027.JPG","163.0"
"RS_Early.B 8028.JPG","163.0"
"RS_Early.B 8031.JPG","164.0"
"RS_Early.B 8033.JPG","164.0"
"RS_Early.B 8037.JPG","164.0"
"RS_Early.B 8038.JPG","164.0"
"RS_Early.B 8041.JPG","165.0"
"RS_Early.B 8042.JPG","165.0"
"RS_Early.B 8044.JPG","165.0"
"RS_Early.B 8047.JPG","165.0"
"RS_Early.B 8052.JPG","166.0"
"RS_Early.B 8054.JPG","166.0"
"RS_Early.B 8055.JPG","166.0"
"RS_Early.B 8059.JPG","166.0"
"RS_Early.B 8061.JPG","167.0"
"RS_Early.B 8062.JPG","167.0"
"RS_Early.B 8063.JPG","167.0"
"RS_Early.B 8064.JPG","167.0"
"RS_Early.B 8081.JPG","168.0"
"RS_Early.B 8083.JPG","168.0"
"RS_Early.B 8085.JPG","168.0"
"RS_Early.B 8089.JPG","168.0"
"RS_Early.B 8091.JPG","169.0"
"RS_Early.B 8093.JPG","169.0"
"RS_Early.B 8094.JPG","169.0"
"RS_Early.B 8100.JPG","169.0"
"RS_Early.B 8101.JPG","170.0"
"RS_Early.B 8102.JPG","170.0"
"RS_Early.B 8104.JPG","170.0"
"RS_Early.B 8107.JPG","170.0"
"RS_Early.B 8110.JPG","171.0"
"RS_Early.B 8111.JPG","171.0"
"RS_Early.B 8112.JPG","171.0"
"RS_Early.B 8115.JPG","171.0"
"RS_Early.B 8128.JPG","172.0"
"RS_Early.B 8129.JPG","172.0"
"RS_Early.B 8130.JPG","172.0"
"RS_Early.B 8136.JPG","172.0"
"RS_Early.B 8139.JPG","173.0"
"RS_Early.B 8141.JPG","173.0"
"RS_Early.B 8143.JPG","173.0"
"RS_Early.B 8145.JPG","173.0"
"RS_Early.B 8147.JPG","174.0"
"RS_Early.B 8149.JPG","174.0"
"RS_Early.B 8151.JPG","174.0"
"RS_Early.B 8158.JPG","174.0"
"RS_Early.B 8169.JPG","175.0"
"RS_Early.B 8170.JPG","175.0"
"RS_Early.B 8174.JPG","175.0"
"RS_Early.B 8175.JPG","175.0"
"RS_Early.B 8176.JPG","176.0"
"RS_Early.B 8178.JPG","176.0"
"RS_Early.B 8182.JPG","176.0"
"RS_Early.B 8184.JPG","176.0"
"RS_Early.B 8186.JPG","177.0"
"RS_Early.B 8187.JPG","177.0"
"RS_Early.B 8189.JPG","177.0"
"RS_Early.B 8191.JPG","177.0"
"RS_Early.B 8193.JPG","178.0"
"RS_Early.B 8195.JPG","178.0"
"RS_Early.B 8198.JPG","178.0"
"RS_Early.B 8199.JPG","178.0"
"RS_Early.B 8203.JPG","179.0"
"RS_Early.B 8206.JPG","179.0"
"RS_Early.B 8207.JPG","179.0"
"RS_Early.B 8208.JPG","179.0"
"RS_Early.B 8213.JPG","180.0"
"RS_Early.B 8214.JPG","180.0"
"RS_Early.B 8216.JPG","180.0"
"RS_Early.B 8218.JPG","180.0"
"RS_Early.B 8230.JPG","181.0"
"RS_Early.B 8231.JPG","181.0"
"RS_Early.B 8235.JPG","181.0"
"RS_Early.B 8237.JPG","181.0"
"RS_Early.B 8239.JPG","182.0"
"RS_Early.B 8243.JPG","182.0"
"RS_Early.B 8244.JPG","182.0"
"RS_Early.B 8245.JPG","182.0"
"RS_Early.B 8251.JPG","183.0"
"RS_Early.B 8253.JPG","183.0"
"RS_Early.B 8254.JPG","183.0"
"RS_Early.B 8255.JPG","183.0"
"RS_Early.B 8256.JPG","184.0"
"RS_Early.B 8259.JPG","184.0"
"RS_Early.B 8262.JPG","184.0"
"RS_Early.B 8263.JPG","184.0"
"RS_Early.B 8265.JPG","185.0"
"RS_Early.B 8266.JPG","185.0"
"RS_Early.B 8267.JPG","185.0"
"RS_Early.B 8269.JPG","185.0"
"RS_Early.B 8285.JPG","186.0"
"RS_Early.B 8287.JPG","186.0"
"RS_Early.B 8288.JPG","186.0"
"RS_Early.B 8290.JPG","186.0"
"RS_Early.B 8292.JPG","187.0"
"RS_Early.B 8295.JPG","187.0"
"RS_Early.B 8296.JPG","187.0"
"RS_Early.B 8300.JPG","187.0"
"RS_Early.B 8303.JPG","188.0"
"RS_Early.B 8304.JPG","188.0"
"RS_Early.B 8307.JPG","188.0"
"RS_Early.B 8310.JPG","188.0"
"RS_Early.B 8321.JPG","189.0"
"RS_Early.B 8323.JPG","189.0"
"RS_Early.B 8324.JPG","189.0"
"RS_Early.B 8325.JPG","189.0"
"RS_Early.B 8335.JPG","190.0"
"RS_Early.B 8336.JPG","190.0"
"RS_Early.B 8340.JPG","190.0"
"RS_Early.B 8341.JPG","190.0"
"RS_Early.B 8343.JPG","191.0"
"RS_Early.B 8344.JPG","191.0"
"RS_Early.B 8345.JPG","191.0"
"RS_Early.B 8347.JPG","191.0"
"RS_Early.B 8352.JPG","192.0"
"RS_Early.B 8353.JPG","192.0"
"RS_Early.B 8358.JPG","192.0"
"RS_Early.B 8359.JPG","192.0"
"RS_Early.B 8362.JPG","193.0"
"RS_Early.B 8363.JPG","193.0"
"RS_Early.B 8366.JPG","193.0"
"RS_Early.B 8367.JPG","193.0"
"RS_Early.B 8380.JPG","194.0"
"RS_Early.B 8381.JPG","194.0"
"RS_Early.B 8382.JPG","194.0"
"RS_Early.B 8386.JPG","194.0"
"RS_Early.B 8387.JPG","195.0"
"RS_Early.B 8388.JPG","195.0"
"RS_Early.B 8389.JPG","195.0"
"RS_Early.B 8391.JPG","195.0"
"RS_Early.B 8397.JPG","196.0"
"RS_Early.B 8398.JPG","196.0"
"RS_Early.B 8399.JPG","196.0"
"RS_Early.B 8403.JPG","196.0"
"RS_Early.B 8414.JPG","197.0"
"RS_Early.B 8415.JPG","197.0"
"RS_Early.B 8416.JPG","197.0"
"RS_Early.B 8421.JPG","197.0"
"RS_Early.B 8422.JPG","198.0"
"RS_Early.B 8424.JPG","198.0"
"RS_Early.B 8431.JPG","198.0"
"RS_Early.B 8432.JPG","198.0"
"RS_Early.B 8444.JPG","199.0"
"RS_Early.B 8446.JPG","199.0"
"RS_Early.B 8450.JPG","199.0"
"RS_Early.B 8452.JPG","199.0"
"RS_Early.B 8453.JPG","200.0"
"RS_Early.B 8455.JPG","200.0"
"RS_Early.B 8456.JPG","200.0"
"RS_Early.B 8461.JPG","200.0"
"RS_Early.B 8491.JPG","201.0"
"RS_Early.B 8492.JPG","201.0"
"RS_Early.B 8494.JPG","201.0"
"RS_Early.B 8497.JPG","201.0"
"RS_Early.B 8499.JPG","202.0"
"RS_Early.B 8504.JPG","202.0"
"RS_Early.B 8505.JPG","202.0"
"RS_Early.B 8507.JPG","202.0"
"RS_Early.B 8518.JPG","203.0"
"RS_Early.B 8523.JPG","203.0"
"RS_Early.B 8524.JPG","203.0"
"RS_Early.B 8525.JPG","203.0"
"RS_Early.B 8544.JPG","204.0"
"RS_Early.B 8545.JPG","204.0"
"RS_Early.B 8546.JPG","204.0"
"RS_Early.B 8552.JPG","204.0"
"RS_Early.B 8553.JPG","205.0"
"RS_Early.B 8554.JPG","205.0"
"RS_Early.B 8555.JPG","205.0"
"RS_Early.B 8558.JPG","205.0"
"RS_Early.B 8561.JPG","206.0"
"RS_Early.B 8563.JPG","206.0"
"RS_Early.B 8564.JPG","206.0"
"RS_Early.B 8569.JPG","206.0"
"RS_Early.B 8570.JPG","207.0"
"RS_Early.B 8571.JPG","207.0"
"RS_Early.B 8573.JPG","207.0"
"RS_Early.B 8576.JPG","207.0"
"RS_Early.B 8581.JPG","208.0"
"RS_Early.B 8584.JPG","208.0"
"RS_Early.B 8585.JPG","208.0"
"RS_Early.B 8586.JPG","208.0"
"RS_Early.B 8597.JPG","209.0"
"RS_Early.B 8598.JPG","209.0"
"RS_Early.B 8600.JPG","209.0"
"RS_Early.B 8601.JPG","209.0"
"RS_Early.B 8604.JPG","210.0"
"RS_Early.B 8607.JPG","210.0"
"RS_Early.B 8608.JPG","210.0"
"RS_Early.B 8609.JPG","210.0"
"RS_Early.B 8626.JPG","211.0"
"RS_Early.B 8634.JPG","211.0"
"RS_Early.B 8635.JPG","211.0"
"RS_Early.B 8636.JPG","211.0"
"RS_Early.B 8640.JPG","212.0"
"RS_Early.B 8644.JPG","212.0"
"RS_Early.B 8645.JPG","212.0"
"RS_Early.B 8647.JPG","212.0"
"RS_Early.B 8648.JPG","213.0"
"RS_Early.B 8649.JPG","213.0"
"RS_Early.B 8650.JPG","213.0"
"RS_Early.B 8657.JPG","213.0"
"RS_Early.B 8678.JPG","214.0"
"RS_Early.B 8679.JPG","214.0"
"RS_Early.B 8680.JPG","214.0"
"RS_Early.B 8685.JPG","214.0"
"RS_Early.B 8690.JPG","215.0"
"RS_Early.B 8691.JPG","215.0"
"RS_Early.B 8692.JPG","215.0"
"RS_Early.B 8694.JPG","215.0"
"RS_Early.B 8700.JPG","216.0"
"RS_Early.B 8701.JPG","216.0"
"RS_Early.B 8702.JPG","216.0"
"RS_Early.B 8707.JPG","216.0"
"RS_Early.B 8722.JPG","217.0"
"RS_Early.B 8723.JPG","217.0"
"RS_Early.B 8725.JPG","217.0"
"RS_Early.B 8726.JPG","217.0"
"RS_Early.B 8741.JPG","218.0"
"RS_Early.B 8742.JPG","218.0"
"RS_Early.B 8743.JPG","218.0"
"RS_Early.B 8748.JPG","218.0"
"RS_Early.B 8753.JPG","219.0"
"RS_Early.B 8755.JPG","219.0"
"RS_Early.B 8758.JPG","219.0"
"RS_Early.B 8760.JPG","219.0"
"RS_Early.B 8761.JPG","220.0"
"RS_Early.B 8764.JPG","220.0"
"RS_Early.B 8766.JPG","220.0"
"RS_Early.B 8768.JPG","220.0"
"RS_Early.B 8770.JPG","221.0"
"RS_Early.B 8772.JPG","221.0"
"RS_Early.B 8773.JPG","221.0"
"RS_Early.B 8774.JPG","221.0"
"RS_Early.B 8783.JPG","222.0"
"RS_Early.B 8784.JPG","222.0"
"RS_Early.B 8787.JPG","222.0"
"RS_Early.B 8790.JPG","222.0"
"RS_Early.B 8791.JPG","223.0"
"RS_Early.B 8792.JPG","223.0"
"RS_Early.B 8794.JPG","223.0"
"RS_Early.B 8797.JPG","223.0"
"RS_Early.B 8812.JPG","224.0"
"RS_Early.B 8813.JPG","224.0"
"RS_Early.B 8816.JPG","224.0"
"RS_Early.B 8818.JPG","224.0"
"RS_Early.B 8820.JPG","225.0"
"RS_Early.B 8821.JPG","225.0"
"RS_Early.B 8822.JPG","225.0"
"RS_Early.B 8828.JPG","225.0"
"RS_Early.B 8830.JPG","226.0"
"RS_Early.B 8832.JPG","226.0"
"RS_Early.B 8833.JPG","226.0"
"RS_Early.B 8836.JPG","226.0"
"RS_Early.B 8840.JPG","227.0"
"RS_Early.B 8842.JPG","227.0"
"RS_Early.B 8843.JPG","227.0"
"RS_Early.B 8848.JPG","227.0"
"RS_Early.B 8865.JPG","228.0"
"RS_Early.B 8866.JPG","228.0"
"RS_Early.B 8869.JPG","228.0"
"RS_Early.B 8870.JPG","228.0"
"RS_Early.B 8884.JPG","229.0"
"RS_Early.B 8885.JPG","229.0"
"RS_Early.B 8890.JPG","229.0"
"RS_Early.B 8891.JPG","229.0"
"RS_Early.B 8905.JPG","230.0"
"RS_Early.B 8906.JPG","230.0"
"RS_Early.B 8907.JPG","230.0"
"RS_Early.B 8912.JPG","230.0"
"RS_Early.B 8926.JPG","231.0"
"RS_Early.B 8930.JPG","231.0"
"RS_Early.B 8931.JPG","231.0"
"RS_Early.B 8932.JPG","231.0"
"RS_Early.B 8934.JPG","232.0"
"RS_Early.B 8936.JPG","232.0"
"RS_Early.B 8939.JPG","232.0"
"RS_Early.B 8940.JPG","232.0"
"RS_Early.B 8945.JPG","233.0"
"RS_Early.B 8947.JPG","233.0"
"RS_Early.B 8951.JPG","233.0"
"RS_Early.B 8953.JPG","233.0"
"RS_Early.B 8963.JPG","234.0"
"RS_Early.B 8970.JPG","234.0"
"RS_Early.B 8971.JPG","234.0"
"RS_Early.B 8972.JPG","234.0"
"RS_Early.B 8973.JPG","235.0"
"RS_Early.B 8975.JPG","235.0"
"RS_Early.B 8981.JPG","235.0"
"RS_Early.B 8982.JPG","235.0"
"RS_Early.B 8985.JPG","236.0"
"RS_Early.B 8986.JPG","236.0"
"RS_Early.B 8990.JPG","236.0"
"RS_Early.B 8991.JPG","236.0"
"RS_Early.B 8993.JPG","237.0"
"RS_Early.B 8999.JPG","237.0"
"RS_Early.B 9000.JPG","237.0"
"RS_Early.B 9001.JPG","237.0"
"RS_Early.B 9004.JPG","238.0"
"RS_Early.B 9006.JPG","238.0"
"RS_Early.B 9008.JPG","238.0"
"RS_Early.B 9010.JPG","238.0"
"RS_Early.B 9014.JPG","239.0"
"RS_Early.B 9016.JPG","239.0"
"RS_Early.B 9018.JPG","239.0"
"RS_Early.B 9022.JPG","239.0"
"RS_Early.B 9026.JPG","240.0"
"RS_Early.B 9027.JPG","240.0"
"RS_Early.B 9028.JPG","240.0"
"RS_Early.B 9032.JPG","240.0"
"RS_Early.B 9069.JPG","241.0"
"RS_Early.B 9070.JPG","241.0"
"RS_Early.B 9072.JPG","241.0"
"RS_Early.B 9078.JPG","241.0"
"RS_Early.B 9089.JPG","242.0"
"RS_Early.B 9091.JPG","242.0"
"RS_Early.B 9092.JPG","242.0"
"RS_Early.B 9096.JPG","242.0"
"RS_Early.B 9107.JPG","243.0"
"RS_Early.B 9108.JPG","243.0"
"RS_Early.B 9109.JPG","243.0"
"RS_Early.B 9110.JPG","243.0"
"RS_Early.B 9127.JPG","244.0"
"RS_Early.B 9130.JPG","244.0"
"RS_Early.B 9131.JPG","244.0"
"RS_Early.B 9133.JPG","244.0"
"RS_Early.B 9143.JPG","245.0"
"RS_Early.B 9144.JPG","245.0"
"RS_Early.B 9146.JPG","245.0"
"RS_Early.B 9149.JPG","245.0"
"RS_Early.B 9154.JPG","246.0"
"RS_Early.B 9155.JPG","246.0"
"RS_Early.B 9159.JPG","246.0"
"RS_Early.B 9161.JPG","246.0"
"RS_Early.B 9178.JPG","247.0"
"RS_Early.B 9180.JPG","247.0"
"RS_Early.B 9181.JPG","247.0"
"RS_Early.B 9182.JPG","247.0"
"RS_Early.B 9196.JPG","248.0"
"RS_Early.B 9198.JPG","248.0"
"RS_Early.B 9200.JPG","248.0"
"RS_Early.B 9202.JPG","248.0"
"RS_Early.B 9205.JPG","249.0"
"RS_Early.B 9206.JPG","249.0"
"RS_Early.B 9210.JPG","249.0"
"RS_Early.B 9211.JPG","249.0"
"RS_Early.B 9224.JPG","250.0"
"RS_Early.B 9228.JPG","250.0"
"RS_Early.B 9229.JPG","250.0"
"RS_Early.B 9230.JPG","250.0"
