"File Name","Leaf #"
"RS_L.Scorch 0844.JPG","1.0"
"RS_L.Scorch 0845.JPG","1.0"
"RS_L.Scorch 0846.JPG","1.0"
"RS_L.Scorch 0847.JPG","1.0"
"RS_L.Scorch 0848.JPG","1.0"
"RS_L.Scorch 0849.JPG","1.0"
"RS_L.Scorch 0850.JPG","1.0"
"RS_L.Scorch 0851.JPG","2.0"
"RS_L.Scorch 0852.JPG","2.0"
"RS_L.Scorch 0853.JPG","2.0"
"RS_L.Scorch 0854.JPG","2.0"
"RS_L.Scorch 0855.JPG","2.0"
"RS_L.Scorch 0856.JPG","2.0"
"RS_L.Scorch 0857.JPG","2.0"
"RS_L.Scorch 0858.JPG","2.0"
"RS_L.Scorch 0859.JPG","3.0"
"RS_L.Scorch 0860.JPG","3.0"
"RS_L.Scorch 0861.JPG","3.0"
"RS_L.Scorch 0862.JPG","3.0"
"RS_L.Scorch 0863.JPG","3.0"
"RS_L.Scorch 0864.JPG","3.0"
"RS_L.Scorch 0865.JPG","3.0"
"RS_L.Scorch 0866.JPG","3.0"
"RS_L.Scorch 0867.JPG","3.0"
"RS_L.Scorch 0868.JPG","3.0"
"RS_L.Scorch 0869.JPG","3.0"
"RS_L.Scorch 0870.JPG","3.0"
"RS_L.Scorch 0871.JPG","4.0"
"RS_L.Scorch 0872.JPG","4.0"
"RS_L.Scorch 0873.JPG","4.0"
"RS_L.Scorch 0874.JPG","4.0"
"RS_L.Scorch 0875.JPG","4.0"
"RS_L.Scorch 0876.JPG","4.0"
"RS_L.Scorch 0877.JPG","4.0"
"RS_L.Scorch 0878.JPG","4.0"
"RS_L.Scorch 0879.JPG","4.0"
"RS_L.Scorch 0880.JPG","5.0"
"RS_L.Scorch 0881.JPG","5.0"
"RS_L.Scorch 0882.JPG","5.0"
"RS_L.Scorch 0883.JPG","5.0"
"RS_L.Scorch 0884.JPG","5.0"
"RS_L.Scorch 0885.JPG","5.0"
"RS_L.Scorch 0886.JPG","5.0"
"RS_L.Scorch 0887.JPG","5.0"
"RS_L.Scorch 0888.JPG","5.0"
"RS_L.Scorch 0889.JPG","5.0"
"RS_L.Scorch 0890.JPG","5.0"
"RS_L.Scorch 0891.JPG","5.0"
"RS_L.Scorch 0892.JPG","5.0"
"RS_L.Scorch 0893.JPG","5.0"
"RS_L.Scorch 0894.JPG","5.0"
"RS_L.Scorch 0895.JPG","5.0"
"RS_L.Scorch 0896.JPG","6.0"
"RS_L.Scorch 0897.JPG","6.0"
"RS_L.Scorch 0898.JPG","6.0"
"RS_L.Scorch 0899.JPG","6.0"
"RS_L.Scorch 0900.JPG","6.0"
"RS_L.Scorch 0901.JPG","6.0"
"RS_L.Scorch 0902.JPG","6.0"
"RS_L.Scorch 0903.JPG","6.0"
"RS_L.Scorch 0904.JPG","6.0"
"RS_L.Scorch 0905.JPG","6.0"
"RS_L.Scorch 0906.JPG","6.0"
"RS_L.Scorch 0907.JPG","7.0"
"RS_L.Scorch 0908.JPG","7.0"
"RS_L.Scorch 0909.JPG","7.0"
"RS_L.Scorch 0910.JPG","7.0"
"RS_L.Scorch 0911.JPG","7.0"
"RS_L.Scorch 0912.JPG","7.0"
"RS_L.Scorch 0913.JPG","7.0"
"RS_L.Scorch 0914.JPG","7.0"
"RS_L.Scorch 0915.JPG","7.0"
"RS_L.Scorch 0916.JPG","7.0"
"RS_L.Scorch 0917.JPG","8.0"
"RS_L.Scorch 0918.JPG","8.0"
"RS_L.Scorch 0919.JPG","8.0"
"RS_L.Scorch 0920.JPG","8.0"
"RS_L.Scorch 0921.JPG","8.0"
"RS_L.Scorch 0922.JPG","8.0"
"RS_L.Scorch 0923.JPG","8.0"
"RS_L.Scorch 0924.JPG","8.0"
"RS_L.Scorch 0925.JPG","8.0"
"RS_L.Scorch 0926.JPG","8.0"
"RS_L.Scorch 0927.JPG","9.0"
"RS_L.Scorch 0928.JPG","9.0"
"RS_L.Scorch 0929.JPG","9.0"
"RS_L.Scorch 0930.JPG","9.0"
"RS_L.Scorch 0931.JPG","9.0"
"RS_L.Scorch 0932.JPG","9.0"
"RS_L.Scorch 0933.JPG","9.0"
"RS_L.Scorch 0934.JPG","9.0"
"RS_L.Scorch 0935.JPG","9.0"
"RS_L.Scorch 0936.JPG","10.0"
"RS_L.Scorch 0937.JPG","10.0"
"RS_L.Scorch 0938.JPG","10.0"
"RS_L.Scorch 0939.JPG","10.0"
"RS_L.Scorch 0940.JPG","10.0"
"RS_L.Scorch 0941.JPG","10.0"
"RS_L.Scorch 0942.JPG","10.0"
"RS_L.Scorch 0943.JPG","10.0"
"RS_L.Scorch 0944.JPG","10.0"
"RS_L.Scorch 0945.JPG","11.0"
"RS_L.Scorch 0946.JPG","11.0"
"RS_L.Scorch 0947.JPG","11.0"
"RS_L.Scorch 0948.JPG","11.0"
"RS_L.Scorch 0949.JPG","11.0"
"RS_L.Scorch 0950.JPG","11.0"
"RS_L.Scorch 0951.JPG","11.0"
"RS_L.Scorch 0952.JPG","11.0"
"RS_L.Scorch 0953.JPG","11.0"
"RS_L.Scorch 0954.JPG","12.0"
"RS_L.Scorch 0955.JPG","12.0"
"RS_L.Scorch 0956.JPG","12.0"
"RS_L.Scorch 0957.JPG","12.0"
"RS_L.Scorch 0958.JPG","12.0"
"RS_L.Scorch 0959.JPG","12.0"
"RS_L.Scorch 0960.JPG","12.0"
"RS_L.Scorch 0961.JPG","12.0"
"RS_L.Scorch 0962.JPG","12.0"
"RS_L.Scorch 0963.JPG","12.0"
"RS_L.Scorch 0964.JPG","13.0"
"RS_L.Scorch 0965.JPG","13.0"
"RS_L.Scorch 0966.JPG","13.0"
"RS_L.Scorch 0967.JPG","13.0"
"RS_L.Scorch 0968.JPG","13.0"
"RS_L.Scorch 0969.JPG","13.0"
"RS_L.Scorch 0970.JPG","13.0"
"RS_L.Scorch 0971.JPG","13.0"
"RS_L.Scorch 0972.JPG","13.0"
"RS_L.Scorch 0973.JPG","14.0"
"RS_L.Scorch 0974.JPG","14.0"
"RS_L.Scorch 0975.JPG","14.0"
"RS_L.Scorch 0976.JPG","14.0"
"RS_L.Scorch 0977.JPG","14.0"
"RS_L.Scorch 0978.JPG","14.0"
"RS_L.Scorch 0979.JPG","14.0"
"RS_L.Scorch 0980.JPG","14.0"
"RS_L.Scorch 0981.JPG","14.0"
"RS_L.Scorch 0982.JPG","14.0"
"RS_L.Scorch 0983.JPG","15.0"
"RS_L.Scorch 0984.JPG","15.0"
"RS_L.Scorch 0985.JPG","15.0"
"RS_L.Scorch 0986.JPG","15.0"
"RS_L.Scorch 0987.JPG","15.0"
"RS_L.Scorch 0988.JPG","15.0"
"RS_L.Scorch 0989.JPG","15.0"
"RS_L.Scorch 0990.JPG","15.0"
"RS_L.Scorch 0991.JPG","15.0"
"RS_L.Scorch 0992.JPG","15.0"
"RS_L.Scorch 0993.JPG","16.0"
"RS_L.Scorch 0994.JPG","16.0"
"RS_L.Scorch 0995.JPG","16.0"
"RS_L.Scorch 0996.JPG","16.0"
"RS_L.Scorch 0997.JPG","16.0"
"RS_L.Scorch 0998.JPG","16.0"
"RS_L.Scorch 0999.JPG","16.0"
"RS_L.Scorch 1000.JPG","16.0"
"RS_L.Scorch 1001.JPG","17.0"
"RS_L.Scorch 1002.JPG","17.0"
"RS_L.Scorch 1003.JPG","17.0"
"RS_L.Scorch 1004.JPG","17.0"
"RS_L.Scorch 1005.JPG","17.0"
"RS_L.Scorch 1006.JPG","17.0"
"RS_L.Scorch 1007.JPG","17.0"
"RS_L.Scorch 1008.JPG","17.0"
"RS_L.Scorch 1009.JPG","17.0"
"RS_L.Scorch 1010.JPG","17.0"
"RS_L.Scorch 1011.JPG","18.0"
"RS_L.Scorch 1012.JPG","18.0"
"RS_L.Scorch 1013.JPG","18.0"
"RS_L.Scorch 1014.JPG","18.0"
"RS_L.Scorch 1015.JPG","18.0"
"RS_L.Scorch 1016.JPG","18.0"
"RS_L.Scorch 1017.JPG","18.0"
"RS_L.Scorch 1018.JPG","18.0"
"RS_L.Scorch 1019.JPG","18.0"
"RS_L.Scorch 1020.JPG","19.0"
"RS_L.Scorch 1021.JPG","19.0"
"RS_L.Scorch 1022.JPG","19.0"
"RS_L.Scorch 1023.JPG","19.0"
"RS_L.Scorch 1024.JPG","19.0"
"RS_L.Scorch 1025.JPG","19.0"
"RS_L.Scorch 1026.JPG","19.0"
"RS_L.Scorch 1027.JPG","19.0"
"RS_L.Scorch 1028.JPG","19.0"
"RS_L.Scorch 1029.JPG","19.0"
"RS_L.Scorch 1030.JPG","19.0"
"RS_L.Scorch 1031.JPG","19.0"
"RS_L.Scorch 1032.JPG","20.0"
"RS_L.Scorch 1033.JPG","20.0"
"RS_L.Scorch 1034.JPG","20.0"
"RS_L.Scorch 1035.JPG","20.0"
"RS_L.Scorch 1036.JPG","20.0"
"RS_L.Scorch 1037.JPG","20.0"
"RS_L.Scorch 1038.JPG","20.0"
"RS_L.Scorch 1039.JPG","20.0"
"RS_L.Scorch 1040.JPG","20.0"
"RS_L.Scorch 1041.JPG","21.0"
"RS_L.Scorch 1042.JPG","21.0"
"RS_L.Scorch 1043.JPG","21.0"
"RS_L.Scorch 1044.JPG","21.0"
"RS_L.Scorch 1045.JPG","21.0"
"RS_L.Scorch 1046.JPG","21.0"
"RS_L.Scorch 1047.JPG","21.0"
"RS_L.Scorch 1048.JPG","21.0"
"RS_L.Scorch 1049.JPG","21.0"
"RS_L.Scorch 1050.JPG","21.0"
"RS_L.Scorch 1051.JPG","22.0"
"RS_L.Scorch 1052.JPG","22.0"
"RS_L.Scorch 1053.JPG","22.0"
"RS_L.Scorch 1054.JPG","22.0"
"RS_L.Scorch 1055.JPG","22.0"
"RS_L.Scorch 1056.JPG","22.0"
"RS_L.Scorch 1057.JPG","22.0"
"RS_L.Scorch 1058.JPG","22.0"
"RS_L.Scorch 1059.JPG","22.0"
"RS_L.Scorch 1060.JPG","23.0"
"RS_L.Scorch 1061.JPG","23.0"
"RS_L.Scorch 1062.JPG","23.0"
"RS_L.Scorch 1063.JPG","23.0"
"RS_L.Scorch 1064.JPG","23.0"
"RS_L.Scorch 1065.JPG","23.0"
"RS_L.Scorch 1066.JPG","23.0"
"RS_L.Scorch 1067.JPG","23.0"
"RS_L.Scorch 1068.JPG","23.0"
"RS_L.Scorch 1069.JPG","23.0"
"RS_L.Scorch 1070.JPG","24.0"
"RS_L.Scorch 1071.JPG","24.0"
"RS_L.Scorch 1072.JPG","24.0"
"RS_L.Scorch 1073.JPG","24.0"
"RS_L.Scorch 1074.JPG","24.0"
"RS_L.Scorch 1075.JPG","24.0"
"RS_L.Scorch 1076.JPG","24.0"
"RS_L.Scorch 1077.JPG","24.0"
"RS_L.Scorch 1078.JPG","24.0"
"RS_L.Scorch 1079.JPG","25.0"
"RS_L.Scorch 1080.JPG","25.0"
"RS_L.Scorch 1081.JPG","25.0"
"RS_L.Scorch 1082.JPG","25.0"
"RS_L.Scorch 1083.JPG","25.0"
"RS_L.Scorch 1084.JPG","25.0"
"RS_L.Scorch 1085.JPG","25.0"
"RS_L.Scorch 1086.JPG","25.0"
"RS_L.Scorch 1087.JPG","25.0"
"RS_L.Scorch 1088.JPG","26.0"
"RS_L.Scorch 1089.JPG","26.0"
"RS_L.Scorch 1090.JPG","26.0"
"RS_L.Scorch 1091.JPG","26.0"
"RS_L.Scorch 1092.JPG","26.0"
"RS_L.Scorch 1093.JPG","26.0"
"RS_L.Scorch 1094.JPG","26.0"
"RS_L.Scorch 1095.JPG","26.0"
"RS_L.Scorch 1096.JPG","26.0"
"RS_L.Scorch 1097.JPG","27.0"
"RS_L.Scorch 1098.JPG","27.0"
"RS_L.Scorch 1099.JPG","27.0"
"RS_L.Scorch 1100.JPG","27.0"
"RS_L.Scorch 1101.JPG","27.0"
"RS_L.Scorch 1102.JPG","27.0"
"RS_L.Scorch 1103.JPG","27.0"
"RS_L.Scorch 1104.JPG","27.0"
"RS_L.Scorch 1105.JPG","27.0"
"RS_L.Scorch 1106.JPG","28.0"
"RS_L.Scorch 1107.JPG","28.0"
"RS_L.Scorch 1108.JPG","28.0"
"RS_L.Scorch 1109.JPG","28.0"
"RS_L.Scorch 1110.JPG","28.0"
"RS_L.Scorch 1111.JPG","28.0"
"RS_L.Scorch 1112.JPG","28.0"
"RS_L.Scorch 1113.JPG","28.0"
"RS_L.Scorch 1114.JPG","28.0"
"RS_L.Scorch 1115.JPG","28.0"
"RS_L.Scorch 1116.JPG","28.0"
"RS_L.Scorch 1117.JPG","29.0"
"RS_L.Scorch 1118.JPG","29.0"
"RS_L.Scorch 1119.JPG","29.0"
"RS_L.Scorch 1120.JPG","29.0"
"RS_L.Scorch 1121.JPG","29.0"
"RS_L.Scorch 1122.JPG","29.0"
"RS_L.Scorch 1123.JPG","29.0"
"RS_L.Scorch 1124.JPG","29.0"
"RS_L.Scorch 1125.JPG","29.0"
"RS_L.Scorch 1126.JPG","29.0"
"RS_L.Scorch 1127.JPG","29.0"
"RS_L.Scorch 1128.JPG","30.0"
"RS_L.Scorch 1129.JPG","30.0"
"RS_L.Scorch 1130.JPG","30.0"
"RS_L.Scorch 1131.JPG","30.0"
"RS_L.Scorch 1132.JPG","30.0"
"RS_L.Scorch 1133.JPG","30.0"
"RS_L.Scorch 1134.JPG","30.0"
"RS_L.Scorch 1135.JPG","30.0"
"RS_L.Scorch 1136.JPG","30.0"
"RS_L.Scorch 1137.JPG","30.0"
"RS_L.Scorch 1138.JPG","30.0"
"RS_L.Scorch 1139.JPG","30.0"
"RS_L.Scorch 1140.JPG","31.0"
"RS_L.Scorch 1141.JPG","31.0"
"RS_L.Scorch 1142.JPG","31.0"
"RS_L.Scorch 1143.JPG","31.0"
"RS_L.Scorch 1144.JPG","31.0"
"RS_L.Scorch 1145.JPG","31.0"
"RS_L.Scorch 1146.JPG","31.0"
"RS_L.Scorch 1147.JPG","31.0"
"RS_L.Scorch 1148.JPG","31.0"
"RS_L.Scorch 1149.JPG","31.0"
"RS_L.Scorch 1150.JPG","31.0"
"RS_L.Scorch 1151.JPG","32.0"
"RS_L.Scorch 1152.JPG","32.0"
"RS_L.Scorch 1153.JPG","32.0"
"RS_L.Scorch 1154.JPG","32.0"
"RS_L.Scorch 1155.JPG","32.0"
"RS_L.Scorch 1156.JPG","32.0"
"RS_L.Scorch 1157.JPG","32.0"
"RS_L.Scorch 1158.JPG","32.0"
"RS_L.Scorch 1159.JPG","32.0"
"RS_L.Scorch 1160.JPG","33.0"
"RS_L.Scorch 1161.JPG","33.0"
"RS_L.Scorch 1162.JPG","33.0"
"RS_L.Scorch 1163.JPG","33.0"
"RS_L.Scorch 1164.JPG","33.0"
"RS_L.Scorch 1165.JPG","33.0"
"RS_L.Scorch 1166.JPG","33.0"
"RS_L.Scorch 1167.JPG","33.0"
"RS_L.Scorch 1168.JPG","33.0"
"RS_L.Scorch 1169.JPG","33.0"
"RS_L.Scorch 1170.JPG","33.0"
"RS_L.Scorch 1171.JPG","33.0"
"RS_L.Scorch 1172.JPG","33.0"
"RS_L.Scorch 1173.JPG","34.0"
"RS_L.Scorch 1174.JPG","34.0"
"RS_L.Scorch 1175.JPG","34.0"
"RS_L.Scorch 1176.JPG","34.0"
"RS_L.Scorch 1177.JPG","34.0"
"RS_L.Scorch 1178.JPG","34.0"
"RS_L.Scorch 1179.JPG","34.0"
"RS_L.Scorch 1180.JPG","34.0"
"RS_L.Scorch 1181.JPG","34.0"
"RS_L.Scorch 1182.JPG","34.0"
"RS_L.Scorch 1183.JPG","34.0"
"RS_L.Scorch 1184.JPG","34.0"
"RS_L.Scorch 1185.JPG","34.0"
"RS_L.Scorch 1186.JPG","34.0"
"RS_L.Scorch 1187.JPG","35.0"
"RS_L.Scorch 1188.JPG","35.0"
"RS_L.Scorch 1189.JPG","35.0"
"RS_L.Scorch 1190.JPG","35.0"
"RS_L.Scorch 1191.JPG","35.0"
"RS_L.Scorch 1192.JPG","35.0"
"RS_L.Scorch 1193.JPG","35.0"
"RS_L.Scorch 1194.JPG","35.0"
"RS_L.Scorch 1195.JPG","35.0"
"RS_L.Scorch 1196.JPG","35.0"
"RS_L.Scorch 1197.JPG","35.0"
"RS_L.Scorch 1198.JPG","35.0"
"RS_L.Scorch 1199.JPG","35.0"
"RS_L.Scorch 1200.JPG","36.0"
"RS_L.Scorch 1201.JPG","36.0"
"RS_L.Scorch 1202.JPG","36.0"
"RS_L.Scorch 1203.JPG","36.0"
"RS_L.Scorch 1204.JPG","36.0"
"RS_L.Scorch 1205.JPG","36.0"
"RS_L.Scorch 1206.JPG","36.0"
"RS_L.Scorch 1207.JPG","36.0"
"RS_L.Scorch 1208.JPG","36.0"
"RS_L.Scorch 1209.JPG","36.0"
"RS_L.Scorch 1210.JPG","36.0"
"RS_L.Scorch 1211.JPG","36.0"
"RS_L.Scorch 1212.JPG","37.0"
"RS_L.Scorch 1213.JPG","37.0"
"RS_L.Scorch 1214.JPG","37.0"
"RS_L.Scorch 1215.JPG","37.0"
"RS_L.Scorch 1216.JPG","37.0"
"RS_L.Scorch 1217.JPG","37.0"
"RS_L.Scorch 1218.JPG","37.0"
"RS_L.Scorch 1219.JPG","37.0"
"RS_L.Scorch 1220.JPG","37.0"
"RS_L.Scorch 1221.JPG","38.0"
"RS_L.Scorch 1222.JPG","38.0"
"RS_L.Scorch 1223.JPG","38.0"
"RS_L.Scorch 1224.JPG","38.0"
"RS_L.Scorch 1225.JPG","38.0"
"RS_L.Scorch 1226.JPG","38.0"
"RS_L.Scorch 1227.JPG","38.0"
"RS_L.Scorch 1228.JPG","38.0"
"RS_L.Scorch 1229.JPG","38.0"
"RS_L.Scorch 1230.JPG","38.0"
"RS_L.Scorch 1231.JPG","38.0"
"RS_L.Scorch 1232.JPG","38.0"
"RS_L.Scorch 1233.JPG","38.0"
"RS_L.Scorch 1234.JPG","39.0"
"RS_L.Scorch 1235.JPG","39.0"
"RS_L.Scorch 1236.JPG","39.0"
"RS_L.Scorch 1237.JPG","39.0"
"RS_L.Scorch 1238.JPG","39.0"
"RS_L.Scorch 1239.JPG","39.0"
"RS_L.Scorch 1240.JPG","39.0"
"RS_L.Scorch 1241.JPG","39.0"
"RS_L.Scorch 1242.JPG","39.0"
"RS_L.Scorch 1243.JPG","39.0"
"RS_L.Scorch 1244.JPG","40.0"
"RS_L.Scorch 1245.JPG","40.0"
"RS_L.Scorch 1246.JPG","40.0"
"RS_L.Scorch 1247.JPG","40.0"
"RS_L.Scorch 1248.JPG","40.0"
"RS_L.Scorch 1249.JPG","40.0"
"RS_L.Scorch 1250.JPG","40.0"
"RS_L.Scorch 1251.JPG","40.0"
"RS_L.Scorch 1252.JPG","40.0"
"RS_L.Scorch 1253.JPG","40.0"
"RS_L.Scorch 1254.JPG","40.0"
"RS_L.Scorch 1255.JPG","40.0"
"RS_L.Scorch 1256.JPG","41.0"
"RS_L.Scorch 1257.JPG","41.0"
"RS_L.Scorch 1258.JPG","41.0"
"RS_L.Scorch 1259.JPG","41.0"
"RS_L.Scorch 1260.JPG","41.0"
"RS_L.Scorch 1261.JPG","41.0"
"RS_L.Scorch 1262.JPG","41.0"
"RS_L.Scorch 1263.JPG","41.0"
"RS_L.Scorch 1264.JPG","41.0"
"RS_L.Scorch 1265.JPG","41.0"
"RS_L.Scorch 1266.JPG","42.0"
"RS_L.Scorch 1267.JPG","42.0"
"RS_L.Scorch 1268.JPG","42.0"
"RS_L.Scorch 1269.JPG","42.0"
"RS_L.Scorch 1270.JPG","42.0"
"RS_L.Scorch 1271.JPG","42.0"
"RS_L.Scorch 1272.JPG","42.0"
"RS_L.Scorch 1273.JPG","42.0"
"RS_L.Scorch 1274.JPG","42.0"
"RS_L.Scorch 1275.JPG","42.0"
"RS_L.Scorch 1276.JPG","42.0"
"RS_L.Scorch 1277.JPG","43.0"
"RS_L.Scorch 1278.JPG","43.0"
"RS_L.Scorch 1279.JPG","43.0"
"RS_L.Scorch 1280.JPG","43.0"
"RS_L.Scorch 1281.JPG","43.0"
"RS_L.Scorch 1282.JPG","43.0"
"RS_L.Scorch 1283.JPG","43.0"
"RS_L.Scorch 1284.JPG","43.0"
"RS_L.Scorch 1285.JPG","43.0"
"RS_L.Scorch 1286.JPG","43.0"
"RS_L.Scorch 1287.JPG","43.0"
"RS_L.Scorch 1288.JPG","44.0"
"RS_L.Scorch 1289.JPG","44.0"
"RS_L.Scorch 1290.JPG","44.0"
"RS_L.Scorch 1291.JPG","44.0"
"RS_L.Scorch 1292.JPG","44.0"
"RS_L.Scorch 1293.JPG","44.0"
"RS_L.Scorch 1294.JPG","44.0"
"RS_L.Scorch 1295.JPG","44.0"
"RS_L.Scorch 1296.JPG","44.0"
"RS_L.Scorch 1297.JPG","45.0"
"RS_L.Scorch 1298.JPG","45.0"
"RS_L.Scorch 1299.JPG","45.0"
"RS_L.Scorch 1300.JPG","45.0"
"RS_L.Scorch 1301.JPG","45.0"
"RS_L.Scorch 1302.JPG","45.0"
"RS_L.Scorch 1303.JPG","45.0"
"RS_L.Scorch 1304.JPG","45.0"
"RS_L.Scorch 1305.JPG","45.0"
"RS_L.Scorch 1306.JPG","45.0"
"RS_L.Scorch 1307.JPG","46.0"
"RS_L.Scorch 1308.JPG","46.0"
"RS_L.Scorch 1309.JPG","46.0"
"RS_L.Scorch 1310.JPG","46.0"
"RS_L.Scorch 1311.JPG","46.0"
"RS_L.Scorch 1312.JPG","46.0"
"RS_L.Scorch 1313.JPG","46.0"
"RS_L.Scorch 1314.JPG","46.0"
"RS_L.Scorch 1315.JPG","46.0"
"RS_L.Scorch 1316.JPG","46.0"
"RS_L.Scorch 1317.JPG","47.0"
"RS_L.Scorch 1318.JPG","47.0"
"RS_L.Scorch 1319.JPG","47.0"
"RS_L.Scorch 1320.JPG","47.0"
"RS_L.Scorch 1321.JPG","47.0"
"RS_L.Scorch 1322.JPG","47.0"
"RS_L.Scorch 1323.JPG","47.0"
"RS_L.Scorch 1324.JPG","47.0"
"RS_L.Scorch 1325.JPG","47.0"
"RS_L.Scorch 1326.JPG","47.0"
"RS_L.Scorch 1327.JPG","47.0"
"RS_L.Scorch 1328.JPG","48.0"
"RS_L.Scorch 1329.JPG","48.0"
"RS_L.Scorch 1330.JPG","48.0"
"RS_L.Scorch 1331.JPG","48.0"
"RS_L.Scorch 1332.JPG","48.0"
"RS_L.Scorch 1333.JPG","48.0"
"RS_L.Scorch 1334.JPG","48.0"
"RS_L.Scorch 1335.JPG","48.0"
"RS_L.Scorch 1336.JPG","48.0"
"RS_L.Scorch 1337.JPG","49.0"
"RS_L.Scorch 1338.JPG","49.0"
"RS_L.Scorch 1339.JPG","49.0"
"RS_L.Scorch 1340.JPG","49.0"
"RS_L.Scorch 1341.JPG","49.0"
"RS_L.Scorch 1342.JPG","49.0"
"RS_L.Scorch 1343.JPG","49.0"
"RS_L.Scorch 1344.JPG","49.0"
"RS_L.Scorch 1345.JPG","49.0"
"RS_L.Scorch 1346.JPG","49.0"
"RS_L.Scorch 1347.JPG","49.0"
"RS_L.Scorch 1348.JPG","50.0"
"RS_L.Scorch 1349.JPG","50.0"
"RS_L.Scorch 1350.JPG","50.0"
"RS_L.Scorch 1351.JPG","50.0"
"RS_L.Scorch 1352.JPG","50.0"
"RS_L.Scorch 1353.JPG","50.0"
"RS_L.Scorch 1354.JPG","50.0"
"RS_L.Scorch 1355.JPG","50.0"
"RS_L.Scorch 1356.JPG","50.0"
"RS_L.Scorch 1357.JPG","50.0"
"RS_L.Scorch 1358.JPG","50.0"
"RS_L.Scorch 1359.JPG","51.0"
"RS_L.Scorch 1360.JPG","51.0"
"RS_L.Scorch 1361.JPG","51.0"
"RS_L.Scorch 1362.JPG","51.0"
"RS_L.Scorch 1363.JPG","51.0"
"RS_L.Scorch 1364.JPG","51.0"
"RS_L.Scorch 1365.JPG","51.0"
"RS_L.Scorch 1366.JPG","51.0"
"RS_L.Scorch 1367.JPG","51.0"
"RS_L.Scorch 1368.JPG","51.0"
"RS_L.Scorch 1369.JPG","52.0"
"RS_L.Scorch 1370.JPG","52.0"
"RS_L.Scorch 1371.JPG","52.0"
"RS_L.Scorch 1372.JPG","52.0"
"RS_L.Scorch 1373.JPG","52.0"
"RS_L.Scorch 1374.JPG","52.0"
"RS_L.Scorch 1375.JPG","52.0"
"RS_L.Scorch 1376.JPG","52.0"
"RS_L.Scorch 1377.JPG","52.0"
"RS_L.Scorch 1378.JPG","52.0"
"RS_L.Scorch 1379.JPG","52.0"
"RS_L.Scorch 1380.JPG","53.0"
"RS_L.Scorch 1381.JPG","53.0"
"RS_L.Scorch 1382.JPG","53.0"
"RS_L.Scorch 1383.JPG","53.0"
"RS_L.Scorch 1384.JPG","53.0"
"RS_L.Scorch 1385.JPG","53.0"
"RS_L.Scorch 1386.JPG","53.0"
"RS_L.Scorch 1387.JPG","53.0"
"RS_L.Scorch 1388.JPG","53.0"
"RS_L.Scorch 1389.JPG","53.0"
"RS_L.Scorch 1390.JPG","54.0"
"RS_L.Scorch 1391.JPG","54.0"
"RS_L.Scorch 1392.JPG","54.0"
"RS_L.Scorch 1393.JPG","54.0"
"RS_L.Scorch 1394.JPG","54.0"
"RS_L.Scorch 1395.JPG","54.0"
"RS_L.Scorch 1396.JPG","54.0"
"RS_L.Scorch 1397.JPG","54.0"
"RS_L.Scorch 1398.JPG","54.0"
"RS_L.Scorch 1399.JPG","54.0"
"RS_L.Scorch 1400.JPG","55.0"
"RS_L.Scorch 1401.JPG","55.0"
"RS_L.Scorch 1402.JPG","55.0"
"RS_L.Scorch 1403.JPG","55.0"
"RS_L.Scorch 1404.JPG","55.0"
"RS_L.Scorch 1405.JPG","55.0"
"RS_L.Scorch 1406.JPG","55.0"
"RS_L.Scorch 1407.JPG","55.0"
"RS_L.Scorch 1408.JPG","55.0"
"RS_L.Scorch 1409.JPG","55.0"
"RS_L.Scorch 1410.JPG","56.0"
"RS_L.Scorch 1411.JPG","56.0"
"RS_L.Scorch 1412.JPG","56.0"
"RS_L.Scorch 1413.JPG","56.0"
"RS_L.Scorch 1414.JPG","56.0"
"RS_L.Scorch 1415.JPG","56.0"
"RS_L.Scorch 1416.JPG","56.0"
"RS_L.Scorch 1417.JPG","56.0"
"RS_L.Scorch 1418.JPG","56.0"
"RS_L.Scorch 1419.JPG","56.0"
"RS_L.Scorch 1420.JPG","57.0"
"RS_L.Scorch 1421.JPG","57.0"
"RS_L.Scorch 1422.JPG","57.0"
"RS_L.Scorch 1423.JPG","57.0"
"RS_L.Scorch 1424.JPG","57.0"
"RS_L.Scorch 1425.JPG","57.0"
"RS_L.Scorch 1426.JPG","57.0"
"RS_L.Scorch 1427.JPG","57.0"
"RS_L.Scorch 1428.JPG","57.0"
"RS_L.Scorch 1429.JPG","57.0"
"RS_L.Scorch 1430.JPG","57.0"
"RS_L.Scorch 1431.JPG","57.0"
"RS_L.Scorch 1432.JPG","57.0"
"RS_L.Scorch 1433.JPG","58.0"
"RS_L.Scorch 1434.JPG","58.0"
"RS_L.Scorch 1435.JPG","58.0"
"RS_L.Scorch 1436.JPG","58.0"
"RS_L.Scorch 1437.JPG","58.0"
"RS_L.Scorch 1438.JPG","58.0"
"RS_L.Scorch 1439.JPG","58.0"
"RS_L.Scorch 1440.JPG","58.0"
"RS_L.Scorch 1441.JPG","58.0"
"RS_L.Scorch 1442.JPG","58.0"
"RS_L.Scorch 1443.JPG","59.0"
"RS_L.Scorch 1444.JPG","59.0"
"RS_L.Scorch 1445.JPG","59.0"
"RS_L.Scorch 1446.JPG","59.0"
"RS_L.Scorch 1447.JPG","59.0"
"RS_L.Scorch 1448.JPG","59.0"
"RS_L.Scorch 1449.JPG","59.0"
"RS_L.Scorch 1450.JPG","59.0"
"RS_L.Scorch 1451.JPG","59.0"
"RS_L.Scorch 1452.JPG","59.0"
"RS_L.Scorch 1453.JPG","59.0"
"RS_L.Scorch 1454.JPG","60.0"
"RS_L.Scorch 1455.JPG","60.0"
"RS_L.Scorch 1456.JPG","60.0"
"RS_L.Scorch 1457.JPG","60.0"
"RS_L.Scorch 1458.JPG","60.0"
"RS_L.Scorch 1459.JPG","60.0"
"RS_L.Scorch 1460.JPG","60.0"
"RS_L.Scorch 1461.JPG","60.0"
"RS_L.Scorch 1462.JPG","61.0"
"RS_L.Scorch 1463.JPG","61.0"
"RS_L.Scorch 1464.JPG","61.0"
"RS_L.Scorch 1465.JPG","61.0"
"RS_L.Scorch 1466.JPG","61.0"
"RS_L.Scorch 1467.JPG","61.0"
"RS_L.Scorch 1468.JPG","61.0"
"RS_L.Scorch 1469.JPG","61.0"
"RS_L.Scorch 1470.JPG","61.0"
"RS_L.Scorch 1471.JPG","62.0"
"RS_L.Scorch 1472.JPG","62.0"
"RS_L.Scorch 1473.JPG","62.0"
"RS_L.Scorch 1474.JPG","62.0"
"RS_L.Scorch 1475.JPG","62.0"
"RS_L.Scorch 1476.JPG","62.0"
"RS_L.Scorch 1477.JPG","62.0"
"RS_L.Scorch 1478.JPG","62.0"
"RS_L.Scorch 1479.JPG","62.0"
"RS_L.Scorch 1480.JPG","62.0"
"RS_L.Scorch 1481.JPG","63.0"
"RS_L.Scorch 1482.JPG","63.0"
"RS_L.Scorch 1483.JPG","63.0"
"RS_L.Scorch 1484.JPG","63.0"
"RS_L.Scorch 1485.JPG","63.0"
"RS_L.Scorch 1486.JPG","63.0"
"RS_L.Scorch 1487.JPG","63.0"
"RS_L.Scorch 1488.JPG","63.0"
"RS_L.Scorch 1489.JPG","63.0"
"RS_L.Scorch 1490.JPG","63.0"
"RS_L.Scorch 1491.JPG","64.0"
"RS_L.Scorch 1492.JPG","64.0"
"RS_L.Scorch 1493.JPG","64.0"
"RS_L.Scorch 1494.JPG","64.0"
"RS_L.Scorch 1495.JPG","64.0"
"RS_L.Scorch 1496.JPG","64.0"
"RS_L.Scorch 1497.JPG","64.0"
"RS_L.Scorch 1498.JPG","64.0"
"RS_L.Scorch 1499.JPG","64.0"
"RS_L.Scorch 1500.JPG","64.0"
"RS_L.Scorch 1501.JPG","64.0"
"RS_L.Scorch 1502.JPG","65.0"
"RS_L.Scorch 1503.JPG","65.0"
"RS_L.Scorch 1504.JPG","65.0"
"RS_L.Scorch 1505.JPG","65.0"
"RS_L.Scorch 1506.JPG","65.0"
"RS_L.Scorch 1507.JPG","65.0"
"RS_L.Scorch 1508.JPG","65.0"
"RS_L.Scorch 1509.JPG","65.0"
"RS_L.Scorch 1510.JPG","65.0"
"RS_L.Scorch 1511.JPG","65.0"
"RS_L.Scorch 1512.JPG","65.0"
"RS_L.Scorch 1513.JPG","66.0"
"RS_L.Scorch 1514.JPG","66.0"
"RS_L.Scorch 1515.JPG","66.0"
"RS_L.Scorch 1516.JPG","66.0"
"RS_L.Scorch 1517.JPG","66.0"
"RS_L.Scorch 1518.JPG","66.0"
"RS_L.Scorch 1519.JPG","66.0"
"RS_L.Scorch 1520.JPG","66.0"
"RS_L.Scorch 1521.JPG","66.0"
"RS_L.Scorch 1522.JPG","66.0"
"RS_L.Scorch 1523.JPG","67.0"
"RS_L.Scorch 1524.JPG","67.0"
"RS_L.Scorch 1525.JPG","67.0"
"RS_L.Scorch 1526.JPG","67.0"
"RS_L.Scorch 1527.JPG","67.0"
"RS_L.Scorch 1528.JPG","67.0"
"RS_L.Scorch 1529.JPG","67.0"
"RS_L.Scorch 1530.JPG","67.0"
"RS_L.Scorch 1531.JPG","67.0"
"RS_L.Scorch 1532.JPG","67.0"
"RS_L.Scorch 1533.JPG","67.0"
"RS_L.Scorch 1534.JPG","68.0"
"RS_L.Scorch 1535.JPG","68.0"
"RS_L.Scorch 1536.JPG","68.0"
"RS_L.Scorch 1537.JPG","68.0"
"RS_L.Scorch 1538.JPG","68.0"
"RS_L.Scorch 1539.JPG","68.0"
"RS_L.Scorch 1540.JPG","68.0"
"RS_L.Scorch 1541.JPG","68.0"
"RS_L.Scorch 1542.JPG","68.0"
"RS_L.Scorch 1543.JPG","68.0"
"RS_L.Scorch 1544.JPG","68.0"
"RS_L.Scorch 1545.JPG","68.0"
"RS_L.Scorch 1546.JPG","69.0"
"RS_L.Scorch 1547.JPG","69.0"
"RS_L.Scorch 1548.JPG","69.0"
"RS_L.Scorch 1549.JPG","69.0"
"RS_L.Scorch 1550.JPG","69.0"
"RS_L.Scorch 1551.JPG","69.0"
"RS_L.Scorch 1552.JPG","69.0"
"RS_L.Scorch 1553.JPG","69.0"
"RS_L.Scorch 1554.JPG","69.0"
"RS_L.Scorch 1555.JPG","69.0"
"RS_L.Scorch 1556.JPG","70.0"
"RS_L.Scorch 1557.JPG","70.0"
"RS_L.Scorch 1558.JPG","70.0"
"RS_L.Scorch 1559.JPG","70.0"
"RS_L.Scorch 1560.JPG","70.0"
"RS_L.Scorch 1561.JPG","70.0"
"RS_L.Scorch 1562.JPG","70.0"
"RS_L.Scorch 1563.JPG","70.0"
"RS_L.Scorch 1564.JPG","70.0"
"RS_L.Scorch 1565.JPG","70.0"
"RS_L.Scorch 1566.JPG","70.0"
"RS_L.Scorch 1567.JPG","71.0"
"RS_L.Scorch 1568.JPG","71.0"
"RS_L.Scorch 1569.JPG","71.0"
"RS_L.Scorch 1570.JPG","71.0"
"RS_L.Scorch 1571.JPG","71.0"
"RS_L.Scorch 1572.JPG","71.0"
"RS_L.Scorch 1573.JPG","71.0"
"RS_L.Scorch 1574.JPG","71.0"
"RS_L.Scorch 1575.JPG","71.0"
"RS_L.Scorch 1576.JPG","71.0"
"RS_L.Scorch 1577.JPG","72.0"
"RS_L.Scorch 1578.JPG","72.0"
"RS_L.Scorch 1579.JPG","72.0"
"RS_L.Scorch 1580.JPG","72.0"
"RS_L.Scorch 1581.JPG","72.0"
"RS_L.Scorch 1582.JPG","72.0"
"RS_L.Scorch 1583.JPG","72.0"
"RS_L.Scorch 1584.JPG","72.0"
"RS_L.Scorch 1585.JPG","72.0"
"RS_L.Scorch 1586.JPG","72.0"
"RS_L.Scorch 1587.JPG","73.0"
"RS_L.Scorch 1588.JPG","73.0"
"RS_L.Scorch 1589.JPG","73.0"
"RS_L.Scorch 1590.JPG","73.0"
"RS_L.Scorch 1591.JPG","73.0"
"RS_L.Scorch 1592.JPG","73.0"
"RS_L.Scorch 1593.JPG","73.0"
"RS_L.Scorch 1594.JPG","73.0"
"RS_L.Scorch 1595.JPG","73.0"
"RS_L.Scorch 1596.JPG","73.0"
"RS_L.Scorch 1597.JPG","73.0"
"RS_L.Scorch 1598.JPG","74.0"
"RS_L.Scorch 1599.JPG","74.0"
"RS_L.Scorch 1600.JPG","74.0"
"RS_L.Scorch 1601.JPG","74.0"
"RS_L.Scorch 1602.JPG","74.0"
"RS_L.Scorch 1603.JPG","74.0"
"RS_L.Scorch 1604.JPG","74.0"
"RS_L.Scorch 1605.JPG","74.0"
"RS_L.Scorch 1606.JPG","74.0"
"RS_L.Scorch 1607.JPG","74.0"
"RS_L.Scorch 1608.JPG","75.0"
"RS_L.Scorch 1609.JPG","75.0"
"RS_L.Scorch 1610.JPG","75.0"
"RS_L.Scorch 1611.JPG","75.0"
"RS_L.Scorch 1612.JPG","75.0"
"RS_L.Scorch 1613.JPG","75.0"
"RS_L.Scorch 1614.JPG","75.0"
"RS_L.Scorch 1615.JPG","75.0"
"RS_L.Scorch 1616.JPG","75.0"
"RS_L.Scorch 1617.JPG","75.0"
"RS_L.Scorch 1618.JPG","75.0"
"RS_L.Scorch 1619.JPG","75.0"
