"File Name","Leaf #"
"GCREC_Bact.Sp 2946.JPG","1.0"
"GCREC_Bact.Sp 2947.JPG","1.0"
"GCREC_Bact.Sp 2948.JPG","1.0"
"GCREC_Bact.Sp 2949.JPG","1.0"
"GCREC_Bact.Sp 2950.JPG","2.0"
"GCREC_Bact.Sp 2951.JPG","2.0"
"GCREC_Bact.Sp 2952.JPG","2.0"
"GCREC_Bact.Sp 2953.JPG","2.0"
"GCREC_Bact.Sp 2954.JPG","3.0"
"GCREC_Bact.Sp 2955.JPG","3.0"
"GCREC_Bact.Sp 2956.JPG","3.0"
"GCREC_Bact.Sp 2957.JPG","3.0"
"GCREC_Bact.Sp 2958.JPG","4.0"
"GCREC_Bact.Sp 2959.JPG","4.0"
"GCREC_Bact.Sp 2960.JPG","4.0"
"GCREC_Bact.Sp 2961.JPG","4.0"
"GCREC_Bact.Sp 2962.JPG","5.0"
"GCREC_Bact.Sp 2963.JPG","5.0"
"GCREC_Bact.Sp 2964.JPG","5.0"
"GCREC_Bact.Sp 2965.JPG","5.0"
"GCREC_Bact.Sp 2966.JPG","6.0"
"GCREC_Bact.Sp 2967.JPG","6.0"
"GCREC_Bact.Sp 2968.JPG","6.0"
"GCREC_Bact.Sp 2969.JPG","6.0"
"GCREC_Bact.Sp 2970.JPG","7.0"
"GCREC_Bact.Sp 2971.JPG","7.0"
"GCREC_Bact.Sp 2972.JPG","7.0"
"GCREC_Bact.Sp 2973.JPG","7.0"
"GCREC_Bact.Sp 2974.JPG","8.0"
"GCREC_Bact.Sp 2975.JPG","8.0"
"GCREC_Bact.Sp 2976.JPG","8.0"
"GCREC_Bact.Sp 2977.JPG","8.0"
"GCREC_Bact.Sp 2978.JPG","9.0"
"GCREC_Bact.Sp 2979.JPG","9.0"
"GCREC_Bact.Sp 2980.JPG","9.0"
"GCREC_Bact.Sp 2981.JPG","9.0"
"GCREC_Bact.Sp 2982.JPG","10.0"
"GCREC_Bact.Sp 2983.JPG","10.0"
"GCREC_Bact.Sp 2984.JPG","10.0"
"GCREC_Bact.Sp 2985.JPG","10.0"
"GCREC_Bact.Sp 2986.JPG","11.0"
"GCREC_Bact.Sp 2987.JPG","11.0"
"GCREC_Bact.Sp 2988.JPG","11.0"
"GCREC_Bact.Sp 2989.JPG","11.0"
"GCREC_Bact.Sp 2990.JPG","12.0"
"GCREC_Bact.Sp 2991.JPG","12.0"
"GCREC_Bact.Sp 2992.JPG","12.0"
"GCREC_Bact.Sp 2993.JPG","12.0"
"GCREC_Bact.Sp 2994.JPG","13.0"
"GCREC_Bact.Sp 2995.JPG","13.0"
"GCREC_Bact.Sp 2996.JPG","13.0"
"GCREC_Bact.Sp 2997.JPG","13.0"
"GCREC_Bact.Sp 2998.JPG","14.0"
"GCREC_Bact.Sp 2999.JPG","14.0"
"GCREC_Bact.Sp 3000.JPG","14.0"
"GCREC_Bact.Sp 3001.JPG","14.0"
"GCREC_Bact.Sp 3002.JPG","15.0"
"GCREC_Bact.Sp 3003.JPG","15.0"
"GCREC_Bact.Sp 3004.JPG","15.0"
"GCREC_Bact.Sp 3005.JPG","15.0"
"GCREC_Bact.Sp 3006.JPG","16.0"
"GCREC_Bact.Sp 3007.JPG","16.0"
"GCREC_Bact.Sp 3008.JPG","16.0"
"GCREC_Bact.Sp 3009.JPG","16.0"
"GCREC_Bact.Sp 3010.JPG","17.0"
"GCREC_Bact.Sp 3011.JPG","17.0"
"GCREC_Bact.Sp 3012.JPG","17.0"
"GCREC_Bact.Sp 3013.JPG","17.0"
"GCREC_Bact.Sp 3014.JPG","18.0"
"GCREC_Bact.Sp 3015.JPG","18.0"
"GCREC_Bact.Sp 3016.JPG","18.0"
"GCREC_Bact.Sp 3017.JPG","18.0"
"GCREC_Bact.Sp 3018.JPG","19.0"
"GCREC_Bact.Sp 3019.JPG","19.0"
"GCREC_Bact.Sp 3020.JPG","19.0"
"GCREC_Bact.Sp 3021.JPG","19.0"
"GCREC_Bact.Sp 3022.JPG","20.0"
"GCREC_Bact.Sp 3023.JPG","20.0"
"GCREC_Bact.Sp 3024.JPG","20.0"
"GCREC_Bact.Sp 3025.JPG","20.0"
"GCREC_Bact.Sp 3026.JPG","21.0"
"GCREC_Bact.Sp 3027.JPG","21.0"
"GCREC_Bact.Sp 3028.JPG","21.0"
"GCREC_Bact.Sp 3029.JPG","21.0"
"GCREC_Bact.Sp 3030.JPG","22.0"
"GCREC_Bact.Sp 3031.JPG","22.0"
"GCREC_Bact.Sp 3032.JPG","22.0"
"GCREC_Bact.Sp 3033.JPG","22.0"
"GCREC_Bact.Sp 3034.JPG","23.0"
"GCREC_Bact.Sp 3035.JPG","23.0"
"GCREC_Bact.Sp 3036.JPG","23.0"
"GCREC_Bact.Sp 3037.JPG","23.0"
"GCREC_Bact.Sp 3038.JPG","24.0"
"GCREC_Bact.Sp 3039.JPG","24.0"
"GCREC_Bact.Sp 3040.JPG","24.0"
"GCREC_Bact.Sp 3041.JPG","24.0"
"GCREC_Bact.Sp 3042.JPG","25.0"
"GCREC_Bact.Sp 3043.JPG","25.0"
"GCREC_Bact.Sp 3044.JPG","25.0"
"GCREC_Bact.Sp 3045.JPG","25.0"
"GCREC_Bact.Sp 3046.JPG","26.0"
"GCREC_Bact.Sp 3047.JPG","26.0"
"GCREC_Bact.Sp 3048.JPG","26.0"
"GCREC_Bact.Sp 3049.JPG","26.0"
"GCREC_Bact.Sp 3050.JPG","27.0"
"GCREC_Bact.Sp 3051.JPG","27.0"
"GCREC_Bact.Sp 3052.JPG","27.0"
"GCREC_Bact.Sp 3053.JPG","27.0"
"GCREC_Bact.Sp 3054.JPG","28.0"
"GCREC_Bact.Sp 3055.JPG","28.0"
"GCREC_Bact.Sp 3056.JPG","28.0"
"GCREC_Bact.Sp 3057.JPG","28.0"
"GCREC_Bact.Sp 3058.JPG","29.0"
"GCREC_Bact.Sp 3059.JPG","29.0"
"GCREC_Bact.Sp 3060.JPG","29.0"
"GCREC_Bact.Sp 3061.JPG","29.0"
"GCREC_Bact.Sp 3062.JPG","30.0"
"GCREC_Bact.Sp 3063.JPG","30.0"
"GCREC_Bact.Sp 3064.JPG","30.0"
"GCREC_Bact.Sp 3065.JPG","30.0"
"GCREC_Bact.Sp 3066.JPG","31.0"
"GCREC_Bact.Sp 3067.JPG","31.0"
"GCREC_Bact.Sp 3068.JPG","31.0"
"GCREC_Bact.Sp 3069.JPG","31.0"
"GCREC_Bact.Sp 3070.JPG","32.0"
"GCREC_Bact.Sp 3071.JPG","32.0"
"GCREC_Bact.Sp 3072.JPG","32.0"
"GCREC_Bact.Sp 3073.JPG","32.0"
"GCREC_Bact.Sp 3074.JPG","33.0"
"GCREC_Bact.Sp 3075.JPG","33.0"
"GCREC_Bact.Sp 3076.JPG","33.0"
"GCREC_Bact.Sp 3077.JPG","33.0"
"GCREC_Bact.Sp 3078.JPG","34.0"
"GCREC_Bact.Sp 3079.JPG","34.0"
"GCREC_Bact.Sp 3080.JPG","34.0"
"GCREC_Bact.Sp 3081.JPG","34.0"
"GCREC_Bact.Sp 3082.JPG","35.0"
"GCREC_Bact.Sp 3083.JPG","35.0"
"GCREC_Bact.Sp 3084.JPG","35.0"
"GCREC_Bact.Sp 3085.JPG","35.0"
"GCREC_Bact.Sp 3086.JPG","36.0"
"GCREC_Bact.Sp 3087.JPG","36.0"
"GCREC_Bact.Sp 3088.JPG","36.0"
"GCREC_Bact.Sp 3089.JPG","36.0"
"GCREC_Bact.Sp 3090.JPG","37.0"
"GCREC_Bact.Sp 3091.JPG","37.0"
"GCREC_Bact.Sp 3092.JPG","37.0"
"GCREC_Bact.Sp 3093.JPG","37.0"
"GCREC_Bact.Sp 3094.JPG","38.0"
"GCREC_Bact.Sp 3095.JPG","38.0"
"GCREC_Bact.Sp 3096.JPG","38.0"
"GCREC_Bact.Sp 3097.JPG","38.0"
"GCREC_Bact.Sp 3098.JPG","39.0"
"GCREC_Bact.Sp 3099.JPG","39.0"
"GCREC_Bact.Sp 3100.JPG","39.0"
"GCREC_Bact.Sp 3101.JPG","39.0"
"GCREC_Bact.Sp 3102.JPG","40.0"
"GCREC_Bact.Sp 3103.JPG","40.0"
"GCREC_Bact.Sp 3104.JPG","40.0"
"GCREC_Bact.Sp 3105.JPG","40.0"
"GCREC_Bact.Sp 3106.JPG","41.0"
"GCREC_Bact.Sp 3107.JPG","41.0"
"GCREC_Bact.Sp 3108.JPG","41.0"
"GCREC_Bact.Sp 3109.JPG","41.0"
"GCREC_Bact.Sp 3110.JPG","42.0"
"GCREC_Bact.Sp 3111.JPG","42.0"
"GCREC_Bact.Sp 3112.JPG","42.0"
"GCREC_Bact.Sp 3113.JPG","42.0"
"GCREC_Bact.Sp 3114.JPG","43.0"
"GCREC_Bact.Sp 3115.JPG","43.0"
"GCREC_Bact.Sp 3116.JPG","43.0"
"GCREC_Bact.Sp 3117.JPG","43.0"
"GCREC_Bact.Sp 3118.JPG","44.0"
"GCREC_Bact.Sp 3119.JPG","44.0"
"GCREC_Bact.Sp 3120.JPG","44.0"
"GCREC_Bact.Sp 3121.JPG","44.0"
"GCREC_Bact.Sp 3122.JPG","45.0"
"GCREC_Bact.Sp 3123.JPG","45.0"
"GCREC_Bact.Sp 3124.JPG","45.0"
"GCREC_Bact.Sp 3125.JPG","45.0"
"GCREC_Bact.Sp 3126.JPG","46.0"
"GCREC_Bact.Sp 3127.JPG","46.0"
"GCREC_Bact.Sp 3128.JPG","46.0"
"GCREC_Bact.Sp 3129.JPG","46.0"
"GCREC_Bact.Sp 3130.JPG","47.0"
"GCREC_Bact.Sp 3131.JPG","47.0"
"GCREC_Bact.Sp 3132.JPG","47.0"
"GCREC_Bact.Sp 3133.JPG","47.0"
"GCREC_Bact.Sp 3134.JPG","48.0"
"GCREC_Bact.Sp 3135.JPG","48.0"
"GCREC_Bact.Sp 3136.JPG","48.0"
"GCREC_Bact.Sp 3137.JPG","48.0"
"GCREC_Bact.Sp 3138.JPG","49.0"
"GCREC_Bact.Sp 3139.JPG","49.0"
"GCREC_Bact.Sp 3140.JPG","49.0"
"GCREC_Bact.Sp 3141.JPG","49.0"
"GCREC_Bact.Sp 3142.JPG","50.0"
"GCREC_Bact.Sp 3143.JPG","50.0"
"GCREC_Bact.Sp 3144.JPG","50.0"
"GCREC_Bact.Sp 3145.JPG","50.0"
"GCREC_Bact.Sp 3146.JPG","51.0"
"GCREC_Bact.Sp 3147.JPG","51.0"
"GCREC_Bact.Sp 3148.JPG","51.0"
"GCREC_Bact.Sp 3149.JPG","51.0"
"GCREC_Bact.Sp 3150.JPG","52.0"
"GCREC_Bact.Sp 3151.JPG","52.0"
"GCREC_Bact.Sp 3152.JPG","52.0"
"GCREC_Bact.Sp 3153.JPG","52.0"
"GCREC_Bact.Sp 3154.JPG","53.0"
"GCREC_Bact.Sp 3155.JPG","53.0"
"GCREC_Bact.Sp 3156.JPG","53.0"
"GCREC_Bact.Sp 3157.JPG","53.0"
"GCREC_Bact.Sp 3158.JPG","54.0"
"GCREC_Bact.Sp 3159.JPG","54.0"
"GCREC_Bact.Sp 3160.JPG","54.0"
"GCREC_Bact.Sp 3161.JPG","54.0"
"GCREC_Bact.Sp 3162.JPG","55.0"
"GCREC_Bact.Sp 3163.JPG","55.0"
"GCREC_Bact.Sp 3164.JPG","55.0"
"GCREC_Bact.Sp 3165.JPG","55.0"
"GCREC_Bact.Sp 3166.JPG","56.0"
"GCREC_Bact.Sp 3167.JPG","56.0"
"GCREC_Bact.Sp 3168.JPG","56.0"
"GCREC_Bact.Sp 3169.JPG","56.0"
"GCREC_Bact.Sp 3170.JPG","57.0"
"GCREC_Bact.Sp 3171.JPG","57.0"
"GCREC_Bact.Sp 3172.JPG","57.0"
"GCREC_Bact.Sp 3173.JPG","57.0"
"GCREC_Bact.Sp 3174.JPG","58.0"
"GCREC_Bact.Sp 3175.JPG","58.0"
"GCREC_Bact.Sp 3176.JPG","58.0"
"GCREC_Bact.Sp 3177.JPG","58.0"
"GCREC_Bact.Sp 3178.JPG","59.0"
"GCREC_Bact.Sp 3179.JPG","59.0"
"GCREC_Bact.Sp 3180.JPG","59.0"
"GCREC_Bact.Sp 3181.JPG","59.0"
"GCREC_Bact.Sp 3182.JPG","60.0"
"GCREC_Bact.Sp 3183.JPG","60.0"
"GCREC_Bact.Sp 3184.JPG","60.0"
"GCREC_Bact.Sp 3185.JPG","60.0"
"GCREC_Bact.Sp 3186.JPG","61.0"
"GCREC_Bact.Sp 3187.JPG","61.0"
"GCREC_Bact.Sp 3188.JPG","61.0"
"GCREC_Bact.Sp 3189.JPG","61.0"
"GCREC_Bact.Sp 3190.JPG","62.0"
"GCREC_Bact.Sp 3191.JPG","62.0"
"GCREC_Bact.Sp 3192.JPG","62.0"
"GCREC_Bact.Sp 3193.JPG","62.0"
"GCREC_Bact.Sp 3194.JPG","63.0"
"GCREC_Bact.Sp 3195.JPG","63.0"
"GCREC_Bact.Sp 3196.JPG","63.0"
"GCREC_Bact.Sp 3197.JPG","63.0"
"GCREC_Bact.Sp 3198.JPG","64.0"
"GCREC_Bact.Sp 3199.JPG","64.0"
"GCREC_Bact.Sp 3200.JPG","64.0"
"GCREC_Bact.Sp 3201.JPG","64.0"
"GCREC_Bact.Sp 3202.JPG","65.0"
"GCREC_Bact.Sp 3203.JPG","65.0"
"GCREC_Bact.Sp 3204.JPG","65.0"
"GCREC_Bact.Sp 3205.JPG","65.0"
"GCREC_Bact.Sp 3206.JPG","66.0"
"GCREC_Bact.Sp 3207.JPG","66.0"
"GCREC_Bact.Sp 3208.JPG","66.0"
"GCREC_Bact.Sp 3209.JPG","66.0"
"GCREC_Bact.Sp 3210.JPG","67.0"
"GCREC_Bact.Sp 3211.JPG","67.0"
"GCREC_Bact.Sp 3212.JPG","67.0"
"GCREC_Bact.Sp 3213.JPG","67.0"
"GCREC_Bact.Sp 3214.JPG","68.0"
"GCREC_Bact.Sp 3215.JPG","68.0"
"GCREC_Bact.Sp 3216.JPG","68.0"
"GCREC_Bact.Sp 3217.JPG","68.0"
"GCREC_Bact.Sp 3218.JPG","69.0"
"GCREC_Bact.Sp 3219.JPG","69.0"
"GCREC_Bact.Sp 3220.JPG","69.0"
"GCREC_Bact.Sp 3221.JPG","69.0"
"GCREC_Bact.Sp 3222.JPG","70.0"
"GCREC_Bact.Sp 3223.JPG","70.0"
"GCREC_Bact.Sp 3224.JPG","70.0"
"GCREC_Bact.Sp 3225.JPG","70.0"
"GCREC_Bact.Sp 3226.JPG","71.0"
"GCREC_Bact.Sp 3227.JPG","71.0"
"GCREC_Bact.Sp 3228.JPG","71.0"
"GCREC_Bact.Sp 3229.JPG","71.0"
"GCREC_Bact.Sp 3230.JPG","72.0"
"GCREC_Bact.Sp 3231.JPG","72.0"
"GCREC_Bact.Sp 3232.JPG","72.0"
"GCREC_Bact.Sp 3233.JPG","72.0"
"GCREC_Bact.Sp 3234.JPG","73.0"
"GCREC_Bact.Sp 3235.JPG","73.0"
"GCREC_Bact.Sp 3236.JPG","73.0"
"GCREC_Bact.Sp 3237.JPG","73.0"
"GCREC_Bact.Sp 3238.JPG","74.0"
"GCREC_Bact.Sp 3239.JPG","74.0"
"GCREC_Bact.Sp 3240.JPG","74.0"
"GCREC_Bact.Sp 3241.JPG","74.0"
"GCREC_Bact.Sp 3242.JPG","75.0"
"GCREC_Bact.Sp 3243.JPG","75.0"
"GCREC_Bact.Sp 3244.JPG","75.0"
"GCREC_Bact.Sp 3245.JPG","75.0"
"GCREC_Bact.Sp 3246.JPG","76.0"
"GCREC_Bact.Sp 3247.JPG","76.0"
"GCREC_Bact.Sp 3248.JPG","76.0"
"GCREC_Bact.Sp 3249.JPG","76.0"
"GCREC_Bact.Sp 3250.JPG","77.0"
"GCREC_Bact.Sp 3251.JPG","77.0"
"GCREC_Bact.Sp 3252.JPG","77.0"
"GCREC_Bact.Sp 3253.JPG","77.0"
"GCREC_Bact.Sp 3254.JPG","78.0"
"GCREC_Bact.Sp 3255.JPG","78.0"
"GCREC_Bact.Sp 3256.JPG","78.0"
"GCREC_Bact.Sp 3257.JPG","78.0"
"GCREC_Bact.Sp 3258.JPG","79.0"
"GCREC_Bact.Sp 3259.JPG","79.0"
"GCREC_Bact.Sp 3260.JPG","79.0"
"GCREC_Bact.Sp 3261.JPG","79.0"
"GCREC_Bact.Sp 3262.JPG","80.0"
"GCREC_Bact.Sp 3263.JPG","80.0"
"GCREC_Bact.Sp 3264.JPG","80.0"
"GCREC_Bact.Sp 3265.JPG","80.0"
"GCREC_Bact.Sp 3266.JPG","81.0"
"GCREC_Bact.Sp 3267.JPG","81.0"
"GCREC_Bact.Sp 3268.JPG","81.0"
"GCREC_Bact.Sp 3269.JPG","81.0"
"GCREC_Bact.Sp 3270.JPG","82.0"
"GCREC_Bact.Sp 3271.JPG","82.0"
"GCREC_Bact.Sp 3272.JPG","82.0"
"GCREC_Bact.Sp 3273.JPG","82.0"
"GCREC_Bact.Sp 3274.JPG","83.0"
"GCREC_Bact.Sp 3275.JPG","83.0"
"GCREC_Bact.Sp 3276.JPG","83.0"
"GCREC_Bact.Sp 3277.JPG","83.0"
"GCREC_Bact.Sp 3278.JPG","84.0"
"GCREC_Bact.Sp 3279.JPG","84.0"
"GCREC_Bact.Sp 3280.JPG","84.0"
"GCREC_Bact.Sp 3281.JPG","84.0"
"GCREC_Bact.Sp 3282.JPG","85.0"
"GCREC_Bact.Sp 3283.JPG","85.0"
"GCREC_Bact.Sp 3284.JPG","85.0"
"GCREC_Bact.Sp 3285.JPG","85.0"
"GCREC_Bact.Sp 3286.JPG","86.0"
"GCREC_Bact.Sp 3287.JPG","86.0"
"GCREC_Bact.Sp 3288.JPG","86.0"
"GCREC_Bact.Sp 3289.JPG","86.0"
"GCREC_Bact.Sp 3290.JPG","87.0"
"GCREC_Bact.Sp 3291.JPG","87.0"
"GCREC_Bact.Sp 3292.JPG","87.0"
"GCREC_Bact.Sp 3293.JPG","87.0"
"GCREC_Bact.Sp 3294.JPG","88.0"
"GCREC_Bact.Sp 3295.JPG","88.0"
"GCREC_Bact.Sp 3296.JPG","88.0"
"GCREC_Bact.Sp 3297.JPG","88.0"
"GCREC_Bact.Sp 3298.JPG","89.0"
"GCREC_Bact.Sp 3299.JPG","89.0"
"GCREC_Bact.Sp 3300.JPG","89.0"
"GCREC_Bact.Sp 3301.JPG","89.0"
"GCREC_Bact.Sp 3302.JPG","90.0"
"GCREC_Bact.Sp 3303.JPG","90.0"
"GCREC_Bact.Sp 3304.JPG","90.0"
"GCREC_Bact.Sp 3305.JPG","90.0"
"GCREC_Bact.Sp 3306.JPG","91.0"
"GCREC_Bact.Sp 3307.JPG","91.0"
"GCREC_Bact.Sp 3308.JPG","91.0"
"GCREC_Bact.Sp 3309.JPG","91.0"
"GCREC_Bact.Sp 3310.JPG","92.0"
"GCREC_Bact.Sp 3311.JPG","92.0"
"GCREC_Bact.Sp 3312.JPG","92.0"
"GCREC_Bact.Sp 3313.JPG","92.0"
"GCREC_Bact.Sp 3314.JPG","93.0"
"GCREC_Bact.Sp 3315.JPG","93.0"
"GCREC_Bact.Sp 3316.JPG","93.0"
"GCREC_Bact.Sp 3317.JPG","93.0"
"GCREC_Bact.Sp 3318.JPG","94.0"
"GCREC_Bact.Sp 3319.JPG","94.0"
"GCREC_Bact.Sp 3320.JPG","94.0"
"GCREC_Bact.Sp 3321.JPG","94.0"
"GCREC_Bact.Sp 3322.JPG","95.0"
"GCREC_Bact.Sp 3323.JPG","95.0"
"GCREC_Bact.Sp 3324.JPG","95.0"
"GCREC_Bact.Sp 3325.JPG","95.0"
"GCREC_Bact.Sp 3326.JPG","96.0"
"GCREC_Bact.Sp 3327.JPG","96.0"
"GCREC_Bact.Sp 3328.JPG","96.0"
"GCREC_Bact.Sp 3329.JPG","96.0"
"GCREC_Bact.Sp 3330.JPG","97.0"
"GCREC_Bact.Sp 3331.JPG","97.0"
"GCREC_Bact.Sp 3332.JPG","97.0"
"GCREC_Bact.Sp 3333.JPG","97.0"
"GCREC_Bact.Sp 3334.JPG","98.0"
"GCREC_Bact.Sp 3335.JPG","98.0"
"GCREC_Bact.Sp 3336.JPG","98.0"
"GCREC_Bact.Sp 3337.JPG","98.0"
"GCREC_Bact.Sp 3338.JPG","99.0"
"GCREC_Bact.Sp 3339.JPG","99.0"
"GCREC_Bact.Sp 3340.JPG","99.0"
"GCREC_Bact.Sp 3341.JPG","99.0"
"GCREC_Bact.Sp 3342.JPG","100.0"
"GCREC_Bact.Sp 3343.JPG","100.0"
"GCREC_Bact.Sp 3344.JPG","100.0"
"GCREC_Bact.Sp 3345.JPG","100.0"
"GCREC_Bact.Sp 3346.JPG","101.0"
"GCREC_Bact.Sp 3347.JPG","101.0"
"GCREC_Bact.Sp 3348.JPG","101.0"
"GCREC_Bact.Sp 3349.JPG","101.0"
"GCREC_Bact.Sp 3350.JPG","102.0"
"GCREC_Bact.Sp 3351.JPG","102.0"
"GCREC_Bact.Sp 3352.JPG","102.0"
"GCREC_Bact.Sp 3353.JPG","102.0"
"GCREC_Bact.Sp 3354.JPG","103.0"
"GCREC_Bact.Sp 3355.JPG","103.0"
"GCREC_Bact.Sp 3356.JPG","103.0"
"GCREC_Bact.Sp 3357.JPG","103.0"
"GCREC_Bact.Sp 3358.JPG","104.0"
"GCREC_Bact.Sp 3359.JPG","104.0"
"GCREC_Bact.Sp 3360.JPG","104.0"
"GCREC_Bact.Sp 3361.JPG","104.0"
"GCREC_Bact.Sp 3362.JPG","105.0"
"GCREC_Bact.Sp 3363.JPG","105.0"
"GCREC_Bact.Sp 3364.JPG","105.0"
"GCREC_Bact.Sp 3365.JPG","105.0"
"GCREC_Bact.Sp 3366.JPG","106.0"
"GCREC_Bact.Sp 3367.JPG","106.0"
"GCREC_Bact.Sp 3368.JPG","106.0"
"GCREC_Bact.Sp 3369.JPG","106.0"
"GCREC_Bact.Sp 3370.JPG","107.0"
"GCREC_Bact.Sp 3371.JPG","107.0"
"GCREC_Bact.Sp 3372.JPG","107.0"
"GCREC_Bact.Sp 3373.JPG","107.0"
"GCREC_Bact.Sp 3374.JPG","108.0"
"GCREC_Bact.Sp 3375.JPG","108.0"
"GCREC_Bact.Sp 3376.JPG","108.0"
"GCREC_Bact.Sp 3377.JPG","108.0"
"GCREC_Bact.Sp 3378.JPG","109.0"
"GCREC_Bact.Sp 3379.JPG","109.0"
"GCREC_Bact.Sp 3380.JPG","109.0"
"GCREC_Bact.Sp 3381.JPG","109.0"
"GCREC_Bact.Sp 3382.JPG","110.0"
"GCREC_Bact.Sp 3383.JPG","110.0"
"GCREC_Bact.Sp 3384.JPG","110.0"
"GCREC_Bact.Sp 3385.JPG","110.0"
"GCREC_Bact.Sp 3386.JPG","111.0"
"GCREC_Bact.Sp 3387.JPG","111.0"
"GCREC_Bact.Sp 3388.JPG","111.0"
"GCREC_Bact.Sp 3389.JPG","111.0"
"GCREC_Bact.Sp 3390.JPG","112.0"
"GCREC_Bact.Sp 3391.JPG","112.0"
"GCREC_Bact.Sp 3392.JPG","112.0"
"GCREC_Bact.Sp 3393.JPG","112.0"
"GCREC_Bact.Sp 3394.JPG","113.0"
"GCREC_Bact.Sp 3395.JPG","113.0"
"GCREC_Bact.Sp 3396.JPG","113.0"
"GCREC_Bact.Sp 3397.JPG","113.0"
"GCREC_Bact.Sp 3398.JPG","114.0"
"GCREC_Bact.Sp 3399.JPG","114.0"
"GCREC_Bact.Sp 3400.JPG","114.0"
"GCREC_Bact.Sp 3401.JPG","114.0"
"GCREC_Bact.Sp 3402.JPG","115.0"
"GCREC_Bact.Sp 3403.JPG","115.0"
"GCREC_Bact.Sp 3404.JPG","115.0"
"GCREC_Bact.Sp 3405.JPG","115.0"
"GCREC_Bact.Sp 3406.JPG","116.0"
"GCREC_Bact.Sp 3407.JPG","116.0"
"GCREC_Bact.Sp 3408.JPG","116.0"
"GCREC_Bact.Sp 3409.JPG","116.0"
"GCREC_Bact.Sp 3410.JPG","117.0"
"GCREC_Bact.Sp 3411.JPG","117.0"
"GCREC_Bact.Sp 3412.JPG","117.0"
"GCREC_Bact.Sp 3413.JPG","117.0"
"GCREC_Bact.Sp 3414.JPG","118.0"
"GCREC_Bact.Sp 3415.JPG","118.0"
"GCREC_Bact.Sp 3416.JPG","118.0"
"GCREC_Bact.Sp 3417.JPG","118.0"
"GCREC_Bact.Sp 3418.JPG","119.0"
"GCREC_Bact.Sp 3419.JPG","119.0"
"GCREC_Bact.Sp 3420.JPG","119.0"
"GCREC_Bact.Sp 3421.JPG","119.0"
"GCREC_Bact.Sp 3422.JPG","120.0"
"GCREC_Bact.Sp 3423.JPG","120.0"
"GCREC_Bact.Sp 3424.JPG","120.0"
"GCREC_Bact.Sp 3425.JPG","120.0"
"GCREC_Bact.Sp 3426.JPG","121.0"
"GCREC_Bact.Sp 3427.JPG","121.0"
"GCREC_Bact.Sp 3428.JPG","121.0"
"GCREC_Bact.Sp 3429.JPG","121.0"
"GCREC_Bact.Sp 3430.JPG","122.0"
"GCREC_Bact.Sp 3431.JPG","122.0"
"GCREC_Bact.Sp 3432.JPG","122.0"
"GCREC_Bact.Sp 3433.JPG","122.0"
"GCREC_Bact.Sp 3434.JPG","123.0"
"GCREC_Bact.Sp 3435.JPG","123.0"
"GCREC_Bact.Sp 3436.JPG","123.0"
"GCREC_Bact.Sp 3437.JPG","123.0"
"GCREC_Bact.Sp 3438.JPG","124.0"
"GCREC_Bact.Sp 3439.JPG","124.0"
"GCREC_Bact.Sp 3440.JPG","124.0"
"GCREC_Bact.Sp 3441.JPG","124.0"
"GCREC_Bact.Sp 3442.JPG","125.0"
"GCREC_Bact.Sp 3443.JPG","125.0"
"GCREC_Bact.Sp 3444.JPG","125.0"
"GCREC_Bact.Sp 3445.JPG","125.0"
"GCREC_Bact.Sp 3446.JPG","126.0"
"GCREC_Bact.Sp 3447.JPG","126.0"
"GCREC_Bact.Sp 3448.JPG","126.0"
"GCREC_Bact.Sp 3449.JPG","126.0"
"GCREC_Bact.Sp 3450.JPG","127.0"
"GCREC_Bact.Sp 3451.JPG","127.0"
"GCREC_Bact.Sp 3452.JPG","127.0"
"GCREC_Bact.Sp 3453.JPG","127.0"
"GCREC_Bact.Sp 3454.JPG","128.0"
"GCREC_Bact.Sp 3455.JPG","128.0"
"GCREC_Bact.Sp 3456.JPG","128.0"
"GCREC_Bact.Sp 3457.JPG","128.0"
"GCREC_Bact.Sp 3458.JPG","129.0"
"GCREC_Bact.Sp 3459.JPG","129.0"
"GCREC_Bact.Sp 3460.JPG","129.0"
"GCREC_Bact.Sp 3461.JPG","129.0"
"GCREC_Bact.Sp 3462.JPG","130.0"
"GCREC_Bact.Sp 3463.JPG","130.0"
"GCREC_Bact.Sp 3464.JPG","130.0"
"GCREC_Bact.Sp 3465.JPG","130.0"
"GCREC_Bact.Sp 3466.JPG","131.0"
"GCREC_Bact.Sp 3467.JPG","131.0"
"GCREC_Bact.Sp 3468.JPG","131.0"
"GCREC_Bact.Sp 3469.JPG","131.0"
"GCREC_Bact.Sp 3470.JPG","132.0"
"GCREC_Bact.Sp 3471.JPG","132.0"
"GCREC_Bact.Sp 3472.JPG","132.0"
"GCREC_Bact.Sp 3473.JPG","132.0"
"GCREC_Bact.Sp 3474.JPG","133.0"
"GCREC_Bact.Sp 3475.JPG","133.0"
"GCREC_Bact.Sp 3476.JPG","133.0"
"GCREC_Bact.Sp 3477.JPG","133.0"
"GCREC_Bact.Sp 3479.JPG","134.0"
"GCREC_Bact.Sp 3480.JPG","134.0"
"GCREC_Bact.Sp 3481.JPG","134.0"
"GCREC_Bact.Sp 3482.JPG","134.0"
"GCREC_Bact.Sp 3483.JPG","135.0"
"GCREC_Bact.Sp 3484.JPG","135.0"
"GCREC_Bact.Sp 3485.JPG","135.0"
"GCREC_Bact.Sp 3486.JPG","135.0"
"GCREC_Bact.Sp 3487.JPG","136.0"
"GCREC_Bact.Sp 3488.JPG","136.0"
"GCREC_Bact.Sp 3489.JPG","136.0"
"GCREC_Bact.Sp 3490.JPG","136.0"
"GCREC_Bact.Sp 3491.JPG","137.0"
"GCREC_Bact.Sp 3492.JPG","137.0"
"GCREC_Bact.Sp 3493.JPG","137.0"
"GCREC_Bact.Sp 3494.JPG","137.0"
"GCREC_Bact.Sp 3495.JPG","138.0"
"GCREC_Bact.Sp 3496.JPG","138.0"
"GCREC_Bact.Sp 3497.JPG","138.0"
"GCREC_Bact.Sp 3498.JPG","138.0"
"GCREC_Bact.Sp 3499.JPG","139.0"
"GCREC_Bact.Sp 3500.JPG","139.0"
"GCREC_Bact.Sp 3501.JPG","139.0"
"GCREC_Bact.Sp 3502.JPG","139.0"
"GCREC_Bact.Sp 3503.JPG","140.0"
"GCREC_Bact.Sp 3504.JPG","140.0"
"GCREC_Bact.Sp 3505.JPG","140.0"
"GCREC_Bact.Sp 3506.JPG","140.0"
"GCREC_Bact.Sp 3507.JPG","141.0"
"GCREC_Bact.Sp 3508.JPG","141.0"
"GCREC_Bact.Sp 3509.JPG","141.0"
"GCREC_Bact.Sp 3510.JPG","141.0"
"GCREC_Bact.Sp 3511.JPG","142.0"
"GCREC_Bact.Sp 3512.JPG","142.0"
"GCREC_Bact.Sp 3513.JPG","142.0"
"GCREC_Bact.Sp 3514.JPG","142.0"
"GCREC_Bact.Sp 3515.JPG","143.0"
"GCREC_Bact.Sp 3516.JPG","143.0"
"GCREC_Bact.Sp 3517.JPG","143.0"
"GCREC_Bact.Sp 3518.JPG","143.0"
"GCREC_Bact.Sp 3519.JPG","144.0"
"GCREC_Bact.Sp 3520.JPG","144.0"
"GCREC_Bact.Sp 3521.JPG","144.0"
"GCREC_Bact.Sp 3522.JPG","144.0"
"GCREC_Bact.Sp 3523.JPG","145.0"
"GCREC_Bact.Sp 3524.JPG","145.0"
"GCREC_Bact.Sp 3525.JPG","145.0"
"GCREC_Bact.Sp 3526.JPG","145.0"
"GCREC_Bact.Sp 3527.JPG","146.0"
"GCREC_Bact.Sp 3528.JPG","146.0"
"GCREC_Bact.Sp 3529.JPG","146.0"
"GCREC_Bact.Sp 3530.JPG","146.0"
"GCREC_Bact.Sp 3531.JPG","147.0"
"GCREC_Bact.Sp 3532.JPG","147.0"
"GCREC_Bact.Sp 3533.JPG","147.0"
"GCREC_Bact.Sp 3534.JPG","147.0"
"GCREC_Bact.Sp 3535.JPG","148.0"
"GCREC_Bact.Sp 3536.JPG","148.0"
"GCREC_Bact.Sp 3537.JPG","148.0"
"GCREC_Bact.Sp 3538.JPG","148.0"
"GCREC_Bact.Sp 3539.JPG","149.0"
"GCREC_Bact.Sp 3540.JPG","149.0"
"GCREC_Bact.Sp 3541.JPG","149.0"
"GCREC_Bact.Sp 3542.JPG","149.0"
"GCREC_Bact.Sp 3544.JPG","150.0"
"GCREC_Bact.Sp 3545.JPG","150.0"
"GCREC_Bact.Sp 3546.JPG","150.0"
"GCREC_Bact.Sp 3547.JPG","150.0"
"GCREC_Bact.Sp 3548.JPG","151.0"
"GCREC_Bact.Sp 3549.JPG","151.0"
"GCREC_Bact.Sp 3550.JPG","151.0"
"GCREC_Bact.Sp 3551.JPG","151.0"
"GCREC_Bact.Sp 3552.JPG","152.0"
"GCREC_Bact.Sp 3553.JPG","152.0"
"GCREC_Bact.Sp 3554.JPG","152.0"
"GCREC_Bact.Sp 3555.JPG","152.0"
"GCREC_Bact.Sp 3556.JPG","153.0"
"GCREC_Bact.Sp 3557.JPG","153.0"
"GCREC_Bact.Sp 3558.JPG","153.0"
"GCREC_Bact.Sp 3559.JPG","153.0"
"GCREC_Bact.Sp 3560.JPG","154.0"
"GCREC_Bact.Sp 3561.JPG","154.0"
"GCREC_Bact.Sp 3562.JPG","154.0"
"GCREC_Bact.Sp 3563.JPG","154.0"
"GCREC_Bact.Sp 3564.JPG","155.0"
"GCREC_Bact.Sp 3565.JPG","155.0"
"GCREC_Bact.Sp 3566.JPG","155.0"
"GCREC_Bact.Sp 3567.JPG","155.0"
"GCREC_Bact.Sp 3568.JPG","156.0"
"GCREC_Bact.Sp 3569.JPG","156.0"
"GCREC_Bact.Sp 3570.JPG","156.0"
"GCREC_Bact.Sp 3571.JPG","156.0"
"GCREC_Bact.Sp 3572.JPG","157.0"
"GCREC_Bact.Sp 3573.JPG","157.0"
"GCREC_Bact.Sp 3574.JPG","157.0"
"GCREC_Bact.Sp 3575.JPG","157.0"
"GCREC_Bact.Sp 3576.JPG","158.0"
"GCREC_Bact.Sp 3577.JPG","158.0"
"GCREC_Bact.Sp 3578.JPG","158.0"
"GCREC_Bact.Sp 3579.JPG","158.0"
"GCREC_Bact.Sp 3580.JPG","159.0"
"GCREC_Bact.Sp 3581.JPG","159.0"
"GCREC_Bact.Sp 3582.JPG","159.0"
"GCREC_Bact.Sp 3583.JPG","159.0"
"GCREC_Bact.Sp 3584.JPG","160.0"
"GCREC_Bact.Sp 3585.JPG","160.0"
"GCREC_Bact.Sp 3586.JPG","160.0"
"GCREC_Bact.Sp 3587.JPG","160.0"
"GCREC_Bact.Sp 3588.JPG","161.0"
"GCREC_Bact.Sp 3589.JPG","161.0"
"GCREC_Bact.Sp 3590.JPG","161.0"
"GCREC_Bact.Sp 3591.JPG","161.0"
"GCREC_Bact.Sp 3592.JPG","162.0"
"GCREC_Bact.Sp 3593.JPG","162.0"
"GCREC_Bact.Sp 3594.JPG","162.0"
"GCREC_Bact.Sp 3595.JPG","162.0"
"GCREC_Bact.Sp 3596.JPG","163.0"
"GCREC_Bact.Sp 3597.JPG","163.0"
"GCREC_Bact.Sp 3598.JPG","163.0"
"GCREC_Bact.Sp 3599.JPG","163.0"
"GCREC_Bact.Sp 3600.JPG","164.0"
"GCREC_Bact.Sp 3601.JPG","164.0"
"GCREC_Bact.Sp 3602.JPG","164.0"
"GCREC_Bact.Sp 3603.JPG","164.0"
"GCREC_Bact.Sp 3604.JPG","165.0"
"GCREC_Bact.Sp 3605.JPG","165.0"
"GCREC_Bact.Sp 3606.JPG","165.0"
"GCREC_Bact.Sp 3607.JPG","165.0"
"GCREC_Bact.Sp 3608.JPG","166.0"
"GCREC_Bact.Sp 3609.JPG","166.0"
"GCREC_Bact.Sp 3610.JPG","166.0"
"GCREC_Bact.Sp 3611.JPG","166.0"
"GCREC_Bact.Sp 3612.JPG","167.0"
"GCREC_Bact.Sp 3613.JPG","167.0"
"GCREC_Bact.Sp 3614.JPG","167.0"
"GCREC_Bact.Sp 3615.JPG","167.0"
"GCREC_Bact.Sp 3616.JPG","168.0"
"GCREC_Bact.Sp 3617.JPG","168.0"
"GCREC_Bact.Sp 3618.JPG","168.0"
"GCREC_Bact.Sp 3619.JPG","168.0"
"GCREC_Bact.Sp 3620.JPG","169.0"
"GCREC_Bact.Sp 3621.JPG","169.0"
"GCREC_Bact.Sp 3622.JPG","169.0"
"GCREC_Bact.Sp 3623.JPG","169.0"
"GCREC_Bact.Sp 3624.JPG","170.0"
"GCREC_Bact.Sp 3625.JPG","170.0"
"GCREC_Bact.Sp 3626.JPG","170.0"
"GCREC_Bact.Sp 3627.JPG","170.0"
"GCREC_Bact.Sp 3628.JPG","171.0"
"GCREC_Bact.Sp 3629.JPG","171.0"
"GCREC_Bact.Sp 3630.JPG","171.0"
"GCREC_Bact.Sp 3631.JPG","171.0"
"GCREC_Bact.Sp 3632.JPG","172.0"
"GCREC_Bact.Sp 3633.JPG","172.0"
"GCREC_Bact.Sp 3634.JPG","172.0"
"GCREC_Bact.Sp 3635.JPG","172.0"
"GCREC_Bact.Sp 3636.JPG","173.0"
"GCREC_Bact.Sp 3637.JPG","173.0"
"GCREC_Bact.Sp 3638.JPG","173.0"
"GCREC_Bact.Sp 3639.JPG","173.0"
"GCREC_Bact.Sp 3640.JPG","174.0"
"GCREC_Bact.Sp 3641.JPG","174.0"
"GCREC_Bact.Sp 3642.JPG","174.0"
"GCREC_Bact.Sp 3643.JPG","174.0"
"GCREC_Bact.Sp 3644.JPG","175.0"
"GCREC_Bact.Sp 3645.JPG","175.0"
"GCREC_Bact.Sp 3646.JPG","175.0"
"GCREC_Bact.Sp 3647.JPG","175.0"
"GCREC_Bact.Sp 3648.JPG","176.0"
"GCREC_Bact.Sp 3649.JPG","176.0"
"GCREC_Bact.Sp 3650.JPG","176.0"
"GCREC_Bact.Sp 3651.JPG","176.0"
"GCREC_Bact.Sp 3652.JPG","177.0"
"GCREC_Bact.Sp 3653.JPG","177.0"
"GCREC_Bact.Sp 3654.JPG","177.0"
"GCREC_Bact.Sp 3655.JPG","177.0"
"GCREC_Bact.Sp 3656.JPG","178.0"
"GCREC_Bact.Sp 3657.JPG","178.0"
"GCREC_Bact.Sp 3658.JPG","178.0"
"GCREC_Bact.Sp 3659.JPG","178.0"
"GCREC_Bact.Sp 3660.JPG","179.0"
"GCREC_Bact.Sp 3661.JPG","179.0"
"GCREC_Bact.Sp 3662.JPG","179.0"
"GCREC_Bact.Sp 3663.JPG","179.0"
"GCREC_Bact.Sp 3664.JPG","180.0"
"GCREC_Bact.Sp 3665.JPG","180.0"
"GCREC_Bact.Sp 3666.JPG","180.0"
"GCREC_Bact.Sp 3667.JPG","180.0"
"GCREC_Bact.Sp 3668.JPG","181.0"
"GCREC_Bact.Sp 3669.JPG","181.0"
"GCREC_Bact.Sp 3670.JPG","181.0"
"GCREC_Bact.Sp 3671.JPG","181.0"
"GCREC_Bact.Sp 3672.JPG","182.0"
"GCREC_Bact.Sp 3673.JPG","182.0"
"GCREC_Bact.Sp 3674.JPG","182.0"
"GCREC_Bact.Sp 3675.JPG","182.0"
"GCREC_Bact.Sp 3676.JPG","183.0"
"GCREC_Bact.Sp 3677.JPG","183.0"
"GCREC_Bact.Sp 3678.JPG","183.0"
"GCREC_Bact.Sp 3679.JPG","183.0"
"GCREC_Bact.Sp 3680.JPG","184.0"
"GCREC_Bact.Sp 3681.JPG","184.0"
"GCREC_Bact.Sp 3682.JPG","184.0"
"GCREC_Bact.Sp 3683.JPG","184.0"
"GCREC_Bact.Sp 3684.JPG","185.0"
"GCREC_Bact.Sp 3685.JPG","185.0"
"GCREC_Bact.Sp 3686.JPG","185.0"
"GCREC_Bact.Sp 3687.JPG","185.0"
"GCREC_Bact.Sp 3688.JPG","186.0"
"GCREC_Bact.Sp 3689.JPG","186.0"
"GCREC_Bact.Sp 3690.JPG","186.0"
"GCREC_Bact.Sp 3691.JPG","186.0"
"GCREC_Bact.Sp 3692.JPG","187.0"
"GCREC_Bact.Sp 3693.JPG","187.0"
"GCREC_Bact.Sp 3694.JPG","187.0"
"GCREC_Bact.Sp 3695.JPG","187.0"
"GCREC_Bact.Sp 3696.JPG","188.0"
"GCREC_Bact.Sp 3697.JPG","188.0"
"GCREC_Bact.Sp 3698.JPG","188.0"
"GCREC_Bact.Sp 3699.JPG","188.0"
"GCREC_Bact.Sp 3700.JPG","189.0"
"GCREC_Bact.Sp 3701.JPG","189.0"
"GCREC_Bact.Sp 3702.JPG","189.0"
"GCREC_Bact.Sp 3703.JPG","189.0"
"GCREC_Bact.Sp 3704.JPG","190.0"
"GCREC_Bact.Sp 3705.JPG","190.0"
"GCREC_Bact.Sp 3706.JPG","190.0"
"GCREC_Bact.Sp 3707.JPG","190.0"
"GCREC_Bact.Sp 3708.JPG","191.0"
"GCREC_Bact.Sp 3709.JPG","191.0"
"GCREC_Bact.Sp 3710.JPG","191.0"
"GCREC_Bact.Sp 3711.JPG","191.0"
"GCREC_Bact.Sp 3712.JPG","192.0"
"GCREC_Bact.Sp 3713.JPG","192.0"
"GCREC_Bact.Sp 3714.JPG","192.0"
"GCREC_Bact.Sp 3715.JPG","192.0"
"GCREC_Bact.Sp 3716.JPG","193.0"
"GCREC_Bact.Sp 3717.JPG","193.0"
"GCREC_Bact.Sp 3718.JPG","193.0"
"GCREC_Bact.Sp 3719.JPG","193.0"
"GCREC_Bact.Sp 3721.JPG","194.0"
"GCREC_Bact.Sp 3722.JPG","194.0"
"GCREC_Bact.Sp 3723.JPG","194.0"
"GCREC_Bact.Sp 3725.JPG","194.0"
"GCREC_Bact.Sp 3726.JPG","195.0"
"GCREC_Bact.Sp 3727.JPG","195.0"
"GCREC_Bact.Sp 3728.JPG","195.0"
"GCREC_Bact.Sp 3729.JPG","195.0"
"GCREC_Bact.Sp 3730.JPG","196.0"
"GCREC_Bact.Sp 3731.JPG","196.0"
"GCREC_Bact.Sp 3732.JPG","196.0"
"GCREC_Bact.Sp 3733.JPG","196.0"
"GCREC_Bact.Sp 3734.JPG","197.0"
"GCREC_Bact.Sp 3735.JPG","197.0"
"GCREC_Bact.Sp 3736.JPG","197.0"
"GCREC_Bact.Sp 3737.JPG","197.0"
"GCREC_Bact.Sp 3738.JPG","198.0"
"GCREC_Bact.Sp 3739.JPG","198.0"
"GCREC_Bact.Sp 3740.JPG","198.0"
"GCREC_Bact.Sp 3741.JPG","198.0"
"GCREC_Bact.Sp 3742.JPG","199.0"
"GCREC_Bact.Sp 3743.JPG","199.0"
"GCREC_Bact.Sp 3744.JPG","199.0"
"GCREC_Bact.Sp 3745.JPG","199.0"
"GCREC_Bact.Sp 3746.JPG","200.0"
"GCREC_Bact.Sp 3747.JPG","200.0"
"GCREC_Bact.Sp 3748.JPG","200.0"
"GCREC_Bact.Sp 3749.JPG","200.0"
"GCREC_Bact.Sp 3750.JPG","201.0"
"GCREC_Bact.Sp 3751.JPG","201.0"
"GCREC_Bact.Sp 3752.JPG","201.0"
"GCREC_Bact.Sp 3753.JPG","201.0"
"GCREC_Bact.Sp 3754.JPG","202.0"
"GCREC_Bact.Sp 3755.JPG","202.0"
"GCREC_Bact.Sp 3756.JPG","202.0"
"GCREC_Bact.Sp 3757.JPG","202.0"
"GCREC_Bact.Sp 3758.JPG","203.0"
"GCREC_Bact.Sp 3759.JPG","203.0"
"GCREC_Bact.Sp 3760.JPG","203.0"
"GCREC_Bact.Sp 3761.JPG","203.0"
"GCREC_Bact.Sp 3762.JPG","204.0"
"GCREC_Bact.Sp 3763.JPG","204.0"
"GCREC_Bact.Sp 3764.JPG","204.0"
"GCREC_Bact.Sp 3765.JPG","204.0"
"GCREC_Bact.Sp 3766.JPG","205.0"
"GCREC_Bact.Sp 3767.JPG","205.0"
"GCREC_Bact.Sp 3768.JPG","205.0"
"GCREC_Bact.Sp 3769.JPG","205.0"
"GCREC_Bact.Sp 3770.JPG","206.0"
"GCREC_Bact.Sp 3771.JPG","206.0"
"GCREC_Bact.Sp 3772.JPG","206.0"
"GCREC_Bact.Sp 3773.JPG","206.0"
"GCREC_Bact.Sp 3774.JPG","207.0"
"GCREC_Bact.Sp 3775.JPG","207.0"
"GCREC_Bact.Sp 3776.JPG","207.0"
"GCREC_Bact.Sp 3777.JPG","207.0"
"GCREC_Bact.Sp 3778.JPG","208.0"
"GCREC_Bact.Sp 3779.JPG","208.0"
"GCREC_Bact.Sp 3780.JPG","208.0"
"GCREC_Bact.Sp 3781.JPG","208.0"
"GCREC_Bact.Sp 3782.JPG","209.0"
"GCREC_Bact.Sp 3783.JPG","209.0"
"GCREC_Bact.Sp 3784.JPG","209.0"
"GCREC_Bact.Sp 3785.JPG","209.0"
"GCREC_Bact.Sp 3786.JPG","210.0"
"GCREC_Bact.Sp 3787.JPG","210.0"
"GCREC_Bact.Sp 3788.JPG","210.0"
"GCREC_Bact.Sp 3789.JPG","210.0"
"GCREC_Bact.Sp 3790.JPG","211.0"
"GCREC_Bact.Sp 3791.JPG","211.0"
"GCREC_Bact.Sp 3792.JPG","211.0"
"GCREC_Bact.Sp 3793.JPG","211.0"
"GCREC_Bact.Sp 3794.JPG","212.0"
"GCREC_Bact.Sp 3795.JPG","212.0"
"GCREC_Bact.Sp 3796.JPG","212.0"
"GCREC_Bact.Sp 3797.JPG","212.0"
"GCREC_Bact.Sp 3798.JPG","213.0"
"GCREC_Bact.Sp 3799.JPG","213.0"
"GCREC_Bact.Sp 3800.JPG","213.0"
"GCREC_Bact.Sp 3801.JPG","213.0"
"GCREC_Bact.Sp 3803.JPG","214.0"
"GCREC_Bact.Sp 3804.JPG","214.0"
"GCREC_Bact.Sp 3805.JPG","214.0"
"GCREC_Bact.Sp 3806.JPG","214.0"
"GCREC_Bact.Sp 3807.JPG","215.0"
"GCREC_Bact.Sp 3808.JPG","215.0"
"GCREC_Bact.Sp 3809.JPG","215.0"
"GCREC_Bact.Sp 3810.JPG","215.0"
"GCREC_Bact.Sp 3811.JPG","216.0"
"GCREC_Bact.Sp 3812.JPG","216.0"
"GCREC_Bact.Sp 3813.JPG","216.0"
"GCREC_Bact.Sp 3814.JPG","216.0"
"GCREC_Bact.Sp 3815.JPG","217.0"
"GCREC_Bact.Sp 3816.JPG","217.0"
"GCREC_Bact.Sp 3817.JPG","217.0"
"GCREC_Bact.Sp 3818.JPG","217.0"
"GCREC_Bact.Sp 3819.JPG","218.0"
"GCREC_Bact.Sp 3820.JPG","218.0"
"GCREC_Bact.Sp 3821.JPG","218.0"
"GCREC_Bact.Sp 3822.JPG","218.0"
"GCREC_Bact.Sp 3823.JPG","219.0"
"GCREC_Bact.Sp 3824.JPG","219.0"
"GCREC_Bact.Sp 3825.JPG","219.0"
"GCREC_Bact.Sp 3826.JPG","219.0"
"GCREC_Bact.Sp 3827.JPG","220.0"
"GCREC_Bact.Sp 3828.JPG","220.0"
"GCREC_Bact.Sp 3829.JPG","220.0"
"GCREC_Bact.Sp 3830.JPG","220.0"
"GCREC_Bact.Sp 3831.JPG","221.0"
"GCREC_Bact.Sp 3832.JPG","221.0"
"GCREC_Bact.Sp 3833.JPG","221.0"
"GCREC_Bact.Sp 3834.JPG","221.0"
"GCREC_Bact.Sp 3835.JPG","222.0"
"GCREC_Bact.Sp 3836.JPG","222.0"
"GCREC_Bact.Sp 3837.JPG","222.0"
"GCREC_Bact.Sp 3838.JPG","222.0"
"GCREC_Bact.Sp 3839.JPG","223.0"
"GCREC_Bact.Sp 3840.JPG","223.0"
"GCREC_Bact.Sp 3841.JPG","223.0"
"GCREC_Bact.Sp 3842.JPG","223.0"
"GCREC_Bact.Sp 3843.JPG","224.0"
"GCREC_Bact.Sp 3844.JPG","224.0"
"GCREC_Bact.Sp 3845.JPG","224.0"
"GCREC_Bact.Sp 3846.JPG","224.0"
"GCREC_Bact.Sp 3847.JPG","225.0"
"GCREC_Bact.Sp 3848.JPG","225.0"
"GCREC_Bact.Sp 3849.JPG","225.0"
"GCREC_Bact.Sp 3850.JPG","225.0"
"GCREC_Bact.Sp 3851.JPG","226.0"
"GCREC_Bact.Sp 3852.JPG","226.0"
"GCREC_Bact.Sp 3853.JPG","226.0"
"GCREC_Bact.Sp 3854.JPG","226.0"
"GCREC_Bact.Sp 3855.JPG","227.0"
"GCREC_Bact.Sp 3856.JPG","227.0"
"GCREC_Bact.Sp 3857.JPG","227.0"
"GCREC_Bact.Sp 3858.JPG","227.0"
"GCREC_Bact.Sp 3859.JPG","228.0"
"GCREC_Bact.Sp 3860.JPG","228.0"
"GCREC_Bact.Sp 3861.JPG","228.0"
"GCREC_Bact.Sp 3862.JPG","228.0"
"GCREC_Bact.Sp 5543.JPG","229.0"
"GCREC_Bact.Sp 5544.JPG","229.0"
"GCREC_Bact.Sp 5545.JPG","229.0"
"GCREC_Bact.Sp 5546.JPG","229.0"
"GCREC_Bact.Sp 5547.JPG","230.0"
"GCREC_Bact.Sp 5548.JPG","230.0"
"GCREC_Bact.Sp 5549.JPG","230.0"
"GCREC_Bact.Sp 5550.JPG","230.0"
"GCREC_Bact.Sp 5551.JPG","231.0"
"GCREC_Bact.Sp 5552.JPG","231.0"
"GCREC_Bact.Sp 5553.JPG","231.0"
"GCREC_Bact.Sp 5554.JPG","231.0"
"GCREC_Bact.Sp 5555.JPG","232.0"
"GCREC_Bact.Sp 5556.JPG","232.0"
"GCREC_Bact.Sp 5557.JPG","232.0"
"GCREC_Bact.Sp 5558.JPG","232.0"
"GCREC_Bact.Sp 5559.JPG","233.0"
"GCREC_Bact.Sp 5560.JPG","233.0"
"GCREC_Bact.Sp 5561.JPG","233.0"
"GCREC_Bact.Sp 5562.JPG","233.0"
"GCREC_Bact.Sp 5563.JPG","234.0"
"GCREC_Bact.Sp 5564.JPG","234.0"
"GCREC_Bact.Sp 5565.JPG","234.0"
"GCREC_Bact.Sp 5566.JPG","234.0"
"GCREC_Bact.Sp 5567.JPG","235.0"
"GCREC_Bact.Sp 5568.JPG","235.0"
"GCREC_Bact.Sp 5569.JPG","235.0"
"GCREC_Bact.Sp 5570.JPG","235.0"
"GCREC_Bact.Sp 5571.JPG","236.0"
"GCREC_Bact.Sp 5572.JPG","236.0"
"GCREC_Bact.Sp 5573.JPG","236.0"
"GCREC_Bact.Sp 5574.JPG","236.0"
"GCREC_Bact.Sp 5575.JPG","237.0"
"GCREC_Bact.Sp 5576.JPG","237.0"
"GCREC_Bact.Sp 5577.JPG","237.0"
"GCREC_Bact.Sp 5578.JPG","237.0"
"GCREC_Bact.Sp 5579.JPG","238.0"
"GCREC_Bact.Sp 5580.JPG","238.0"
"GCREC_Bact.Sp 5581.JPG","238.0"
"GCREC_Bact.Sp 5582.JPG","238.0"
"GCREC_Bact.Sp 5583.JPG","239.0"
"GCREC_Bact.Sp 5584.JPG","239.0"
"GCREC_Bact.Sp 5585.JPG","239.0"
"GCREC_Bact.Sp 5586.JPG","239.0"
"GCREC_Bact.Sp 5587.JPG","240.0"
"GCREC_Bact.Sp 5588.JPG","240.0"
"GCREC_Bact.Sp 5589.JPG","240.0"
"GCREC_Bact.Sp 5590.JPG","240.0"
"GCREC_Bact.Sp 5591.JPG","241.0"
"GCREC_Bact.Sp 5592.JPG","241.0"
"GCREC_Bact.Sp 5593.JPG","241.0"
"GCREC_Bact.Sp 5594.JPG","241.0"
"GCREC_Bact.Sp 5595.JPG","242.0"
"GCREC_Bact.Sp 5596.JPG","242.0"
"GCREC_Bact.Sp 5597.JPG","242.0"
"GCREC_Bact.Sp 5598.JPG","242.0"
"GCREC_Bact.Sp 5599.JPG","243.0"
"GCREC_Bact.Sp 5600.JPG","243.0"
"GCREC_Bact.Sp 5601.JPG","243.0"
"GCREC_Bact.Sp 5602.JPG","243.0"
"GCREC_Bact.Sp 5603.JPG","244.0"
"GCREC_Bact.Sp 5604.JPG","244.0"
"GCREC_Bact.Sp 5605.JPG","244.0"
"GCREC_Bact.Sp 5606.JPG","244.0"
"GCREC_Bact.Sp 5607.JPG","245.0"
"GCREC_Bact.Sp 5608.JPG","245.0"
"GCREC_Bact.Sp 5609.JPG","245.0"
"GCREC_Bact.Sp 5610.JPG","245.0"
"GCREC_Bact.Sp 5611.JPG","246.0"
"GCREC_Bact.Sp 5612.JPG","246.0"
"GCREC_Bact.Sp 5613.JPG","246.0"
"GCREC_Bact.Sp 5614.JPG","246.0"
"GCREC_Bact.Sp 5615.JPG","247.0"
"GCREC_Bact.Sp 5616.JPG","247.0"
"GCREC_Bact.Sp 5617.JPG","247.0"
"GCREC_Bact.Sp 5618.JPG","247.0"
"GCREC_Bact.Sp 5619.JPG","248.0"
"GCREC_Bact.Sp 5620.JPG","248.0"
"GCREC_Bact.Sp 5621.JPG","248.0"
"GCREC_Bact.Sp 5622.JPG","248.0"
"GCREC_Bact.Sp 5623.JPG","249.0"
"GCREC_Bact.Sp 5624.JPG","249.0"
"GCREC_Bact.Sp 5625.JPG","249.0"
"GCREC_Bact.Sp 5626.JPG","249.0"
"GCREC_Bact.Sp 5627.JPG","250.0"
"GCREC_Bact.Sp 5628.JPG","250.0"
"GCREC_Bact.Sp 5629.JPG","250.0"
"GCREC_Bact.Sp 5630.JPG","250.0"
"GCREC_Bact.Sp 5631.JPG","251.0"
"GCREC_Bact.Sp 5632.JPG","251.0"
"GCREC_Bact.Sp 5633.JPG","251.0"
"GCREC_Bact.Sp 5634.JPG","251.0"
"GCREC_Bact.Sp 5635.JPG","252.0"
"GCREC_Bact.Sp 5636.JPG","252.0"
"GCREC_Bact.Sp 5637.JPG","252.0"
"GCREC_Bact.Sp 5638.JPG","252.0"
"GCREC_Bact.Sp 5639.JPG","253.0"
"GCREC_Bact.Sp 5640.JPG","253.0"
"GCREC_Bact.Sp 5641.JPG","253.0"
"GCREC_Bact.Sp 5642.JPG","253.0"
"GCREC_Bact.Sp 5643.JPG","254.0"
"GCREC_Bact.Sp 5644.JPG","254.0"
"GCREC_Bact.Sp 5645.JPG","254.0"
"GCREC_Bact.Sp 5646.JPG","254.0"
"GCREC_Bact.Sp 5647.JPG","255.0"
"GCREC_Bact.Sp 5648.JPG","255.0"
"GCREC_Bact.Sp 5649.JPG","255.0"
"GCREC_Bact.Sp 5650.JPG","255.0"
"GCREC_Bact.Sp 5651.JPG","256.0"
"GCREC_Bact.Sp 5652.JPG","256.0"
"GCREC_Bact.Sp 5653.JPG","256.0"
"GCREC_Bact.Sp 5654.JPG","256.0"
"GCREC_Bact.Sp 5655.JPG","257.0"
"GCREC_Bact.Sp 5656.JPG","257.0"
"GCREC_Bact.Sp 5657.JPG","257.0"
"GCREC_Bact.Sp 5658.JPG","257.0"
"GCREC_Bact.Sp 5659.JPG","258.0"
"GCREC_Bact.Sp 5660.JPG","258.0"
"GCREC_Bact.Sp 5661.JPG","258.0"
"GCREC_Bact.Sp 5662.JPG","258.0"
"GCREC_Bact.Sp 5663.JPG","259.0"
"GCREC_Bact.Sp 5664.JPG","259.0"
"GCREC_Bact.Sp 5665.JPG","259.0"
"GCREC_Bact.Sp 5666.JPG","259.0"
"GCREC_Bact.Sp 5667.JPG","260.0"
"GCREC_Bact.Sp 5668.JPG","260.0"
"GCREC_Bact.Sp 5669.JPG","260.0"
"GCREC_Bact.Sp 5670.JPG","260.0"
"GCREC_Bact.Sp 5671.JPG","261.0"
"GCREC_Bact.Sp 5672.JPG","261.0"
"GCREC_Bact.Sp 5673.JPG","261.0"
"GCREC_Bact.Sp 5674.JPG","261.0"
"GCREC_Bact.Sp 5675.JPG","262.0"
"GCREC_Bact.Sp 5676.JPG","262.0"
"GCREC_Bact.Sp 5677.JPG","262.0"
"GCREC_Bact.Sp 5678.JPG","262.0"
"GCREC_Bact.Sp 5679.JPG","263.0"
"GCREC_Bact.Sp 5680.JPG","263.0"
"GCREC_Bact.Sp 5681.JPG","263.0"
"GCREC_Bact.Sp 5682.JPG","263.0"
"GCREC_Bact.Sp 5683.JPG","264.0"
"GCREC_Bact.Sp 5684.JPG","264.0"
"GCREC_Bact.Sp 5685.JPG","264.0"
"GCREC_Bact.Sp 5686.JPG","264.0"
"GCREC_Bact.Sp 5687.JPG","265.0"
"GCREC_Bact.Sp 5688.JPG","265.0"
"GCREC_Bact.Sp 5689.JPG","265.0"
"GCREC_Bact.Sp 5690.JPG","265.0"
"GCREC_Bact.Sp 5691.JPG","266.0"
"GCREC_Bact.Sp 5692.JPG","266.0"
"GCREC_Bact.Sp 5693.JPG","266.0"
"GCREC_Bact.Sp 5694.JPG","266.0"
"GCREC_Bact.Sp 5695.JPG","267.0"
"GCREC_Bact.Sp 5696.JPG","267.0"
"GCREC_Bact.Sp 5697.JPG","267.0"
"GCREC_Bact.Sp 5698.JPG","267.0"
"GCREC_Bact.Sp 5699.JPG","268.0"
"GCREC_Bact.Sp 5700.JPG","268.0"
"GCREC_Bact.Sp 5701.JPG","268.0"
"GCREC_Bact.Sp 5702.JPG","268.0"
"GCREC_Bact.Sp 5703.JPG","269.0"
"GCREC_Bact.Sp 5704.JPG","269.0"
"GCREC_Bact.Sp 5705.JPG","269.0"
"GCREC_Bact.Sp 5706.JPG","269.0"
"GCREC_Bact.Sp 5707.JPG","270.0"
"GCREC_Bact.Sp 5708.JPG","270.0"
"GCREC_Bact.Sp 5709.JPG","270.0"
"GCREC_Bact.Sp 5710.JPG","270.0"
"GCREC_Bact.Sp 5711.JPG","271.0"
"GCREC_Bact.Sp 5712.JPG","271.0"
"GCREC_Bact.Sp 5713.JPG","271.0"
"GCREC_Bact.Sp 5714.JPG","271.0"
"GCREC_Bact.Sp 5715.JPG","272.0"
"GCREC_Bact.Sp 5716.JPG","272.0"
"GCREC_Bact.Sp 5717.JPG","272.0"
"GCREC_Bact.Sp 5718.JPG","272.0"
"GCREC_Bact.Sp 5719.JPG","273.0"
"GCREC_Bact.Sp 5720.JPG","273.0"
"GCREC_Bact.Sp 5721.JPG","273.0"
"GCREC_Bact.Sp 5722.JPG","273.0"
"GCREC_Bact.Sp 5723.JPG","274.0"
"GCREC_Bact.Sp 5724.JPG","274.0"
"GCREC_Bact.Sp 5725.JPG","274.0"
"GCREC_Bact.Sp 5726.JPG","274.0"
"GCREC_Bact.Sp 5727.JPG","275.0"
"GCREC_Bact.Sp 5728.JPG","275.0"
"GCREC_Bact.Sp 5729.JPG","275.0"
"GCREC_Bact.Sp 5730.JPG","275.0"
"GCREC_Bact.Sp 5731.JPG","276.0"
"GCREC_Bact.Sp 5732.JPG","276.0"
"GCREC_Bact.Sp 5733.JPG","276.0"
"GCREC_Bact.Sp 5734.JPG","276.0"
"GCREC_Bact.Sp 5735.JPG","277.0"
"GCREC_Bact.Sp 5736.JPG","277.0"
"GCREC_Bact.Sp 5737.JPG","277.0"
"GCREC_Bact.Sp 5738.JPG","277.0"
"GCREC_Bact.Sp 5739.JPG","278.0"
"GCREC_Bact.Sp 5740.JPG","278.0"
"GCREC_Bact.Sp 5741.JPG","278.0"
"GCREC_Bact.Sp 5742.JPG","278.0"
"GCREC_Bact.Sp 5743.JPG","279.0"
"GCREC_Bact.Sp 5744.JPG","279.0"
"GCREC_Bact.Sp 5745.JPG","279.0"
"GCREC_Bact.Sp 5746.JPG","279.0"
"GCREC_Bact.Sp 5747.JPG","280.0"
"GCREC_Bact.Sp 5748.JPG","280.0"
"GCREC_Bact.Sp 5749.JPG","280.0"
"GCREC_Bact.Sp 5750.JPG","280.0"
"GCREC_Bact.Sp 5751.JPG","281.0"
"GCREC_Bact.Sp 5752.JPG","281.0"
"GCREC_Bact.Sp 5753.JPG","281.0"
"GCREC_Bact.Sp 5754.JPG","281.0"
"GCREC_Bact.Sp 5755.JPG","282.0"
"GCREC_Bact.Sp 5756.JPG","282.0"
"GCREC_Bact.Sp 5757.JPG","282.0"
"GCREC_Bact.Sp 5758.JPG","282.0"
"GCREC_Bact.Sp 5759.JPG","283.0"
"GCREC_Bact.Sp 5760.JPG","283.0"
"GCREC_Bact.Sp 5761.JPG","283.0"
"GCREC_Bact.Sp 5762.JPG","283.0"
"GCREC_Bact.Sp 5763.JPG","284.0"
"GCREC_Bact.Sp 5764.JPG","284.0"
"GCREC_Bact.Sp 5765.JPG","284.0"
"GCREC_Bact.Sp 5766.JPG","284.0"
"GCREC_Bact.Sp 5767.JPG","285.0"
"GCREC_Bact.Sp 5768.JPG","285.0"
"GCREC_Bact.Sp 5769.JPG","285.0"
"GCREC_Bact.Sp 5770.JPG","285.0"
"GCREC_Bact.Sp 5771.JPG","286.0"
"GCREC_Bact.Sp 5772.JPG","286.0"
"GCREC_Bact.Sp 5773.JPG","286.0"
"GCREC_Bact.Sp 5774.JPG","286.0"
"GCREC_Bact.Sp 5775.JPG","287.0"
"GCREC_Bact.Sp 5776.JPG","287.0"
"GCREC_Bact.Sp 5777.JPG","287.0"
"GCREC_Bact.Sp 5778.JPG","287.0"
"GCREC_Bact.Sp 5779.JPG","288.0"
"GCREC_Bact.Sp 5780.JPG","288.0"
"GCREC_Bact.Sp 5781.JPG","288.0"
"GCREC_Bact.Sp 5782.JPG","288.0"
"GCREC_Bact.Sp 5783.JPG","289.0"
"GCREC_Bact.Sp 5784.JPG","289.0"
"GCREC_Bact.Sp 5785.JPG","289.0"
"GCREC_Bact.Sp 5786.JPG","289.0"
"GCREC_Bact.Sp 5787.JPG","290.0"
"GCREC_Bact.Sp 5788.JPG","290.0"
"GCREC_Bact.Sp 5789.JPG","290.0"
"GCREC_Bact.Sp 5790.JPG","290.0"
"GCREC_Bact.Sp 5791.JPG","291.0"
"GCREC_Bact.Sp 5792.JPG","291.0"
"GCREC_Bact.Sp 5793.JPG","291.0"
"GCREC_Bact.Sp 5794.JPG","291.0"
"GCREC_Bact.Sp 5795.JPG","292.0"
"GCREC_Bact.Sp 5796.JPG","292.0"
"GCREC_Bact.Sp 5797.JPG","292.0"
"GCREC_Bact.Sp 5798.JPG","292.0"
"GCREC_Bact.Sp 5799.JPG","293.0"
"GCREC_Bact.Sp 5800.JPG","293.0"
"GCREC_Bact.Sp 5801.JPG","293.0"
"GCREC_Bact.Sp 5802.JPG","293.0"
"GCREC_Bact.Sp 5804.JPG","294.0"
"GCREC_Bact.Sp 5805.JPG","294.0"
"GCREC_Bact.Sp 5806.JPG","294.0"
"GCREC_Bact.Sp 5807.JPG","294.0"
"GCREC_Bact.Sp 5808.JPG","295.0"
"GCREC_Bact.Sp 5809.JPG","295.0"
"GCREC_Bact.Sp 5810.JPG","295.0"
"GCREC_Bact.Sp 5811.JPG","295.0"
"GCREC_Bact.Sp 5812.JPG","296.0"
"GCREC_Bact.Sp 5813.JPG","296.0"
"GCREC_Bact.Sp 5814.JPG","296.0"
"GCREC_Bact.Sp 5815.JPG","296.0"
"GCREC_Bact.Sp 5816.JPG","297.0"
"GCREC_Bact.Sp 5817.JPG","297.0"
"GCREC_Bact.Sp 5818.JPG","297.0"
"GCREC_Bact.Sp 5819.JPG","297.0"
"GCREC_Bact.Sp 5820.JPG","298.0"
"GCREC_Bact.Sp 5821.JPG","298.0"
"GCREC_Bact.Sp 5822.JPG","298.0"
"GCREC_Bact.Sp 5823.JPG","298.0"
"GCREC_Bact.Sp 5824.JPG","299.0"
"GCREC_Bact.Sp 5825.JPG","299.0"
"GCREC_Bact.Sp 5826.JPG","299.0"
"GCREC_Bact.Sp 5827.JPG","299.0"
"GCREC_Bact.Sp 5828.JPG","300.0"
"GCREC_Bact.Sp 5829.JPG","300.0"
"GCREC_Bact.Sp 5830.JPG","300.0"
"GCREC_Bact.Sp 5831.JPG","300.0"
"GCREC_Bact.Sp 5832.JPG","301.0"
"GCREC_Bact.Sp 5833.JPG","301.0"
"GCREC_Bact.Sp 5834.JPG","301.0"
"GCREC_Bact.Sp 5835.JPG","301.0"
"GCREC_Bact.Sp 5836.JPG","302.0"
"GCREC_Bact.Sp 5837.JPG","302.0"
"GCREC_Bact.Sp 5838.JPG","302.0"
"GCREC_Bact.Sp 5839.JPG","302.0"
"GCREC_Bact.Sp 5840.JPG","303.0"
"GCREC_Bact.Sp 5841.JPG","303.0"
"GCREC_Bact.Sp 5842.JPG","303.0"
"GCREC_Bact.Sp 5843.JPG","303.0"
"GCREC_Bact.Sp 5844.JPG","304.0"
"GCREC_Bact.Sp 5845.JPG","304.0"
"GCREC_Bact.Sp 5846.JPG","304.0"
"GCREC_Bact.Sp 5847.JPG","304.0"
"GCREC_Bact.Sp 5848.JPG","305.0"
"GCREC_Bact.Sp 5849.JPG","305.0"
"GCREC_Bact.Sp 5850.JPG","305.0"
"GCREC_Bact.Sp 5851.JPG","305.0"
"GCREC_Bact.Sp 5852.JPG","306.0"
"GCREC_Bact.Sp 5853.JPG","306.0"
"GCREC_Bact.Sp 5854.JPG","306.0"
"GCREC_Bact.Sp 5855.JPG","306.0"
"GCREC_Bact.Sp 5856.JPG","307.0"
"GCREC_Bact.Sp 5857.JPG","307.0"
"GCREC_Bact.Sp 5858.JPG","307.0"
"GCREC_Bact.Sp 5859.JPG","307.0"
"GCREC_Bact.Sp 5860.JPG","308.0"
"GCREC_Bact.Sp 5861.JPG","308.0"
"GCREC_Bact.Sp 5862.JPG","308.0"
"GCREC_Bact.Sp 5863.JPG","308.0"
"GCREC_Bact.Sp 5864.JPG","309.0"
"GCREC_Bact.Sp 5865.JPG","309.0"
"GCREC_Bact.Sp 5866.JPG","309.0"
"GCREC_Bact.Sp 5867.JPG","309.0"
"GCREC_Bact.Sp 5868.JPG","310.0"
"GCREC_Bact.Sp 5869.JPG","310.0"
"GCREC_Bact.Sp 5870.JPG","310.0"
"GCREC_Bact.Sp 5871.JPG","310.0"
"GCREC_Bact.Sp 5872.JPG","311.0"
"GCREC_Bact.Sp 5873.JPG","311.0"
"GCREC_Bact.Sp 5874.JPG","311.0"
"GCREC_Bact.Sp 5875.JPG","311.0"
"GCREC_Bact.Sp 5876.JPG","312.0"
"GCREC_Bact.Sp 5877.JPG","312.0"
"GCREC_Bact.Sp 5878.JPG","312.0"
"GCREC_Bact.Sp 5879.JPG","312.0"
"GCREC_Bact.Sp 5880.JPG","313.0"
"GCREC_Bact.Sp 5881.JPG","313.0"
"GCREC_Bact.Sp 5882.JPG","313.0"
"GCREC_Bact.Sp 5883.JPG","313.0"
"GCREC_Bact.Sp 5884.JPG","314.0"
"GCREC_Bact.Sp 5885.JPG","314.0"
"GCREC_Bact.Sp 5886.JPG","314.0"
"GCREC_Bact.Sp 5887.JPG","314.0"
"GCREC_Bact.Sp 5888.JPG","315.0"
"GCREC_Bact.Sp 5889.JPG","315.0"
"GCREC_Bact.Sp 5890.JPG","315.0"
"GCREC_Bact.Sp 5891.JPG","315.0"
"GCREC_Bact.Sp 5892.JPG","316.0"
"GCREC_Bact.Sp 5893.JPG","316.0"
"GCREC_Bact.Sp 5894.JPG","316.0"
"GCREC_Bact.Sp 5895.JPG","316.0"
"GCREC_Bact.Sp 5896.JPG","317.0"
"GCREC_Bact.Sp 5897.JPG","317.0"
"GCREC_Bact.Sp 5898.JPG","317.0"
"GCREC_Bact.Sp 5899.JPG","317.0"
"GCREC_Bact.Sp 5900.JPG","318.0"
"GCREC_Bact.Sp 5901.JPG","318.0"
"GCREC_Bact.Sp 5902.JPG","318.0"
"GCREC_Bact.Sp 5903.JPG","318.0"
"GCREC_Bact.Sp 5904.JPG","319.0"
"GCREC_Bact.Sp 5905.JPG","319.0"
"GCREC_Bact.Sp 5906.JPG","319.0"
"GCREC_Bact.Sp 5907.JPG","319.0"
"GCREC_Bact.Sp 5908.JPG","320.0"
"GCREC_Bact.Sp 5909.JPG","320.0"
"GCREC_Bact.Sp 5910.JPG","320.0"
"GCREC_Bact.Sp 5911.JPG","320.0"
"GCREC_Bact.Sp 5912.JPG","321.0"
"GCREC_Bact.Sp 5913.JPG","321.0"
"GCREC_Bact.Sp 5914.JPG","321.0"
"GCREC_Bact.Sp 5915.JPG","321.0"
"GCREC_Bact.Sp 5916.JPG","322.0"
"GCREC_Bact.Sp 5917.JPG","322.0"
"GCREC_Bact.Sp 5918.JPG","322.0"
"GCREC_Bact.Sp 5919.JPG","322.0"
"GCREC_Bact.Sp 5920.JPG","323.0"
"GCREC_Bact.Sp 5921.JPG","323.0"
"GCREC_Bact.Sp 5922.JPG","323.0"
"GCREC_Bact.Sp 5923.JPG","323.0"
"GCREC_Bact.Sp 5924.JPG","324.0"
"GCREC_Bact.Sp 5925.JPG","324.0"
"GCREC_Bact.Sp 5926.JPG","324.0"
"GCREC_Bact.Sp 5927.JPG","324.0"
"GCREC_Bact.Sp 5931.JPG","325.0"
"GCREC_Bact.Sp 5932.JPG","325.0"
"GCREC_Bact.Sp 5933.JPG","325.0"
"GCREC_Bact.Sp 5934.JPG","325.0"
"GCREC_Bact.Sp 5935.JPG","326.0"
"GCREC_Bact.Sp 5936.JPG","326.0"
"GCREC_Bact.Sp 5937.JPG","326.0"
"GCREC_Bact.Sp 5938.JPG","326.0"
"GCREC_Bact.Sp 5939.JPG","327.0"
"GCREC_Bact.Sp 5940.JPG","327.0"
"GCREC_Bact.Sp 5941.JPG","327.0"
"GCREC_Bact.Sp 5942.JPG","327.0"
"GCREC_Bact.Sp 5943.JPG","328.0"
"GCREC_Bact.Sp 5944.JPG","328.0"
"GCREC_Bact.Sp 5945.JPG","328.0"
"GCREC_Bact.Sp 5946.JPG","328.0"
"GCREC_Bact.Sp 5947.JPG","329.0"
"GCREC_Bact.Sp 5948.JPG","329.0"
"GCREC_Bact.Sp 5949.JPG","329.0"
"GCREC_Bact.Sp 5950.JPG","329.0"
"GCREC_Bact.Sp 5951.JPG","330.0"
"GCREC_Bact.Sp 5952.JPG","330.0"
"GCREC_Bact.Sp 5953.JPG","330.0"
"GCREC_Bact.Sp 5954.JPG","330.0"
"GCREC_Bact.Sp 5955.JPG","331.0"
"GCREC_Bact.Sp 5956.JPG","331.0"
"GCREC_Bact.Sp 5957.JPG","331.0"
"GCREC_Bact.Sp 5958.JPG","331.0"
"GCREC_Bact.Sp 5959.JPG","332.0"
"GCREC_Bact.Sp 5960.JPG","332.0"
"GCREC_Bact.Sp 5961.JPG","332.0"
"GCREC_Bact.Sp 5962.JPG","332.0"
"GCREC_Bact.Sp 5963.JPG","333.0"
"GCREC_Bact.Sp 5964.JPG","333.0"
"GCREC_Bact.Sp 5965.JPG","333.0"
"GCREC_Bact.Sp 5966.JPG","333.0"
"GCREC_Bact.Sp 5967.JPG","334.0"
"GCREC_Bact.Sp 5968.JPG","334.0"
"GCREC_Bact.Sp 5969.JPG","334.0"
"GCREC_Bact.Sp 5970.JPG","334.0"
"GCREC_Bact.Sp 5971.JPG","335.0"
"GCREC_Bact.Sp 5972.JPG","335.0"
"GCREC_Bact.Sp 5973.JPG","335.0"
"GCREC_Bact.Sp 5974.JPG","335.0"
"GCREC_Bact.Sp 5975.JPG","336.0"
"GCREC_Bact.Sp 5976.JPG","336.0"
"GCREC_Bact.Sp 5977.JPG","336.0"
"GCREC_Bact.Sp 5978.JPG","336.0"
"GCREC_Bact.Sp 5979.JPG","337.0"
"GCREC_Bact.Sp 5980.JPG","337.0"
"GCREC_Bact.Sp 5981.JPG","337.0"
"GCREC_Bact.Sp 5982.JPG","337.0"
"GCREC_Bact.Sp 5983.JPG","338.0"
"GCREC_Bact.Sp 5984.JPG","338.0"
"GCREC_Bact.Sp 5985.JPG","338.0"
"GCREC_Bact.Sp 5986.JPG","338.0"
"GCREC_Bact.Sp 5987.JPG","339.0"
"GCREC_Bact.Sp 5988.JPG","339.0"
"GCREC_Bact.Sp 5989.JPG","339.0"
"GCREC_Bact.Sp 5990.JPG","339.0"
"GCREC_Bact.Sp 5991.JPG","340.0"
"GCREC_Bact.Sp 5992.JPG","340.0"
"GCREC_Bact.Sp 5993.JPG","340.0"
"GCREC_Bact.Sp 5994.JPG","340.0"
"GCREC_Bact.Sp 5995.JPG","341.0"
"GCREC_Bact.Sp 5996.JPG","341.0"
"GCREC_Bact.Sp 5997.JPG","341.0"
"GCREC_Bact.Sp 5998.JPG","341.0"
"GCREC_Bact.Sp 5999.JPG","342.0"
"GCREC_Bact.Sp 6000.JPG","342.0"
"GCREC_Bact.Sp 6001.JPG","342.0"
"GCREC_Bact.Sp 6002.JPG","342.0"
"GCREC_Bact.Sp 6003.JPG","343.0"
"GCREC_Bact.Sp 6004.JPG","343.0"
"GCREC_Bact.Sp 6005.JPG","343.0"
"GCREC_Bact.Sp 6006.JPG","343.0"
"GCREC_Bact.Sp 6007.JPG","344.0"
"GCREC_Bact.Sp 6008.JPG","344.0"
"GCREC_Bact.Sp 6009.JPG","344.0"
"GCREC_Bact.Sp 6010.JPG","344.0"
"GCREC_Bact.Sp 6011.JPG","345.0"
"GCREC_Bact.Sp 6012.JPG","345.0"
"GCREC_Bact.Sp 6013.JPG","345.0"
"GCREC_Bact.Sp 6014.JPG","345.0"
"GCREC_Bact.Sp 6015.JPG","346.0"
"GCREC_Bact.Sp 6016.JPG","346.0"
"GCREC_Bact.Sp 6017.JPG","346.0"
"GCREC_Bact.Sp 6018.JPG","346.0"
"GCREC_Bact.Sp 6019.JPG","347.0"
"GCREC_Bact.Sp 6020.JPG","347.0"
"GCREC_Bact.Sp 6021.JPG","347.0"
"GCREC_Bact.Sp 6022.JPG","347.0"
"GCREC_Bact.Sp 6023.JPG","348.0"
"GCREC_Bact.Sp 6024.JPG","348.0"
"GCREC_Bact.Sp 6025.JPG","348.0"
"GCREC_Bact.Sp 6026.JPG","348.0"
"GCREC_Bact.Sp 6027.JPG","349.0"
"GCREC_Bact.Sp 6028.JPG","349.0"
"GCREC_Bact.Sp 6029.JPG","349.0"
"GCREC_Bact.Sp 6030.JPG","349.0"
"GCREC_Bact.Sp 6031.JPG","350.0"
"GCREC_Bact.Sp 6032.JPG","350.0"
"GCREC_Bact.Sp 6033.JPG","350.0"
"GCREC_Bact.Sp 6034.JPG","350.0"
"GCREC_Bact.Sp 6035.JPG","351.0"
"GCREC_Bact.Sp 6036.JPG","351.0"
"GCREC_Bact.Sp 6037.JPG","351.0"
"GCREC_Bact.Sp 6038.JPG","351.0"
"GCREC_Bact.Sp 6039.JPG","352.0"
"GCREC_Bact.Sp 6040.JPG","352.0"
"GCREC_Bact.Sp 6041.JPG","352.0"
"GCREC_Bact.Sp 6042.JPG","352.0"
"GCREC_Bact.Sp 6043.JPG","353.0"
"GCREC_Bact.Sp 6044.JPG","353.0"
"GCREC_Bact.Sp 6045.JPG","353.0"
"GCREC_Bact.Sp 6046.JPG","353.0"
"GCREC_Bact.Sp 6047.JPG","354.0"
"GCREC_Bact.Sp 6048.JPG","354.0"
"GCREC_Bact.Sp 6049.JPG","354.0"
"GCREC_Bact.Sp 6050.JPG","354.0"
"GCREC_Bact.Sp 6051.JPG","355.0"
"GCREC_Bact.Sp 6052.JPG","355.0"
"GCREC_Bact.Sp 6053.JPG","355.0"
"GCREC_Bact.Sp 6054.JPG","355.0"
"GCREC_Bact.Sp 6055.JPG","356.0"
"GCREC_Bact.Sp 6056.JPG","356.0"
"GCREC_Bact.Sp 6057.JPG","356.0"
"GCREC_Bact.Sp 6058.JPG","356.0"
"GCREC_Bact.Sp 6059.JPG","357.0"
"GCREC_Bact.Sp 6060.JPG","357.0"
"GCREC_Bact.Sp 6061.JPG","357.0"
"GCREC_Bact.Sp 6062.JPG","357.0"
"GCREC_Bact.Sp 6063.JPG","358.0"
"GCREC_Bact.Sp 6064.JPG","358.0"
"GCREC_Bact.Sp 6065.JPG","358.0"
"GCREC_Bact.Sp 6066.JPG","358.0"
"GCREC_Bact.Sp 6067.JPG","359.0"
"GCREC_Bact.Sp 6068.JPG","359.0"
"GCREC_Bact.Sp 6069.JPG","359.0"
"GCREC_Bact.Sp 6070.JPG","359.0"
"GCREC_Bact.Sp 6071.JPG","360.0"
"GCREC_Bact.Sp 6072.JPG","360.0"
"GCREC_Bact.Sp 6073.JPG","360.0"
"GCREC_Bact.Sp 6074.JPG","360.0"
"GCREC_Bact.Sp 6075.JPG","361.0"
"GCREC_Bact.Sp 6076.JPG","361.0"
"GCREC_Bact.Sp 6077.JPG","361.0"
"GCREC_Bact.Sp 6078.JPG","361.0"
"GCREC_Bact.Sp 6079.JPG","362.0"
"GCREC_Bact.Sp 6080.JPG","362.0"
"GCREC_Bact.Sp 6081.JPG","362.0"
"GCREC_Bact.Sp 6082.JPG","362.0"
"GCREC_Bact.Sp 6083.JPG","363.0"
"GCREC_Bact.Sp 6084.JPG","363.0"
"GCREC_Bact.Sp 6085.JPG","363.0"
"GCREC_Bact.Sp 6086.JPG","363.0"
"GCREC_Bact.Sp 6087.JPG","364.0"
"GCREC_Bact.Sp 6088.JPG","364.0"
"GCREC_Bact.Sp 6089.JPG","364.0"
"GCREC_Bact.Sp 6090.JPG","364.0"
"GCREC_Bact.Sp 6091.JPG","365.0"
"GCREC_Bact.Sp 6092.JPG","365.0"
"GCREC_Bact.Sp 6093.JPG","365.0"
"GCREC_Bact.Sp 6094.JPG","365.0"
"GCREC_Bact.Sp 6095.JPG","366.0"
"GCREC_Bact.Sp 6096.JPG","366.0"
"GCREC_Bact.Sp 6097.JPG","366.0"
"GCREC_Bact.Sp 6098.JPG","366.0"
"GCREC_Bact.Sp 6099.JPG","367.0"
"GCREC_Bact.Sp 6100.JPG","367.0"
"GCREC_Bact.Sp 6101.JPG","367.0"
"GCREC_Bact.Sp 6102.JPG","367.0"
"GCREC_Bact.Sp 6103.JPG","368.0"
"GCREC_Bact.Sp 6104.JPG","368.0"
"GCREC_Bact.Sp 6105.JPG","368.0"
"GCREC_Bact.Sp 6106.JPG","368.0"
"GCREC_Bact.Sp 6107.JPG","369.0"
"GCREC_Bact.Sp 6108.JPG","369.0"
"GCREC_Bact.Sp 6109.JPG","369.0"
"GCREC_Bact.Sp 6110.JPG","369.0"
"GCREC_Bact.Sp 6111.JPG","370.0"
"GCREC_Bact.Sp 6112.JPG","370.0"
"GCREC_Bact.Sp 6113.JPG","370.0"
"GCREC_Bact.Sp 6114.JPG","370.0"
"GCREC_Bact.Sp 6115.JPG","371.0"
"GCREC_Bact.Sp 6116.JPG","371.0"
"GCREC_Bact.Sp 6117.JPG","371.0"
"GCREC_Bact.Sp 6118.JPG","371.0"
"GCREC_Bact.Sp 6119.JPG","372.0"
"GCREC_Bact.Sp 6120.JPG","372.0"
"GCREC_Bact.Sp 6121.JPG","372.0"
"GCREC_Bact.Sp 6122.JPG","372.0"
"GCREC_Bact.Sp 6123.JPG","373.0"
"GCREC_Bact.Sp 6124.JPG","373.0"
"GCREC_Bact.Sp 6125.JPG","373.0"
"GCREC_Bact.Sp 6126.JPG","373.0"
"GCREC_Bact.Sp 6127.JPG","374.0"
"GCREC_Bact.Sp 6128.JPG","374.0"
"GCREC_Bact.Sp 6129.JPG","374.0"
"GCREC_Bact.Sp 6130.JPG","374.0"
"GCREC_Bact.Sp 6131.JPG","375.0"
"GCREC_Bact.Sp 6132.JPG","375.0"
"GCREC_Bact.Sp 6133.JPG","375.0"
"GCREC_Bact.Sp 6134.JPG","375.0"
"GCREC_Bact.Sp 6135.JPG","376.0"
"GCREC_Bact.Sp 6136.JPG","376.0"
"GCREC_Bact.Sp 6137.JPG","376.0"
"GCREC_Bact.Sp 6138.JPG","376.0"
"GCREC_Bact.Sp 6139.JPG","377.0"
"GCREC_Bact.Sp 6140.JPG","377.0"
"GCREC_Bact.Sp 6141.JPG","377.0"
"GCREC_Bact.Sp 6142.JPG","377.0"
"GCREC_Bact.Sp 6143.JPG","378.0"
"GCREC_Bact.Sp 6144.JPG","378.0"
"GCREC_Bact.Sp 6145.JPG","378.0"
"GCREC_Bact.Sp 6146.JPG","378.0"
"GCREC_Bact.Sp 6147.JPG","379.0"
"GCREC_Bact.Sp 6148.JPG","379.0"
"GCREC_Bact.Sp 6149.JPG","379.0"
"GCREC_Bact.Sp 6150.JPG","379.0"
"GCREC_Bact.Sp 6151.JPG","380.0"
"GCREC_Bact.Sp 6152.JPG","380.0"
"GCREC_Bact.Sp 6153.JPG","380.0"
"GCREC_Bact.Sp 6154.JPG","380.0"
"GCREC_Bact.Sp 6155.JPG","381.0"
"GCREC_Bact.Sp 6156.JPG","381.0"
"GCREC_Bact.Sp 6157.JPG","381.0"
"GCREC_Bact.Sp 6158.JPG","381.0"
"GCREC_Bact.Sp 6159.JPG","382.0"
"GCREC_Bact.Sp 6160.JPG","382.0"
"GCREC_Bact.Sp 6161.JPG","382.0"
"GCREC_Bact.Sp 6162.JPG","382.0"
"GCREC_Bact.Sp 6163.JPG","383.0"
"GCREC_Bact.Sp 6164.JPG","383.0"
"GCREC_Bact.Sp 6165.JPG","383.0"
"GCREC_Bact.Sp 6166.JPG","383.0"
"GCREC_Bact.Sp 6167.JPG","384.0"
"GCREC_Bact.Sp 6168.JPG","384.0"
"GCREC_Bact.Sp 6169.JPG","384.0"
"GCREC_Bact.Sp 6170.JPG","384.0"
"GCREC_Bact.Sp 6171.JPG","385.0"
"GCREC_Bact.Sp 6172.JPG","385.0"
"GCREC_Bact.Sp 6173.JPG","385.0"
"GCREC_Bact.Sp 6174.JPG","385.0"
"GCREC_Bact.Sp 6175.JPG","386.0"
"GCREC_Bact.Sp 6176.JPG","386.0"
"GCREC_Bact.Sp 6177.JPG","386.0"
"GCREC_Bact.Sp 6178.JPG","386.0"
"GCREC_Bact.Sp 6179.JPG","387.0"
"GCREC_Bact.Sp 6180.JPG","387.0"
"GCREC_Bact.Sp 6181.JPG","387.0"
"GCREC_Bact.Sp 6182.JPG","387.0"
"GCREC_Bact.Sp 6183.JPG","388.0"
"GCREC_Bact.Sp 6184.JPG","388.0"
"GCREC_Bact.Sp 6185.JPG","388.0"
"GCREC_Bact.Sp 6186.JPG","388.0"
"GCREC_Bact.Sp 6187.JPG","389.0"
"GCREC_Bact.Sp 6188.JPG","389.0"
"GCREC_Bact.Sp 6189.JPG","389.0"
"GCREC_Bact.Sp 6190.JPG","389.0"
"GCREC_Bact.Sp 6191.JPG","390.0"
"GCREC_Bact.Sp 6192.JPG","390.0"
"GCREC_Bact.Sp 6194.JPG","390.0"
"GCREC_Bact.Sp 6195.JPG","390.0"
"GCREC_Bact.Sp 6196.JPG","391.0"
"GCREC_Bact.Sp 6197.JPG","391.0"
"GCREC_Bact.Sp 6198.JPG","391.0"
"GCREC_Bact.Sp 6199.JPG","391.0"
"GCREC_Bact.Sp 6200.JPG","392.0"
"GCREC_Bact.Sp 6201.JPG","392.0"
"GCREC_Bact.Sp 6202.JPG","392.0"
"GCREC_Bact.Sp 6203.JPG","392.0"
"GCREC_Bact.Sp 6204.JPG","393.0"
"GCREC_Bact.Sp 6205.JPG","393.0"
"GCREC_Bact.Sp 6206.JPG","393.0"
"GCREC_Bact.Sp 6207.JPG","393.0"
"GCREC_Bact.Sp 6208.JPG","394.0"
"GCREC_Bact.Sp 6209.JPG","394.0"
"GCREC_Bact.Sp 6210.JPG","394.0"
"GCREC_Bact.Sp 6211.JPG","394.0"
"GCREC_Bact.Sp 6212.JPG","395.0"
"GCREC_Bact.Sp 6213.JPG","395.0"
"GCREC_Bact.Sp 6214.JPG","395.0"
"GCREC_Bact.Sp 6215.JPG","395.0"
"GCREC_Bact.Sp 6216.JPG","396.0"
"GCREC_Bact.Sp 6217.JPG","396.0"
"GCREC_Bact.Sp 6219.JPG","396.0"
"GCREC_Bact.Sp 6220.JPG","396.0"
"GCREC_Bact.Sp 6221.JPG","397.0"
"GCREC_Bact.Sp 6222.JPG","397.0"
"GCREC_Bact.Sp 6223.JPG","397.0"
"GCREC_Bact.Sp 6224.JPG","397.0"
"GCREC_Bact.Sp 6225.JPG","398.0"
"GCREC_Bact.Sp 6226.JPG","398.0"
"GCREC_Bact.Sp 6227.JPG","398.0"
"GCREC_Bact.Sp 6228.JPG","398.0"
"GCREC_Bact.Sp 6229.JPG","399.0"
"GCREC_Bact.Sp 6230.JPG","399.0"
"GCREC_Bact.Sp 6231.JPG","399.0"
"GCREC_Bact.Sp 6232.JPG","399.0"
"GCREC_Bact.Sp 6233.JPG","400.0"
"GCREC_Bact.Sp 6234.JPG","400.0"
"GCREC_Bact.Sp 6235.JPG","400.0"
"GCREC_Bact.Sp 6236.JPG","400.0"
"GCREC_Bact.Sp 6237.JPG","401.0"
"GCREC_Bact.Sp 6238.JPG","401.0"
"GCREC_Bact.Sp 6239.JPG","401.0"
"GCREC_Bact.Sp 6240.JPG","401.0"
"GCREC_Bact.Sp 6241.JPG","402.0"
"GCREC_Bact.Sp 6242.JPG","402.0"
"GCREC_Bact.Sp 6243.JPG","402.0"
"GCREC_Bact.Sp 6244.JPG","402.0"
"GCREC_Bact.Sp 6245.JPG","403.0"
"GCREC_Bact.Sp 6246.JPG","403.0"
"GCREC_Bact.Sp 6247.JPG","403.0"
"GCREC_Bact.Sp 6248.JPG","403.0"
"GCREC_Bact.Sp 6249.JPG","404.0"
"GCREC_Bact.Sp 6250.JPG","404.0"
"GCREC_Bact.Sp 6251.JPG","404.0"
"GCREC_Bact.Sp 6252.JPG","404.0"
"GCREC_Bact.Sp 6253.JPG","405.0"
"GCREC_Bact.Sp 6254.JPG","405.0"
"GCREC_Bact.Sp 6255.JPG","405.0"
"GCREC_Bact.Sp 6256.JPG","405.0"
"GCREC_Bact.Sp 6257.JPG","406.0"
"GCREC_Bact.Sp 6258.JPG","406.0"
"GCREC_Bact.Sp 6259.JPG","406.0"
"GCREC_Bact.Sp 6260.JPG","406.0"
"GCREC_Bact.Sp 6261.JPG","407.0"
"GCREC_Bact.Sp 6262.JPG","407.0"
"GCREC_Bact.Sp 6263.JPG","407.0"
"GCREC_Bact.Sp 6264.JPG","407.0"
"GCREC_Bact.Sp 6265.JPG","408.0"
"GCREC_Bact.Sp 6266.JPG","408.0"
"GCREC_Bact.Sp 6267.JPG","408.0"
"GCREC_Bact.Sp 6268.JPG","408.0"
"GCREC_Bact.Sp 6269.JPG","409.0"
"GCREC_Bact.Sp 6270.JPG","409.0"
"GCREC_Bact.Sp 6271.JPG","409.0"
"GCREC_Bact.Sp 6272.JPG","409.0"
"GCREC_Bact.Sp 6274.JPG","410.0"
"GCREC_Bact.Sp 6275.JPG","410.0"
"GCREC_Bact.Sp 6276.JPG","410.0"
"GCREC_Bact.Sp 6277.JPG","410.0"
"GCREC_Bact.Sp 6278.JPG","411.0"
"GCREC_Bact.Sp 6279.JPG","411.0"
"GCREC_Bact.Sp 6280.JPG","411.0"
"GCREC_Bact.Sp 6281.JPG","411.0"
"GCREC_Bact.Sp 6282.JPG","412.0"
"GCREC_Bact.Sp 6283.JPG","412.0"
"GCREC_Bact.Sp 6284.JPG","412.0"
"GCREC_Bact.Sp 6285.JPG","412.0"
"GCREC_Bact.Sp 6286.JPG","413.0"
"GCREC_Bact.Sp 6287.JPG","413.0"
"GCREC_Bact.Sp 6288.JPG","413.0"
"GCREC_Bact.Sp 6289.JPG","413.0"
"GCREC_Bact.Sp 6290.JPG","414.0"
"GCREC_Bact.Sp 6291.JPG","414.0"
"GCREC_Bact.Sp 6292.JPG","414.0"
"GCREC_Bact.Sp 6293.JPG","414.0"
"GCREC_Bact.Sp 6294.JPG","415.0"
"GCREC_Bact.Sp 6295.JPG","415.0"
"GCREC_Bact.Sp 6296.JPG","415.0"
"GCREC_Bact.Sp 6297.JPG","415.0"
"GCREC_Bact.Sp 6298.JPG","416.0"
"GCREC_Bact.Sp 6299.JPG","416.0"
"GCREC_Bact.Sp 6300.JPG","416.0"
"GCREC_Bact.Sp 6301.JPG","416.0"
"GCREC_Bact.Sp 6302.JPG","417.0"
"GCREC_Bact.Sp 6303.JPG","417.0"
"GCREC_Bact.Sp 6304.JPG","417.0"
"GCREC_Bact.Sp 6305.JPG","417.0"
"GCREC_Bact.Sp 6306.JPG","418.0"
"GCREC_Bact.Sp 6307.JPG","418.0"
"GCREC_Bact.Sp 6308.JPG","418.0"
"GCREC_Bact.Sp 6309.JPG","418.0"
"GCREC_Bact.Sp 6310.JPG","419.0"
"GCREC_Bact.Sp 6311.JPG","419.0"
"GCREC_Bact.Sp 6312.JPG","419.0"
"GCREC_Bact.Sp 6313.JPG","419.0"
"GCREC_Bact.Sp 6314.JPG","420.0"
"GCREC_Bact.Sp 6315.JPG","420.0"
"GCREC_Bact.Sp 6316.JPG","420.0"
"GCREC_Bact.Sp 6317.JPG","420.0"
"GCREC_Bact.Sp 6318.JPG","421.0"
"GCREC_Bact.Sp 6319.JPG","421.0"
"GCREC_Bact.Sp 6321.JPG","421.0"
"GCREC_Bact.Sp 6322.JPG","421.0"
"GCREC_Bact.Sp 6323.JPG","422.0"
"GCREC_Bact.Sp 6324.JPG","422.0"
"GCREC_Bact.Sp 6325.JPG","422.0"
"GCREC_Bact.Sp 6326.JPG","422.0"
"GCREC_Bact.Sp 6327.JPG","423.0"
"GCREC_Bact.Sp 6328.JPG","423.0"
"GCREC_Bact.Sp 6329.JPG","423.0"
"GCREC_Bact.Sp 6330.JPG","423.0"
"GCREC_Bact.Sp 6331.JPG","424.0"
"GCREC_Bact.Sp 6332.JPG","424.0"
"GCREC_Bact.Sp 6333.JPG","424.0"
"GCREC_Bact.Sp 6334.JPG","424.0"
"GCREC_Bact.Sp 6335.JPG","425.0"
"GCREC_Bact.Sp 6336.JPG","425.0"
"GCREC_Bact.Sp 6337.JPG","425.0"
"GCREC_Bact.Sp 6338.JPG","425.0"
"GCREC_Bact.Sp 6339.JPG","426.0"
"GCREC_Bact.Sp 6340.JPG","426.0"
"GCREC_Bact.Sp 6341.JPG","426.0"
"GCREC_Bact.Sp 6342.JPG","426.0"
"GCREC_Bact.Sp 6343.JPG","427.0"
"GCREC_Bact.Sp 6344.JPG","427.0"
"GCREC_Bact.Sp 6345.JPG","427.0"
"GCREC_Bact.Sp 6346.JPG","427.0"
"GCREC_Bact.Sp 6350.JPG","428.0"
"GCREC_Bact.Sp 6351.JPG","428.0"
"GCREC_Bact.Sp 6352.JPG","428.0"
"GCREC_Bact.Sp 6353.JPG","428.0"
"GCREC_Bact.Sp 6354.JPG","429.0"
"GCREC_Bact.Sp 6355.JPG","429.0"
"GCREC_Bact.Sp 6356.JPG","429.0"
"GCREC_Bact.Sp 6357.JPG","429.0"
"GCREC_Bact.Sp 6358.JPG","430.0"
"GCREC_Bact.Sp 6359.JPG","430.0"
"GCREC_Bact.Sp 6360.JPG","430.0"
"GCREC_Bact.Sp 6361.JPG","430.0"
"GCREC_Bact.Sp 6362.JPG","431.0"
"GCREC_Bact.Sp 6363.JPG","431.0"
"GCREC_Bact.Sp 6364.JPG","431.0"
"GCREC_Bact.Sp 6365.JPG","431.0"
"GCREC_Bact.Sp 6366.JPG","432.0"
"GCREC_Bact.Sp 6367.JPG","432.0"
"GCREC_Bact.Sp 6368.JPG","432.0"
"GCREC_Bact.Sp 6369.JPG","432.0"
"GCREC_Bact.Sp 6370.JPG","433.0"
"GCREC_Bact.Sp 6371.JPG","433.0"
"GCREC_Bact.Sp 6372.JPG","433.0"
"GCREC_Bact.Sp 6373.JPG","433.0"
"GCREC_Bact.Sp 6374.JPG","434.0"
"GCREC_Bact.Sp 6375.JPG","434.0"
"GCREC_Bact.Sp 6376.JPG","434.0"
"GCREC_Bact.Sp 6377.JPG","434.0"
"GCREC_Bact.Sp 6378.JPG","435.0"
"GCREC_Bact.Sp 6379.JPG","435.0"
"GCREC_Bact.Sp 6380.JPG","435.0"
"GCREC_Bact.Sp 6381.JPG","435.0"
"GCREC_Bact.Sp 6382.JPG","436.0"
"GCREC_Bact.Sp 6383.JPG","436.0"
"GCREC_Bact.Sp 6384.JPG","436.0"
"GCREC_Bact.Sp 6385.JPG","436.0"
"GCREC_Bact.Sp 6386.JPG","437.0"
"GCREC_Bact.Sp 6387.JPG","437.0"
"GCREC_Bact.Sp 6388.JPG","437.0"
"GCREC_Bact.Sp 6389.JPG","437.0"
"GCREC_Bact.Sp 6390.JPG","438.0"
"GCREC_Bact.Sp 6391.JPG","438.0"
"GCREC_Bact.Sp 6392.JPG","438.0"
"GCREC_Bact.Sp 6393.JPG","438.0"
"GCREC_Bact.Sp 6394.JPG","439.0"
"GCREC_Bact.Sp 6395.JPG","439.0"
"GCREC_Bact.Sp 6396.JPG","439.0"
"GCREC_Bact.Sp 6397.JPG","439.0"
"UF.GRC_BS_Lab Leaf 0211.JPG","440.0"
"UF.GRC_BS_Lab Leaf 0212.JPG","440.0"
"UF.GRC_BS_Lab Leaf 0213.JPG","440.0"
"UF.GRC_BS_Lab Leaf 0217.JPG","440.0"
"UF.GRC_BS_Lab Leaf 0218.JPG","441.0"
"UF.GRC_BS_Lab Leaf 0219.JPG","441.0"
"UF.GRC_BS_Lab Leaf 0222.JPG","441.0"
"UF.GRC_BS_Lab Leaf 0224.JPG","441.0"
"UF.GRC_BS_Lab Leaf 0225.JPG","442.0"
"UF.GRC_BS_Lab Leaf 0226.JPG","442.0"
"UF.GRC_BS_Lab Leaf 0227.JPG","442.0"
"UF.GRC_BS_Lab Leaf 0229.JPG","442.0"
"UF.GRC_BS_Lab Leaf 0235.JPG","443.0"
"UF.GRC_BS_Lab Leaf 0236.JPG","443.0"
"UF.GRC_BS_Lab Leaf 0239.JPG","443.0"
"UF.GRC_BS_Lab Leaf 0242.JPG","443.0"
"UF.GRC_BS_Lab Leaf 0244.JPG","444.0"
"UF.GRC_BS_Lab Leaf 0245.JPG","444.0"
"UF.GRC_BS_Lab Leaf 0250.JPG","444.0"
"UF.GRC_BS_Lab Leaf 0251.JPG","444.0"
"UF.GRC_BS_Lab Leaf 0254.JPG","445.0"
"UF.GRC_BS_Lab Leaf 0255.JPG","445.0"
"UF.GRC_BS_Lab Leaf 0258.JPG","445.0"
"UF.GRC_BS_Lab Leaf 0259.JPG","445.0"
"UF.GRC_BS_Lab Leaf 0264.JPG","446.0"
"UF.GRC_BS_Lab Leaf 0267.JPG","446.0"
"UF.GRC_BS_Lab Leaf 0268.JPG","446.0"
"UF.GRC_BS_Lab Leaf 0269.JPG","446.0"
"UF.GRC_BS_Lab Leaf 0271.JPG","447.0"
"UF.GRC_BS_Lab Leaf 0272.JPG","447.0"
"UF.GRC_BS_Lab Leaf 0273.JPG","447.0"
"UF.GRC_BS_Lab Leaf 0277.JPG","447.0"
"UF.GRC_BS_Lab Leaf 0278.JPG","448.0"
"UF.GRC_BS_Lab Leaf 0279.JPG","448.0"
"UF.GRC_BS_Lab Leaf 0281.JPG","448.0"
"UF.GRC_BS_Lab Leaf 0286.JPG","448.0"
"UF.GRC_BS_Lab Leaf 0287.JPG","449.0"
"UF.GRC_BS_Lab Leaf 0289.JPG","449.0"
"UF.GRC_BS_Lab Leaf 0291.JPG","449.0"
"UF.GRC_BS_Lab Leaf 0294.JPG","449.0"
"UF.GRC_BS_Lab Leaf 0295.JPG","450.0"
"UF.GRC_BS_Lab Leaf 0297.JPG","450.0"
"UF.GRC_BS_Lab Leaf 0299.JPG","450.0"
"UF.GRC_BS_Lab Leaf 0302.JPG","450.0"
"UF.GRC_BS_Lab Leaf 0303.JPG","451.0"
"UF.GRC_BS_Lab Leaf 0304.JPG","451.0"
"UF.GRC_BS_Lab Leaf 0308.JPG","451.0"
"UF.GRC_BS_Lab Leaf 0309.JPG","451.0"
"UF.GRC_BS_Lab Leaf 0320.JPG","452.0"
"UF.GRC_BS_Lab Leaf 0321.JPG","452.0"
"UF.GRC_BS_Lab Leaf 0325.JPG","452.0"
"UF.GRC_BS_Lab Leaf 0327.JPG","452.0"
"UF.GRC_BS_Lab Leaf 0329.JPG","453.0"
"UF.GRC_BS_Lab Leaf 0330.JPG","453.0"
"UF.GRC_BS_Lab Leaf 0336.JPG","453.0"
"UF.GRC_BS_Lab Leaf 0338.JPG","453.0"
"UF.GRC_BS_Lab Leaf 0340.JPG","454.0"
"UF.GRC_BS_Lab Leaf 0341.JPG","454.0"
"UF.GRC_BS_Lab Leaf 0343.JPG","454.0"
"UF.GRC_BS_Lab Leaf 0345.JPG","454.0"
"UF.GRC_BS_Lab Leaf 0348.JPG","455.0"
"UF.GRC_BS_Lab Leaf 0349.JPG","455.0"
"UF.GRC_BS_Lab Leaf 0352.JPG","455.0"
"UF.GRC_BS_Lab Leaf 0353.JPG","455.0"
"UF.GRC_BS_Lab Leaf 0360.JPG","456.0"
"UF.GRC_BS_Lab Leaf 0364.JPG","456.0"
"UF.GRC_BS_Lab Leaf 0367.JPG","456.0"
"UF.GRC_BS_Lab Leaf 0368.JPG","456.0"
"UF.GRC_BS_Lab Leaf 0371.JPG","457.0"
"UF.GRC_BS_Lab Leaf 0373.JPG","457.0"
"UF.GRC_BS_Lab Leaf 0374.JPG","457.0"
"UF.GRC_BS_Lab Leaf 0376.JPG","457.0"
"UF.GRC_BS_Lab Leaf 0380.JPG","458.0"
"UF.GRC_BS_Lab Leaf 0381.JPG","458.0"
"UF.GRC_BS_Lab Leaf 0384.JPG","458.0"
"UF.GRC_BS_Lab Leaf 0390.JPG","458.0"
"UF.GRC_BS_Lab Leaf 0391.JPG","459.0"
"UF.GRC_BS_Lab Leaf 0392.JPG","459.0"
"UF.GRC_BS_Lab Leaf 0394.JPG","459.0"
"UF.GRC_BS_Lab Leaf 0397.JPG","459.0"
"UF.GRC_BS_Lab Leaf 0398.JPG","460.0"
"UF.GRC_BS_Lab Leaf 0399.JPG","460.0"
"UF.GRC_BS_Lab Leaf 0402.JPG","460.0"
"UF.GRC_BS_Lab Leaf 0406.JPG","460.0"
"UF.GRC_BS_Lab Leaf 0407.JPG","461.0"
"UF.GRC_BS_Lab Leaf 0408.JPG","461.0"
"UF.GRC_BS_Lab Leaf 0411.JPG","461.0"
"UF.GRC_BS_Lab Leaf 0412.JPG","461.0"
"UF.GRC_BS_Lab Leaf 0417.JPG","462.0"
"UF.GRC_BS_Lab Leaf 0418.JPG","462.0"
"UF.GRC_BS_Lab Leaf 0419.JPG","462.0"
"UF.GRC_BS_Lab Leaf 0424.JPG","462.0"
"UF.GRC_BS_Lab Leaf 0432.JPG","463.0"
"UF.GRC_BS_Lab Leaf 0435.JPG","463.0"
"UF.GRC_BS_Lab Leaf 0436.JPG","463.0"
"UF.GRC_BS_Lab Leaf 0439.JPG","463.0"
"UF.GRC_BS_Lab Leaf 0445.JPG","464.0"
"UF.GRC_BS_Lab Leaf 0447.JPG","464.0"
"UF.GRC_BS_Lab Leaf 0450.JPG","464.0"
"UF.GRC_BS_Lab Leaf 0458.JPG","464.0"
"UF.GRC_BS_Lab Leaf 0460.JPG","465.0"
"UF.GRC_BS_Lab Leaf 0468.JPG","465.0"
"UF.GRC_BS_Lab Leaf 0471.JPG","465.0"
"UF.GRC_BS_Lab Leaf 0474.JPG","465.0"
"UF.GRC_BS_Lab Leaf 0485.JPG","466.0"
"UF.GRC_BS_Lab Leaf 0486.JPG","466.0"
"UF.GRC_BS_Lab Leaf 0492.JPG","466.0"
"UF.GRC_BS_Lab Leaf 0495.JPG","466.0"
"UF.GRC_BS_Lab Leaf 0501.JPG","467.0"
"UF.GRC_BS_Lab Leaf 0502.JPG","467.0"
"UF.GRC_BS_Lab Leaf 0508.JPG","467.0"
"UF.GRC_BS_Lab Leaf 0509.JPG","467.0"
"UF.GRC_BS_Lab Leaf 0519.JPG","468.0"
"UF.GRC_BS_Lab Leaf 0525.JPG","468.0"
"UF.GRC_BS_Lab Leaf 0529.JPG","468.0"
"UF.GRC_BS_Lab Leaf 0530.JPG","468.0"
"UF.GRC_BS_Lab Leaf 0537.JPG","469.0"
"UF.GRC_BS_Lab Leaf 0538.JPG","469.0"
"UF.GRC_BS_Lab Leaf 0546.JPG","469.0"
"UF.GRC_BS_Lab Leaf 0554.JPG","469.0"
"UF.GRC_BS_Lab Leaf 0558.JPG","470.0"
"UF.GRC_BS_Lab Leaf 0560.JPG","470.0"
"UF.GRC_BS_Lab Leaf 0565.JPG","470.0"
"UF.GRC_BS_Lab Leaf 0566.JPG","470.0"
"UF.GRC_BS_Lab Leaf 0590.JPG","471.0"
"UF.GRC_BS_Lab Leaf 0592.JPG","471.0"
"UF.GRC_BS_Lab Leaf 0593.JPG","471.0"
"UF.GRC_BS_Lab Leaf 0595.JPG","471.0"
"UF.GRC_BS_Lab Leaf 0611.JPG","472.0"
"UF.GRC_BS_Lab Leaf 0614.JPG","472.0"
"UF.GRC_BS_Lab Leaf 0615.JPG","472.0"
"UF.GRC_BS_Lab Leaf 0616.JPG","472.0"
"UF.GRC_BS_Lab Leaf 0624.JPG","473.0"
"UF.GRC_BS_Lab Leaf 0627.JPG","473.0"
"UF.GRC_BS_Lab Leaf 0633.JPG","473.0"
"UF.GRC_BS_Lab Leaf 0636.JPG","473.0"
"UF.GRC_BS_Lab Leaf 0640.JPG","474.0"
"UF.GRC_BS_Lab Leaf 0641.JPG","474.0"
"UF.GRC_BS_Lab Leaf 0646.JPG","474.0"
"UF.GRC_BS_Lab Leaf 0653.JPG","474.0"
"UF.GRC_BS_Lab Leaf 0660.JPG","475.0"
"UF.GRC_BS_Lab Leaf 0661.JPG","475.0"
"UF.GRC_BS_Lab Leaf 0665.JPG","475.0"
"UF.GRC_BS_Lab Leaf 0666.JPG","475.0"
"UF.GRC_BS_Lab Leaf 0683.JPG","476.0"
"UF.GRC_BS_Lab Leaf 0684.JPG","476.0"
"UF.GRC_BS_Lab Leaf 0687.JPG","476.0"
"UF.GRC_BS_Lab Leaf 0688.JPG","476.0"
"UF.GRC_BS_Lab Leaf 0696.JPG","477.0"
"UF.GRC_BS_Lab Leaf 0706.JPG","477.0"
"UF.GRC_BS_Lab Leaf 0708.JPG","477.0"
"UF.GRC_BS_Lab Leaf 0709.JPG","477.0"
"UF.GRC_BS_Lab Leaf 0714.JPG","478.0"
"UF.GRC_BS_Lab Leaf 0722.JPG","478.0"
"UF.GRC_BS_Lab Leaf 0723.JPG","478.0"
"UF.GRC_BS_Lab Leaf 0728.JPG","478.0"
"UF.GRC_BS_Lab Leaf 0749.JPG","479.0"
"UF.GRC_BS_Lab Leaf 0751.JPG","479.0"
"UF.GRC_BS_Lab Leaf 0756.JPG","479.0"
"UF.GRC_BS_Lab Leaf 0763.JPG","479.0"
"UF.GRC_BS_Lab Leaf 0768.JPG","480.0"
"UF.GRC_BS_Lab Leaf 0769.JPG","480.0"
"UF.GRC_BS_Lab Leaf 0774.JPG","480.0"
"UF.GRC_BS_Lab Leaf 0777.JPG","480.0"
"UF.GRC_BS_Lab Leaf 0801.JPG","481.0"
"UF.GRC_BS_Lab Leaf 0806.JPG","481.0"
"UF.GRC_BS_Lab Leaf 0807.JPG","481.0"
"UF.GRC_BS_Lab Leaf 0809.JPG","481.0"
"UF.GRC_BS_Lab Leaf 0827.JPG","482.0"
"UF.GRC_BS_Lab Leaf 0828.JPG","482.0"
"UF.GRC_BS_Lab Leaf 0836.JPG","482.0"
"UF.GRC_BS_Lab Leaf 0846.JPG","482.0"
"UF.GRC_BS_Lab Leaf 0858.JPG","483.0"
"UF.GRC_BS_Lab Leaf 0861.JPG","483.0"
"UF.GRC_BS_Lab Leaf 0862.JPG","483.0"
"UF.GRC_BS_Lab Leaf 0870.JPG","483.0"
"UF.GRC_BS_Lab Leaf 0874.JPG","484.0"
"UF.GRC_BS_Lab Leaf 0890.JPG","484.0"
"UF.GRC_BS_Lab Leaf 0891.JPG","484.0"
"UF.GRC_BS_Lab Leaf 0900.JPG","484.0"
"UF.GRC_BS_Lab Leaf 0901.JPG","485.0"
"UF.GRC_BS_Lab Leaf 0904.JPG","485.0"
"UF.GRC_BS_Lab Leaf 0905.JPG","485.0"
"UF.GRC_BS_Lab Leaf 0931.JPG","485.0"
"UF.GRC_BS_Lab Leaf 0932.JPG","486.0"
"UF.GRC_BS_Lab Leaf 0940.JPG","486.0"
"UF.GRC_BS_Lab Leaf 0945.JPG","486.0"
"UF.GRC_BS_Lab Leaf 0959.JPG","486.0"
"UF.GRC_BS_Lab Leaf 0961.JPG","487.0"
"UF.GRC_BS_Lab Leaf 0977.JPG","487.0"
"UF.GRC_BS_Lab Leaf 0979.JPG","487.0"
"UF.GRC_BS_Lab Leaf 0994.JPG","487.0"
"UF.GRC_BS_Lab Leaf 0996.JPG","488.0"
"UF.GRC_BS_Lab Leaf 0998.JPG","488.0"
"UF.GRC_BS_Lab Leaf 1013.JPG","488.0"
"UF.GRC_BS_Lab Leaf 1032.JPG","488.0"
"UF.GRC_BS_Lab Leaf 1035.JPG","489.0"
"UF.GRC_BS_Lab Leaf 1045.JPG","489.0"
"UF.GRC_BS_Lab Leaf 1054.JPG","489.0"
"UF.GRC_BS_Lab Leaf 1068.JPG","489.0"
"UF.GRC_BS_Lab Leaf 1072.JPG","490.0"
"UF.GRC_BS_Lab Leaf 1074.JPG","490.0"
"UF.GRC_BS_Lab Leaf 1084.JPG","490.0"
"UF.GRC_BS_Lab Leaf 1108.JPG","490.0"
"UF.GRC_BS_Lab Leaf 1112.JPG","491.0"
"UF.GRC_BS_Lab Leaf 1114.JPG","491.0"
"UF.GRC_BS_Lab Leaf 1119.JPG","491.0"
"UF.GRC_BS_Lab Leaf 1132.JPG","491.0"
"UF.GRC_BS_Lab Leaf 1143.JPG","492.0"
"UF.GRC_BS_Lab Leaf 1148.JPG","492.0"
"UF.GRC_BS_Lab Leaf 1159.JPG","492.0"
"UF.GRC_BS_Lab Leaf 1164.JPG","492.0"
"UF.GRC_BS_Lab Leaf 1166.JPG","493.0"
"UF.GRC_BS_Lab Leaf 1168.JPG","493.0"
"UF.GRC_BS_Lab Leaf 1187.JPG","493.0"
"UF.GRC_BS_Lab Leaf 1199.JPG","493.0"
"UF.GRC_BS_Lab Leaf 1200.JPG","494.0"
"UF.GRC_BS_Lab Leaf 1203.JPG","494.0"
"UF.GRC_BS_Lab Leaf 1208.JPG","494.0"
"UF.GRC_BS_Lab Leaf 8590.JPG","494.0"
"UF.GRC_BS_Lab Leaf 8592.JPG","495.0"
"UF.GRC_BS_Lab Leaf 8601.JPG","495.0"
"UF.GRC_BS_Lab Leaf 8605.JPG","495.0"
"UF.GRC_BS_Lab Leaf 8611.JPG","495.0"
"UF.GRC_BS_Lab Leaf 8615.JPG","496.0"
"UF.GRC_BS_Lab Leaf 8619.JPG","496.0"
"UF.GRC_BS_Lab Leaf 8624.JPG","496.0"
"UF.GRC_BS_Lab Leaf 8631.JPG","496.0"
"UF.GRC_BS_Lab Leaf 8632.JPG","497.0"
"UF.GRC_BS_Lab Leaf 8633.JPG","497.0"
"UF.GRC_BS_Lab Leaf 8635.JPG","497.0"
"UF.GRC_BS_Lab Leaf 8641.JPG","497.0"
"UF.GRC_BS_Lab Leaf 8642.JPG","498.0"
"UF.GRC_BS_Lab Leaf 8646.JPG","498.0"
"UF.GRC_BS_Lab Leaf 8652.JPG","498.0"
"UF.GRC_BS_Lab Leaf 8661.JPG","498.0"
"UF.GRC_BS_Lab Leaf 8662.JPG","499.0"
"UF.GRC_BS_Lab Leaf 8664.JPG","499.0"
"UF.GRC_BS_Lab Leaf 8673.JPG","499.0"
"UF.GRC_BS_Lab Leaf 8682.JPG","499.0"
"UF.GRC_BS_Lab Leaf 8683.JPG","500.0"
"UF.GRC_BS_Lab Leaf 8692.JPG","500.0"
"UF.GRC_BS_Lab Leaf 8693.JPG","500.0"
"UF.GRC_BS_Lab Leaf 8705.JPG","500.0"
"UF.GRC_BS_Lab Leaf 8714.JPG","501.0"
"UF.GRC_BS_Lab Leaf 8717.JPG","501.0"
"UF.GRC_BS_Lab Leaf 8725.JPG","501.0"
"UF.GRC_BS_Lab Leaf 8728.JPG","501.0"
"UF.GRC_BS_Lab Leaf 8730.JPG","502.0"
"UF.GRC_BS_Lab Leaf 8737.JPG","502.0"
"UF.GRC_BS_Lab Leaf 8738.JPG","502.0"
"UF.GRC_BS_Lab Leaf 8747.JPG","502.0"
"UF.GRC_BS_Lab Leaf 8749.JPG","503.0"
"UF.GRC_BS_Lab Leaf 8753.JPG","503.0"
"UF.GRC_BS_Lab Leaf 8759.JPG","503.0"
"UF.GRC_BS_Lab Leaf 8765.JPG","503.0"
"UF.GRC_BS_Lab Leaf 8769.JPG","504.0"
"UF.GRC_BS_Lab Leaf 8770.JPG","504.0"
"UF.GRC_BS_Lab Leaf 8771.JPG","504.0"
"UF.GRC_BS_Lab Leaf 8773.JPG","504.0"
"UF.GRC_BS_Lab Leaf 8782.JPG","505.0"
"UF.GRC_BS_Lab Leaf 8785.JPG","505.0"
"UF.GRC_BS_Lab Leaf 8789.JPG","505.0"
"UF.GRC_BS_Lab Leaf 8794.JPG","505.0"
"UF.GRC_BS_Lab Leaf 8800.JPG","506.0"
"UF.GRC_BS_Lab Leaf 8802.JPG","506.0"
"UF.GRC_BS_Lab Leaf 8804.JPG","506.0"
"UF.GRC_BS_Lab Leaf 8811.JPG","506.0"
"UF.GRC_BS_Lab Leaf 8824.JPG","507.0"
"UF.GRC_BS_Lab Leaf 8835.JPG","507.0"
"UF.GRC_BS_Lab Leaf 8837.JPG","507.0"
"UF.GRC_BS_Lab Leaf 8838.JPG","507.0"
"UF.GRC_BS_Lab Leaf 8843.JPG","508.0"
"UF.GRC_BS_Lab Leaf 8845.JPG","508.0"
"UF.GRC_BS_Lab Leaf 8846.JPG","508.0"
"UF.GRC_BS_Lab Leaf 8853.JPG","508.0"
"UF.GRC_BS_Lab Leaf 8864.JPG","509.0"
"UF.GRC_BS_Lab Leaf 8868.JPG","509.0"
"UF.GRC_BS_Lab Leaf 8873.JPG","509.0"
"UF.GRC_BS_Lab Leaf 8874.JPG","509.0"
"UF.GRC_BS_Lab Leaf 8884.JPG","510.0"
"UF.GRC_BS_Lab Leaf 8885.JPG","510.0"
"UF.GRC_BS_Lab Leaf 8890.JPG","510.0"
"UF.GRC_BS_Lab Leaf 8896.JPG","510.0"
"UF.GRC_BS_Lab Leaf 8904.JPG","511.0"
"UF.GRC_BS_Lab Leaf 8906.JPG","511.0"
"UF.GRC_BS_Lab Leaf 8907.JPG","511.0"
"UF.GRC_BS_Lab Leaf 8912.JPG","511.0"
"UF.GRC_BS_Lab Leaf 8929.JPG","512.0"
"UF.GRC_BS_Lab Leaf 8938.JPG","512.0"
"UF.GRC_BS_Lab Leaf 8940.JPG","512.0"
"UF.GRC_BS_Lab Leaf 8941.JPG","512.0"
"UF.GRC_BS_Lab Leaf 8951.JPG","513.0"
"UF.GRC_BS_Lab Leaf 8957.JPG","513.0"
"UF.GRC_BS_Lab Leaf 8960.JPG","513.0"
"UF.GRC_BS_Lab Leaf 8961.JPG","513.0"
"UF.GRC_BS_Lab Leaf 8969.JPG","514.0"
"UF.GRC_BS_Lab Leaf 8972.JPG","514.0"
"UF.GRC_BS_Lab Leaf 8978.JPG","514.0"
"UF.GRC_BS_Lab Leaf 8980.JPG","514.0"
"UF.GRC_BS_Lab Leaf 8982.JPG","515.0"
"UF.GRC_BS_Lab Leaf 8983.JPG","515.0"
"UF.GRC_BS_Lab Leaf 8986.JPG","515.0"
"UF.GRC_BS_Lab Leaf 8992.JPG","515.0"
"UF.GRC_BS_Lab Leaf 9003.JPG","516.0"
"UF.GRC_BS_Lab Leaf 9004.JPG","516.0"
"UF.GRC_BS_Lab Leaf 9009.JPG","516.0"
"UF.GRC_BS_Lab Leaf 9013.JPG","516.0"
"UF.GRC_BS_Lab Leaf 9024.JPG","517.0"
"UF.GRC_BS_Lab Leaf 9029.JPG","517.0"
"UF.GRC_BS_Lab Leaf 9030.JPG","517.0"
"UF.GRC_BS_Lab Leaf 9032.JPG","517.0"
"UF.GRC_BS_Lab Leaf 9045.JPG","518.0"
"UF.GRC_BS_Lab Leaf 9048.JPG","518.0"
"UF.GRC_BS_Lab Leaf 9049.JPG","518.0"
"UF.GRC_BS_Lab Leaf 9054.JPG","518.0"
"UF.GRC_BS_Lab Leaf 9065.JPG","519.0"
"UF.GRC_BS_Lab Leaf 9071.JPG","519.0"
"UF.GRC_BS_Lab Leaf 9072.JPG","519.0"
"UF.GRC_BS_Lab Leaf 9073.JPG","519.0"
"UF.GRC_BS_Lab Leaf 9082.JPG","520.0"
"UF.GRC_BS_Lab Leaf 9084.JPG","520.0"
"UF.GRC_BS_Lab Leaf 9094.JPG","520.0"
"UF.GRC_BS_Lab Leaf 9102.JPG","520.0"
"UF.GRC_BS_Lab Leaf 9103.JPG","521.0"
"UF.GRC_BS_Lab Leaf 9109.JPG","521.0"
"UF.GRC_BS_Lab Leaf 9114.JPG","521.0"
"UF.GRC_BS_Lab Leaf 9122.JPG","521.0"
"UF.GRC_BS_Lab Leaf 9124.JPG","522.0"
"UF.GRC_BS_Lab Leaf 9129.JPG","522.0"
"UF.GRC_BS_Lab Leaf 9132.JPG","522.0"
"UF.GRC_BS_Lab Leaf 9133.JPG","522.0"
"UF.GRC_BS_Lab Leaf 9141.JPG","523.0"
"UF.GRC_BS_Lab Leaf 9145.JPG","523.0"
"UF.GRC_BS_Lab Leaf 9152.JPG","523.0"
"UF.GRC_BS_Lab Leaf 9160.JPG","523.0"
"UF.GRC_BS_Lab Leaf 9162.JPG","524.0"
"UF.GRC_BS_Lab Leaf 9171.JPG","524.0"
"UF.GRC_BS_Lab Leaf 9172.JPG","524.0"
"UF.GRC_BS_Lab Leaf 9173.JPG","524.0"
"UF.GRC_BS_Lab Leaf 9179.JPG","525.0"
"UF.GRC_BS_Lab Leaf 9185.JPG","525.0"
"UF.GRC_BS_Lab Leaf 9190.JPG","525.0"
"UF.GRC_BS_Lab Leaf 9194.JPG","525.0"
"UF.GRC_BS_Lab Leaf 9220.JPG","526.0"
"UF.GRC_BS_Lab Leaf 9226.JPG","526.0"
"UF.GRC_BS_Lab Leaf 9227.JPG","526.0"
"UF.GRC_BS_Lab Leaf 9230.JPG","526.0"
"UF.GRC_BS_Lab Leaf 9231.JPG","527.0"
"UF.GRC_BS_Lab Leaf 9237.JPG","527.0"
"UF.GRC_BS_Lab Leaf 9240.JPG","527.0"
"UF.GRC_BS_Lab Leaf 9241.JPG","527.0"
"UF.GRC_BS_Lab Leaf 9245.JPG","528.0"
"UF.GRC_BS_Lab Leaf 9247.JPG","528.0"
"UF.GRC_BS_Lab Leaf 9256.JPG","528.0"
"UF.GRC_BS_Lab Leaf 9260.JPG","528.0"
"UF.GRC_BS_Lab Leaf 9265.JPG","529.0"
"UF.GRC_BS_Lab Leaf 9271.JPG","529.0"
"UF.GRC_BS_Lab Leaf 9272.JPG","529.0"
"UF.GRC_BS_Lab Leaf 9276.JPG","529.0"
"UF.GRC_BS_Lab Leaf 9279.JPG","530.0"
"UF.GRC_BS_Lab Leaf 9284.JPG","530.0"
"UF.GRC_BS_Lab Leaf 9285.JPG","530.0"
"UF.GRC_BS_Lab Leaf 9288.JPG","530.0"
"UF.GRC_BS_Lab Leaf 9295.JPG","531.0"
"UF.GRC_BS_Lab Leaf 9296.JPG","531.0"
"UF.GRC_BS_Lab Leaf 9298.JPG","531.0"
"UF.GRC_BS_Lab Leaf 9299.JPG","531.0"
"UF.GRC_BS_Lab Leaf 9305.JPG","532.0"
"UF.GRC_BS_Lab Leaf 9307.JPG","532.0"
"UF.GRC_BS_Lab Leaf 9310.JPG","532.0"
"UF.GRC_BS_Lab Leaf 9314.JPG","532.0"
