"File Name","Leaf #"
"Com.G_SpM_FL 1133.JPG","1.0"
"Com.G_SpM_FL 1134.JPG","1.0"
"Com.G_SpM_FL 1135.JPG","1.0"
"Com.G_SpM_FL 1136.JPG","1.0"
"Com.G_SpM_FL 1137.JPG","2.0"
"Com.G_SpM_FL 1138.JPG","2.0"
"Com.G_SpM_FL 1139.JPG","2.0"
"Com.G_SpM_FL 1140.JPG","2.0"
"Com.G_SpM_FL 1141.JPG","3.0"
"Com.G_SpM_FL 1142.JPG","3.0"
"Com.G_SpM_FL 1143.JPG","3.0"
"Com.G_SpM_FL 1144.JPG","3.0"
"Com.G_SpM_FL 1145.JPG","4.0"
"Com.G_SpM_FL 1146.JPG","4.0"
"Com.G_SpM_FL 1147.JPG","4.0"
"Com.G_SpM_FL 1148.JPG","4.0"
"Com.G_SpM_FL 1149.JPG","5.0"
"Com.G_SpM_FL 1150.JPG","5.0"
"Com.G_SpM_FL 1151.JPG","5.0"
"Com.G_SpM_FL 1152.JPG","5.0"
"Com.G_SpM_FL 1153.JPG","6.0"
"Com.G_SpM_FL 1154.JPG","6.0"
"Com.G_SpM_FL 1155.JPG","6.0"
"Com.G_SpM_FL 1156.JPG","6.0"
"Com.G_SpM_FL 1157.JPG","7.0"
"Com.G_SpM_FL 1158.JPG","7.0"
"Com.G_SpM_FL 1159.JPG","7.0"
"Com.G_SpM_FL 1160.JPG","7.0"
"Com.G_SpM_FL 1161.JPG","8.0"
"Com.G_SpM_FL 1162.JPG","8.0"
"Com.G_SpM_FL 1163.JPG","8.0"
"Com.G_SpM_FL 1164.JPG","8.0"
"Com.G_SpM_FL 1165.JPG","9.0"
"Com.G_SpM_FL 1166.JPG","9.0"
"Com.G_SpM_FL 1167.JPG","9.0"
"Com.G_SpM_FL 1168.JPG","9.0"
"Com.G_SpM_FL 1169.JPG","10.0"
"Com.G_SpM_FL 1170.JPG","10.0"
"Com.G_SpM_FL 1171.JPG","10.0"
"Com.G_SpM_FL 1172.JPG","10.0"
"Com.G_SpM_FL 1173.JPG","11.0"
"Com.G_SpM_FL 1174.JPG","11.0"
"Com.G_SpM_FL 1175.JPG","11.0"
"Com.G_SpM_FL 1176.JPG","11.0"
"Com.G_SpM_FL 1177.JPG","12.0"
"Com.G_SpM_FL 1178.JPG","12.0"
"Com.G_SpM_FL 1179.JPG","12.0"
"Com.G_SpM_FL 1180.JPG","12.0"
"Com.G_SpM_FL 1181.JPG","13.0"
"Com.G_SpM_FL 1182.JPG","13.0"
"Com.G_SpM_FL 1183.JPG","13.0"
"Com.G_SpM_FL 1184.JPG","13.0"
"Com.G_SpM_FL 1185.JPG","14.0"
"Com.G_SpM_FL 1186.JPG","14.0"
"Com.G_SpM_FL 1187.JPG","14.0"
"Com.G_SpM_FL 1188.JPG","14.0"
"Com.G_SpM_FL 1189.JPG","15.0"
"Com.G_SpM_FL 1190.JPG","15.0"
"Com.G_SpM_FL 1191.JPG","15.0"
"Com.G_SpM_FL 1192.JPG","15.0"
"Com.G_SpM_FL 1193.JPG","16.0"
"Com.G_SpM_FL 1194.JPG","16.0"
"Com.G_SpM_FL 1195.JPG","16.0"
"Com.G_SpM_FL 1196.JPG","16.0"
"Com.G_SpM_FL 1197.JPG","17.0"
"Com.G_SpM_FL 1198.JPG","17.0"
"Com.G_SpM_FL 1199.JPG","17.0"
"Com.G_SpM_FL 1200.JPG","17.0"
"Com.G_SpM_FL 1201.JPG","18.0"
"Com.G_SpM_FL 1202.JPG","18.0"
"Com.G_SpM_FL 1203.JPG","18.0"
"Com.G_SpM_FL 1204.JPG","18.0"
"Com.G_SpM_FL 1205.JPG","19.0"
"Com.G_SpM_FL 1206.JPG","19.0"
"Com.G_SpM_FL 1207.JPG","19.0"
"Com.G_SpM_FL 1208.JPG","19.0"
"Com.G_SpM_FL 1209.JPG","20.0"
"Com.G_SpM_FL 1210.JPG","20.0"
"Com.G_SpM_FL 1211.JPG","20.0"
"Com.G_SpM_FL 1212.JPG","20.0"
"Com.G_SpM_FL 1213.JPG","21.0"
"Com.G_SpM_FL 1214.JPG","21.0"
"Com.G_SpM_FL 1215.JPG","21.0"
"Com.G_SpM_FL 1216.JPG","21.0"
"Com.G_SpM_FL 1217.JPG","22.0"
"Com.G_SpM_FL 1218.JPG","22.0"
"Com.G_SpM_FL 1219.JPG","22.0"
"Com.G_SpM_FL 1220.JPG","22.0"
"Com.G_SpM_FL 1221.JPG","23.0"
"Com.G_SpM_FL 1222.JPG","23.0"
"Com.G_SpM_FL 1223.JPG","23.0"
"Com.G_SpM_FL 1224.JPG","23.0"
"Com.G_SpM_FL 1225.JPG","24.0"
"Com.G_SpM_FL 1226.JPG","24.0"
"Com.G_SpM_FL 1227.JPG","24.0"
"Com.G_SpM_FL 1228.JPG","24.0"
"Com.G_SpM_FL 1229.JPG","25.0"
"Com.G_SpM_FL 1230.JPG","25.0"
"Com.G_SpM_FL 1231.JPG","25.0"
"Com.G_SpM_FL 1232.JPG","25.0"
"Com.G_SpM_FL 1233.JPG","26.0"
"Com.G_SpM_FL 1234.JPG","26.0"
"Com.G_SpM_FL 1235.JPG","26.0"
"Com.G_SpM_FL 1236.JPG","26.0"
"Com.G_SpM_FL 1237.JPG","27.0"
"Com.G_SpM_FL 1238.JPG","27.0"
"Com.G_SpM_FL 1239.JPG","27.0"
"Com.G_SpM_FL 1240.JPG","27.0"
"Com.G_SpM_FL 1241.JPG","28.0"
"Com.G_SpM_FL 1242.JPG","28.0"
"Com.G_SpM_FL 1243.JPG","28.0"
"Com.G_SpM_FL 1244.JPG","28.0"
"Com.G_SpM_FL 1245.JPG","29.0"
"Com.G_SpM_FL 1246.JPG","29.0"
"Com.G_SpM_FL 1247.JPG","29.0"
"Com.G_SpM_FL 1248.JPG","29.0"
"Com.G_SpM_FL 1249.JPG","30.0"
"Com.G_SpM_FL 1250.JPG","30.0"
"Com.G_SpM_FL 1251.JPG","30.0"
"Com.G_SpM_FL 1252.JPG","30.0"
"Com.G_SpM_FL 1253.JPG","31.0"
"Com.G_SpM_FL 1254.JPG","31.0"
"Com.G_SpM_FL 1255.JPG","31.0"
"Com.G_SpM_FL 1256.JPG","31.0"
"Com.G_SpM_FL 1257.JPG","32.0"
"Com.G_SpM_FL 1258.JPG","32.0"
"Com.G_SpM_FL 1259.JPG","32.0"
"Com.G_SpM_FL 1260.JPG","32.0"
"Com.G_SpM_FL 1261.JPG","33.0"
"Com.G_SpM_FL 1262.JPG","33.0"
"Com.G_SpM_FL 1263.JPG","33.0"
"Com.G_SpM_FL 1264.JPG","33.0"
"Com.G_SpM_FL 1265.JPG","34.0"
"Com.G_SpM_FL 1266.JPG","34.0"
"Com.G_SpM_FL 1267.JPG","34.0"
"Com.G_SpM_FL 1268.JPG","34.0"
"Com.G_SpM_FL 1269.JPG","35.0"
"Com.G_SpM_FL 1270.JPG","35.0"
"Com.G_SpM_FL 1271.JPG","35.0"
"Com.G_SpM_FL 1272.JPG","35.0"
"Com.G_SpM_FL 1273.JPG","36.0"
"Com.G_SpM_FL 1274.JPG","36.0"
"Com.G_SpM_FL 1275.JPG","36.0"
"Com.G_SpM_FL 1276.JPG","36.0"
"Com.G_SpM_FL 1277.JPG","37.0"
"Com.G_SpM_FL 1278.JPG","37.0"
"Com.G_SpM_FL 1279.JPG","37.0"
"Com.G_SpM_FL 1280.JPG","37.0"
"Com.G_SpM_FL 1281.JPG","38.0"
"Com.G_SpM_FL 1282.JPG","38.0"
"Com.G_SpM_FL 1283.JPG","38.0"
"Com.G_SpM_FL 1284.JPG","38.0"
"Com.G_SpM_FL 1285.JPG","39.0"
"Com.G_SpM_FL 1286.JPG","39.0"
"Com.G_SpM_FL 1287.JPG","39.0"
"Com.G_SpM_FL 1288.JPG","39.0"
"Com.G_SpM_FL 1289.JPG","40.0"
"Com.G_SpM_FL 1290.JPG","40.0"
"Com.G_SpM_FL 1291.JPG","40.0"
"Com.G_SpM_FL 1292.JPG","40.0"
"Com.G_SpM_FL 1293.JPG","41.0"
"Com.G_SpM_FL 1294.JPG","41.0"
"Com.G_SpM_FL 1295.JPG","41.0"
"Com.G_SpM_FL 1296.JPG","41.0"
"Com.G_SpM_FL 1297.JPG","42.0"
"Com.G_SpM_FL 1298.JPG","42.0"
"Com.G_SpM_FL 1299.JPG","42.0"
"Com.G_SpM_FL 1300.JPG","42.0"
"Com.G_SpM_FL 1301.JPG","43.0"
"Com.G_SpM_FL 1302.JPG","43.0"
"Com.G_SpM_FL 1303.JPG","43.0"
"Com.G_SpM_FL 1304.JPG","43.0"
"Com.G_SpM_FL 1305.JPG","44.0"
"Com.G_SpM_FL 1306.JPG","44.0"
"Com.G_SpM_FL 1307.JPG","44.0"
"Com.G_SpM_FL 1308.JPG","44.0"
"Com.G_SpM_FL 1309.JPG","45.0"
"Com.G_SpM_FL 1310.JPG","45.0"
"Com.G_SpM_FL 1311.JPG","45.0"
"Com.G_SpM_FL 1312.JPG","45.0"
"Com.G_SpM_FL 1313.JPG","46.0"
"Com.G_SpM_FL 1314.JPG","46.0"
"Com.G_SpM_FL 1315.JPG","46.0"
"Com.G_SpM_FL 1316.JPG","46.0"
"Com.G_SpM_FL 1317.JPG","47.0"
"Com.G_SpM_FL 1318.JPG","47.0"
"Com.G_SpM_FL 1319.JPG","47.0"
"Com.G_SpM_FL 1320.JPG","47.0"
"Com.G_SpM_FL 1321.JPG","48.0"
"Com.G_SpM_FL 1322.JPG","48.0"
"Com.G_SpM_FL 1323.JPG","48.0"
"Com.G_SpM_FL 1324.JPG","48.0"
"Com.G_SpM_FL 1325.JPG","49.0"
"Com.G_SpM_FL 1326.JPG","49.0"
"Com.G_SpM_FL 1327.JPG","49.0"
"Com.G_SpM_FL 1328.JPG","49.0"
"Com.G_SpM_FL 1330.JPG","50.0"
"Com.G_SpM_FL 1331.JPG","50.0"
"Com.G_SpM_FL 1332.JPG","50.0"
"Com.G_SpM_FL 1333.JPG","50.0"
"Com.G_SpM_FL 1334.JPG","51.0"
"Com.G_SpM_FL 1335.JPG","51.0"
"Com.G_SpM_FL 1336.JPG","51.0"
"Com.G_SpM_FL 1337.JPG","51.0"
"Com.G_SpM_FL 1338.JPG","52.0"
"Com.G_SpM_FL 1339.JPG","52.0"
"Com.G_SpM_FL 1340.JPG","52.0"
"Com.G_SpM_FL 1341.JPG","52.0"
"Com.G_SpM_FL 1342.JPG","53.0"
"Com.G_SpM_FL 1343.JPG","53.0"
"Com.G_SpM_FL 1344.JPG","53.0"
"Com.G_SpM_FL 1345.JPG","53.0"
"Com.G_SpM_FL 1346.JPG","54.0"
"Com.G_SpM_FL 1347.JPG","54.0"
"Com.G_SpM_FL 1348.JPG","54.0"
"Com.G_SpM_FL 1349.JPG","54.0"
"Com.G_SpM_FL 1350.JPG","55.0"
"Com.G_SpM_FL 1351.JPG","55.0"
"Com.G_SpM_FL 1352.JPG","55.0"
"Com.G_SpM_FL 1353.JPG","55.0"
"Com.G_SpM_FL 1354.JPG","56.0"
"Com.G_SpM_FL 1355.JPG","56.0"
"Com.G_SpM_FL 1356.JPG","56.0"
"Com.G_SpM_FL 1357.JPG","56.0"
"Com.G_SpM_FL 1358.JPG","57.0"
"Com.G_SpM_FL 1359.JPG","57.0"
"Com.G_SpM_FL 1360.JPG","57.0"
"Com.G_SpM_FL 1361.JPG","57.0"
"Com.G_SpM_FL 1362.JPG","58.0"
"Com.G_SpM_FL 1363.JPG","58.0"
"Com.G_SpM_FL 1364.JPG","58.0"
"Com.G_SpM_FL 1365.JPG","58.0"
"Com.G_SpM_FL 1366.JPG","59.0"
"Com.G_SpM_FL 1367.JPG","59.0"
"Com.G_SpM_FL 1368.JPG","59.0"
"Com.G_SpM_FL 1369.JPG","59.0"
"Com.G_SpM_FL 1370.JPG","60.0"
"Com.G_SpM_FL 1371.JPG","60.0"
"Com.G_SpM_FL 1372.JPG","60.0"
"Com.G_SpM_FL 1373.JPG","60.0"
"Com.G_SpM_FL 1374.JPG","61.0"
"Com.G_SpM_FL 1375.JPG","61.0"
"Com.G_SpM_FL 1376.JPG","61.0"
"Com.G_SpM_FL 1377.JPG","61.0"
"Com.G_SpM_FL 1378.JPG","62.0"
"Com.G_SpM_FL 1379.JPG","62.0"
"Com.G_SpM_FL 1380.JPG","62.0"
"Com.G_SpM_FL 1381.JPG","62.0"
"Com.G_SpM_FL 1382.JPG","63.0"
"Com.G_SpM_FL 1383.JPG","63.0"
"Com.G_SpM_FL 1384.JPG","63.0"
"Com.G_SpM_FL 1385.JPG","63.0"
"Com.G_SpM_FL 1386.JPG","64.0"
"Com.G_SpM_FL 1387.JPG","64.0"
"Com.G_SpM_FL 1388.JPG","64.0"
"Com.G_SpM_FL 1389.JPG","64.0"
"Com.G_SpM_FL 1390.JPG","65.0"
"Com.G_SpM_FL 1391.JPG","65.0"
"Com.G_SpM_FL 1392.JPG","65.0"
"Com.G_SpM_FL 1393.JPG","65.0"
"Com.G_SpM_FL 1394.JPG","66.0"
"Com.G_SpM_FL 1395.JPG","66.0"
"Com.G_SpM_FL 1396.JPG","66.0"
"Com.G_SpM_FL 1397.JPG","66.0"
"Com.G_SpM_FL 1398.JPG","67.0"
"Com.G_SpM_FL 1399.JPG","67.0"
"Com.G_SpM_FL 1400.JPG","67.0"
"Com.G_SpM_FL 1401.JPG","67.0"
"Com.G_SpM_FL 1402.JPG","68.0"
"Com.G_SpM_FL 1403.JPG","68.0"
"Com.G_SpM_FL 1404.JPG","68.0"
"Com.G_SpM_FL 1405.JPG","68.0"
"Com.G_SpM_FL 1406.JPG","69.0"
"Com.G_SpM_FL 1407.JPG","69.0"
"Com.G_SpM_FL 1408.JPG","69.0"
"Com.G_SpM_FL 1409.JPG","69.0"
"Com.G_SpM_FL 1410.JPG","70.0"
"Com.G_SpM_FL 1411.JPG","70.0"
"Com.G_SpM_FL 1412.JPG","70.0"
"Com.G_SpM_FL 1413.JPG","70.0"
"Com.G_SpM_FL 1414.JPG","71.0"
"Com.G_SpM_FL 1415.JPG","71.0"
"Com.G_SpM_FL 1416.JPG","71.0"
"Com.G_SpM_FL 1417.JPG","71.0"
"Com.G_SpM_FL 1418.JPG","72.0"
"Com.G_SpM_FL 1419.JPG","72.0"
"Com.G_SpM_FL 1420.JPG","72.0"
"Com.G_SpM_FL 1421.JPG","72.0"
"Com.G_SpM_FL 1422.JPG","73.0"
"Com.G_SpM_FL 1423.JPG","73.0"
"Com.G_SpM_FL 1424.JPG","73.0"
"Com.G_SpM_FL 1425.JPG","73.0"
"Com.G_SpM_FL 1426.JPG","74.0"
"Com.G_SpM_FL 1427.JPG","74.0"
"Com.G_SpM_FL 1428.JPG","74.0"
"Com.G_SpM_FL 1429.JPG","74.0"
"Com.G_SpM_FL 1430.JPG","75.0"
"Com.G_SpM_FL 1431.JPG","75.0"
"Com.G_SpM_FL 1432.JPG","75.0"
"Com.G_SpM_FL 1433.JPG","75.0"
"Com.G_SpM_FL 1434.JPG","76.0"
"Com.G_SpM_FL 1435.JPG","76.0"
"Com.G_SpM_FL 1436.JPG","76.0"
"Com.G_SpM_FL 1437.JPG","76.0"
"Com.G_SpM_FL 1438.JPG","77.0"
"Com.G_SpM_FL 1439.JPG","77.0"
"Com.G_SpM_FL 1440.JPG","77.0"
"Com.G_SpM_FL 1441.JPG","77.0"
"Com.G_SpM_FL 1442.JPG","78.0"
"Com.G_SpM_FL 1443.JPG","78.0"
"Com.G_SpM_FL 1444.JPG","78.0"
"Com.G_SpM_FL 1445.JPG","78.0"
"Com.G_SpM_FL 1446.JPG","79.0"
"Com.G_SpM_FL 1447.JPG","79.0"
"Com.G_SpM_FL 1448.JPG","79.0"
"Com.G_SpM_FL 1449.JPG","79.0"
"Com.G_SpM_FL 1450.JPG","80.0"
"Com.G_SpM_FL 1451.JPG","80.0"
"Com.G_SpM_FL 1452.JPG","80.0"
"Com.G_SpM_FL 1453.JPG","80.0"
"Com.G_SpM_FL 1454.JPG","81.0"
"Com.G_SpM_FL 1455.JPG","81.0"
"Com.G_SpM_FL 1456.JPG","81.0"
"Com.G_SpM_FL 1457.JPG","81.0"
"Com.G_SpM_FL 1458.JPG","82.0"
"Com.G_SpM_FL 1459.JPG","82.0"
"Com.G_SpM_FL 1460.JPG","82.0"
"Com.G_SpM_FL 1461.JPG","82.0"
"Com.G_SpM_FL 1463.JPG","83.0"
"Com.G_SpM_FL 1464.JPG","83.0"
"Com.G_SpM_FL 1465.JPG","83.0"
"Com.G_SpM_FL 1466.JPG","83.0"
"Com.G_SpM_FL 1467.JPG","84.0"
"Com.G_SpM_FL 1468.JPG","84.0"
"Com.G_SpM_FL 1469.JPG","84.0"
"Com.G_SpM_FL 1470.JPG","84.0"
"Com.G_SpM_FL 1471.JPG","85.0"
"Com.G_SpM_FL 1472.JPG","85.0"
"Com.G_SpM_FL 1473.JPG","85.0"
"Com.G_SpM_FL 1474.JPG","85.0"
"Com.G_SpM_FL 1475.JPG","86.0"
"Com.G_SpM_FL 1476.JPG","86.0"
"Com.G_SpM_FL 1477.JPG","86.0"
"Com.G_SpM_FL 1478.JPG","86.0"
"Com.G_SpM_FL 1479.JPG","87.0"
"Com.G_SpM_FL 1480.JPG","87.0"
"Com.G_SpM_FL 1481.JPG","87.0"
"Com.G_SpM_FL 1482.JPG","87.0"
"Com.G_SpM_FL 1483.JPG","88.0"
"Com.G_SpM_FL 1484.JPG","88.0"
"Com.G_SpM_FL 1485.JPG","88.0"
"Com.G_SpM_FL 1486.JPG","88.0"
"Com.G_SpM_FL 1487.JPG","89.0"
"Com.G_SpM_FL 1488.JPG","89.0"
"Com.G_SpM_FL 1489.JPG","89.0"
"Com.G_SpM_FL 1490.JPG","89.0"
"Com.G_SpM_FL 1491.JPG","90.0"
"Com.G_SpM_FL 1492.JPG","90.0"
"Com.G_SpM_FL 1493.JPG","90.0"
"Com.G_SpM_FL 1494.JPG","90.0"
"Com.G_SpM_FL 1495.JPG","91.0"
"Com.G_SpM_FL 1496.JPG","91.0"
"Com.G_SpM_FL 1497.JPG","91.0"
"Com.G_SpM_FL 1498.JPG","91.0"
"Com.G_SpM_FL 1499.JPG","92.0"
"Com.G_SpM_FL 1500.JPG","92.0"
"Com.G_SpM_FL 1501.JPG","92.0"
"Com.G_SpM_FL 1502.JPG","92.0"
"Com.G_SpM_FL 1503.JPG","93.0"
"Com.G_SpM_FL 1504.JPG","93.0"
"Com.G_SpM_FL 1505.JPG","93.0"
"Com.G_SpM_FL 1506.JPG","93.0"
"Com.G_SpM_FL 1507.JPG","94.0"
"Com.G_SpM_FL 1508.JPG","94.0"
"Com.G_SpM_FL 1509.JPG","94.0"
"Com.G_SpM_FL 1510.JPG","94.0"
"Com.G_SpM_FL 1511.JPG","95.0"
"Com.G_SpM_FL 1512.JPG","95.0"
"Com.G_SpM_FL 1513.JPG","95.0"
"Com.G_SpM_FL 1514.JPG","95.0"
"Com.G_SpM_FL 1515.JPG","96.0"
"Com.G_SpM_FL 1516.JPG","96.0"
"Com.G_SpM_FL 1517.JPG","96.0"
"Com.G_SpM_FL 1518.JPG","96.0"
"Com.G_SpM_FL 1519.JPG","97.0"
"Com.G_SpM_FL 1520.JPG","97.0"
"Com.G_SpM_FL 1521.JPG","97.0"
"Com.G_SpM_FL 1522.JPG","97.0"
"Com.G_SpM_FL 1523.JPG","98.0"
"Com.G_SpM_FL 1524.JPG","98.0"
"Com.G_SpM_FL 1525.JPG","98.0"
"Com.G_SpM_FL 1526.JPG","98.0"
"Com.G_SpM_FL 1527.JPG","99.0"
"Com.G_SpM_FL 1528.JPG","99.0"
"Com.G_SpM_FL 1529.JPG","99.0"
"Com.G_SpM_FL 1530.JPG","99.0"
"Com.G_SpM_FL 1531.JPG","100.0"
"Com.G_SpM_FL 1532.JPG","100.0"
"Com.G_SpM_FL 1533.JPG","100.0"
"Com.G_SpM_FL 1534.JPG","100.0"
"Com.G_SpM_FL 1536.JPG","101.0"
"Com.G_SpM_FL 1537.JPG","101.0"
"Com.G_SpM_FL 1538.JPG","101.0"
"Com.G_SpM_FL 1539.JPG","101.0"
"Com.G_SpM_FL 1540.JPG","102.0"
"Com.G_SpM_FL 1541.JPG","102.0"
"Com.G_SpM_FL 1542.JPG","102.0"
"Com.G_SpM_FL 1543.JPG","102.0"
"Com.G_SpM_FL 1544.JPG","103.0"
"Com.G_SpM_FL 1545.JPG","103.0"
"Com.G_SpM_FL 1546.JPG","103.0"
"Com.G_SpM_FL 1547.JPG","103.0"
"Com.G_SpM_FL 1548.JPG","104.0"
"Com.G_SpM_FL 1549.JPG","104.0"
"Com.G_SpM_FL 1550.JPG","104.0"
"Com.G_SpM_FL 1551.JPG","104.0"
"Com.G_SpM_FL 1552.JPG","105.0"
"Com.G_SpM_FL 1553.JPG","105.0"
"Com.G_SpM_FL 1554.JPG","105.0"
"Com.G_SpM_FL 1555.JPG","105.0"
"Com.G_SpM_FL 1556.JPG","106.0"
"Com.G_SpM_FL 1557.JPG","106.0"
"Com.G_SpM_FL 1558.JPG","106.0"
"Com.G_SpM_FL 1559.JPG","106.0"
"Com.G_SpM_FL 1560.JPG","107.0"
"Com.G_SpM_FL 1561.JPG","107.0"
"Com.G_SpM_FL 1562.JPG","107.0"
"Com.G_SpM_FL 1563.JPG","107.0"
"Com.G_SpM_FL 1564.JPG","108.0"
"Com.G_SpM_FL 1565.JPG","108.0"
"Com.G_SpM_FL 1566.JPG","108.0"
"Com.G_SpM_FL 1567.JPG","108.0"
"Com.G_SpM_FL 1568.JPG","109.0"
"Com.G_SpM_FL 1569.JPG","109.0"
"Com.G_SpM_FL 1570.JPG","109.0"
"Com.G_SpM_FL 1571.JPG","109.0"
"Com.G_SpM_FL 1572.JPG","110.0"
"Com.G_SpM_FL 1573.JPG","110.0"
"Com.G_SpM_FL 1574.JPG","110.0"
"Com.G_SpM_FL 1575.JPG","110.0"
"Com.G_SpM_FL 1576.JPG","111.0"
"Com.G_SpM_FL 1577.JPG","111.0"
"Com.G_SpM_FL 1578.JPG","111.0"
"Com.G_SpM_FL 1579.JPG","111.0"
"Com.G_SpM_FL 1580.JPG","112.0"
"Com.G_SpM_FL 1581.JPG","112.0"
"Com.G_SpM_FL 1582.JPG","112.0"
"Com.G_SpM_FL 1583.JPG","112.0"
"Com.G_SpM_FL 1584.JPG","113.0"
"Com.G_SpM_FL 1585.JPG","113.0"
"Com.G_SpM_FL 1586.JPG","113.0"
"Com.G_SpM_FL 1587.JPG","113.0"
"Com.G_SpM_FL 1588.JPG","114.0"
"Com.G_SpM_FL 1589.JPG","114.0"
"Com.G_SpM_FL 1590.JPG","114.0"
"Com.G_SpM_FL 1591.JPG","114.0"
"Com.G_SpM_FL 1592.JPG","115.0"
"Com.G_SpM_FL 1593.JPG","115.0"
"Com.G_SpM_FL 1594.JPG","115.0"
"Com.G_SpM_FL 1595.JPG","115.0"
"Com.G_SpM_FL 1596.JPG","116.0"
"Com.G_SpM_FL 1597.JPG","116.0"
"Com.G_SpM_FL 1598.JPG","116.0"
"Com.G_SpM_FL 1599.JPG","116.0"
"Com.G_SpM_FL 1600.JPG","117.0"
"Com.G_SpM_FL 1601.JPG","117.0"
"Com.G_SpM_FL 1602.JPG","117.0"
"Com.G_SpM_FL 1603.JPG","117.0"
"Com.G_SpM_FL 1604.JPG","118.0"
"Com.G_SpM_FL 1605.JPG","118.0"
"Com.G_SpM_FL 1606.JPG","118.0"
"Com.G_SpM_FL 1607.JPG","118.0"
"Com.G_SpM_FL 1608.JPG","119.0"
"Com.G_SpM_FL 1609.JPG","119.0"
"Com.G_SpM_FL 1610.JPG","119.0"
"Com.G_SpM_FL 1611.JPG","119.0"
"Com.G_SpM_FL 1613.JPG","120.0"
"Com.G_SpM_FL 1614.JPG","120.0"
"Com.G_SpM_FL 1615.JPG","120.0"
"Com.G_SpM_FL 1616.JPG","120.0"
"Com.G_SpM_FL 1617.JPG","121.0"
"Com.G_SpM_FL 1618.JPG","121.0"
"Com.G_SpM_FL 1619.JPG","121.0"
"Com.G_SpM_FL 1620.JPG","121.0"
"Com.G_SpM_FL 1621.JPG","122.0"
"Com.G_SpM_FL 1622.JPG","122.0"
"Com.G_SpM_FL 1623.JPG","122.0"
"Com.G_SpM_FL 1624.JPG","122.0"
"Com.G_SpM_FL 1625.JPG","123.0"
"Com.G_SpM_FL 1626.JPG","123.0"
"Com.G_SpM_FL 1627.JPG","123.0"
"Com.G_SpM_FL 1628.JPG","123.0"
"Com.G_SpM_FL 1629.JPG","124.0"
"Com.G_SpM_FL 1630.JPG","124.0"
"Com.G_SpM_FL 1631.JPG","124.0"
"Com.G_SpM_FL 1632.JPG","124.0"
"Com.G_SpM_FL 1633.JPG","125.0"
"Com.G_SpM_FL 1634.JPG","125.0"
"Com.G_SpM_FL 1635.JPG","125.0"
"Com.G_SpM_FL 1636.JPG","125.0"
"Com.G_SpM_FL 1637.JPG","126.0"
"Com.G_SpM_FL 1638.JPG","126.0"
"Com.G_SpM_FL 1639.JPG","126.0"
"Com.G_SpM_FL 1640.JPG","126.0"
"Com.G_SpM_FL 1641.JPG","127.0"
"Com.G_SpM_FL 1642.JPG","127.0"
"Com.G_SpM_FL 1643.JPG","127.0"
"Com.G_SpM_FL 1644.JPG","127.0"
"Com.G_SpM_FL 1645.JPG","128.0"
"Com.G_SpM_FL 1646.JPG","128.0"
"Com.G_SpM_FL 1647.JPG","128.0"
"Com.G_SpM_FL 1648.JPG","128.0"
"Com.G_SpM_FL 1649.JPG","129.0"
"Com.G_SpM_FL 1650.JPG","129.0"
"Com.G_SpM_FL 1651.JPG","129.0"
"Com.G_SpM_FL 1652.JPG","129.0"
"Com.G_SpM_FL 1653.JPG","130.0"
"Com.G_SpM_FL 1654.JPG","130.0"
"Com.G_SpM_FL 1655.JPG","130.0"
"Com.G_SpM_FL 1656.JPG","130.0"
"Com.G_SpM_FL 1657.JPG","131.0"
"Com.G_SpM_FL 1658.JPG","131.0"
"Com.G_SpM_FL 1659.JPG","131.0"
"Com.G_SpM_FL 1660.JPG","131.0"
"Com.G_SpM_FL 1661.JPG","132.0"
"Com.G_SpM_FL 1662.JPG","132.0"
"Com.G_SpM_FL 1663.JPG","132.0"
"Com.G_SpM_FL 1664.JPG","132.0"
"Com.G_SpM_FL 1665.JPG","133.0"
"Com.G_SpM_FL 1666.JPG","133.0"
"Com.G_SpM_FL 1667.JPG","133.0"
"Com.G_SpM_FL 1668.JPG","133.0"
"Com.G_SpM_FL 1669.JPG","134.0"
"Com.G_SpM_FL 1670.JPG","134.0"
"Com.G_SpM_FL 1671.JPG","134.0"
"Com.G_SpM_FL 1672.JPG","134.0"
"Com.G_SpM_FL 1673.JPG","135.0"
"Com.G_SpM_FL 1674.JPG","135.0"
"Com.G_SpM_FL 1675.JPG","135.0"
"Com.G_SpM_FL 1676.JPG","135.0"
"Com.G_SpM_FL 1677.JPG","136.0"
"Com.G_SpM_FL 1678.JPG","136.0"
"Com.G_SpM_FL 1679.JPG","136.0"
"Com.G_SpM_FL 1680.JPG","136.0"
"Com.G_SpM_FL 1681.JPG","137.0"
"Com.G_SpM_FL 1682.JPG","137.0"
"Com.G_SpM_FL 1683.JPG","137.0"
"Com.G_SpM_FL 1684.JPG","137.0"
"Com.G_SpM_FL 1685.JPG","138.0"
"Com.G_SpM_FL 1686.JPG","138.0"
"Com.G_SpM_FL 1687.JPG","138.0"
"Com.G_SpM_FL 1688.JPG","138.0"
"Com.G_SpM_FL 1689.JPG","139.0"
"Com.G_SpM_FL 1690.JPG","139.0"
"Com.G_SpM_FL 1691.JPG","139.0"
"Com.G_SpM_FL 1692.JPG","139.0"
"Com.G_SpM_FL 1693.JPG","140.0"
"Com.G_SpM_FL 1694.JPG","140.0"
"Com.G_SpM_FL 1695.JPG","140.0"
"Com.G_SpM_FL 1696.JPG","140.0"
"Com.G_SpM_FL 1697.JPG","141.0"
"Com.G_SpM_FL 1698.JPG","141.0"
"Com.G_SpM_FL 1699.JPG","141.0"
"Com.G_SpM_FL 1700.JPG","141.0"
"Com.G_SpM_FL 1701.JPG","142.0"
"Com.G_SpM_FL 1702.JPG","142.0"
"Com.G_SpM_FL 1703.JPG","142.0"
"Com.G_SpM_FL 1704.JPG","142.0"
"Com.G_SpM_FL 1705.JPG","143.0"
"Com.G_SpM_FL 1706.JPG","143.0"
"Com.G_SpM_FL 1707.JPG","143.0"
"Com.G_SpM_FL 1708.JPG","143.0"
"Com.G_SpM_FL 1709.JPG","144.0"
"Com.G_SpM_FL 1710.JPG","144.0"
"Com.G_SpM_FL 1711.JPG","144.0"
"Com.G_SpM_FL 1712.JPG","144.0"
"Com.G_SpM_FL 1713.JPG","145.0"
"Com.G_SpM_FL 1714.JPG","145.0"
"Com.G_SpM_FL 1715.JPG","145.0"
"Com.G_SpM_FL 1716.JPG","145.0"
"Com.G_SpM_FL 1717.JPG","146.0"
"Com.G_SpM_FL 1718.JPG","146.0"
"Com.G_SpM_FL 1719.JPG","146.0"
"Com.G_SpM_FL 1720.JPG","146.0"
"Com.G_SpM_FL 1721.JPG","147.0"
"Com.G_SpM_FL 1722.JPG","147.0"
"Com.G_SpM_FL 1723.JPG","147.0"
"Com.G_SpM_FL 1724.JPG","147.0"
"Com.G_SpM_FL 1725.JPG","148.0"
"Com.G_SpM_FL 1726.JPG","148.0"
"Com.G_SpM_FL 1727.JPG","148.0"
"Com.G_SpM_FL 1728.JPG","148.0"
"Com.G_SpM_FL 1729.JPG","149.0"
"Com.G_SpM_FL 1730.JPG","149.0"
"Com.G_SpM_FL 1731.JPG","149.0"
"Com.G_SpM_FL 1732.JPG","149.0"
"Com.G_SpM_FL 1733.JPG","150.0"
"Com.G_SpM_FL 1734.JPG","150.0"
"Com.G_SpM_FL 1735.JPG","150.0"
"Com.G_SpM_FL 1736.JPG","150.0"
"Com.G_SpM_FL 1737.JPG","151.0"
"Com.G_SpM_FL 1738.JPG","151.0"
"Com.G_SpM_FL 1739.JPG","151.0"
"Com.G_SpM_FL 1740.JPG","151.0"
"Com.G_SpM_FL 1741.JPG","152.0"
"Com.G_SpM_FL 1742.JPG","152.0"
"Com.G_SpM_FL 1743.JPG","152.0"
"Com.G_SpM_FL 1744.JPG","152.0"
"Com.G_SpM_FL 1745.JPG","153.0"
"Com.G_SpM_FL 1746.JPG","153.0"
"Com.G_SpM_FL 1747.JPG","153.0"
"Com.G_SpM_FL 1748.JPG","153.0"
"Com.G_SpM_FL 1749.JPG","154.0"
"Com.G_SpM_FL 1750.JPG","154.0"
"Com.G_SpM_FL 1751.JPG","154.0"
"Com.G_SpM_FL 1752.JPG","154.0"
"Com.G_SpM_FL 1753.JPG","155.0"
"Com.G_SpM_FL 1754.JPG","155.0"
"Com.G_SpM_FL 1755.JPG","155.0"
"Com.G_SpM_FL 1756.JPG","155.0"
"Com.G_SpM_FL 1757.JPG","156.0"
"Com.G_SpM_FL 1758.JPG","156.0"
"Com.G_SpM_FL 1759.JPG","156.0"
"Com.G_SpM_FL 1760.JPG","156.0"
"Com.G_SpM_FL 1761.JPG","157.0"
"Com.G_SpM_FL 1762.JPG","157.0"
"Com.G_SpM_FL 1763.JPG","157.0"
"Com.G_SpM_FL 1764.JPG","157.0"
"Com.G_SpM_FL 1765.JPG","158.0"
"Com.G_SpM_FL 1766.JPG","158.0"
"Com.G_SpM_FL 1767.JPG","158.0"
"Com.G_SpM_FL 1768.JPG","158.0"
"Com.G_SpM_FL 1769.JPG","159.0"
"Com.G_SpM_FL 1770.JPG","159.0"
"Com.G_SpM_FL 1771.JPG","159.0"
"Com.G_SpM_FL 1772.JPG","159.0"
"Com.G_SpM_FL 1773.JPG","160.0"
"Com.G_SpM_FL 1774.JPG","160.0"
"Com.G_SpM_FL 1775.JPG","160.0"
"Com.G_SpM_FL 1776.JPG","160.0"
"Com.G_SpM_FL 1777.JPG","161.0"
"Com.G_SpM_FL 1778.JPG","161.0"
"Com.G_SpM_FL 1779.JPG","161.0"
"Com.G_SpM_FL 1780.JPG","161.0"
"Com.G_SpM_FL 1781.JPG","162.0"
"Com.G_SpM_FL 1782.JPG","162.0"
"Com.G_SpM_FL 1783.JPG","162.0"
"Com.G_SpM_FL 1784.JPG","162.0"
"Com.G_SpM_FL 8415.JPG","163.0"
"Com.G_SpM_FL 8416.JPG","163.0"
"Com.G_SpM_FL 8417.JPG","163.0"
"Com.G_SpM_FL 8418.JPG","163.0"
"Com.G_SpM_FL 8419.JPG","164.0"
"Com.G_SpM_FL 8420.JPG","164.0"
"Com.G_SpM_FL 8421.JPG","164.0"
"Com.G_SpM_FL 8422.JPG","164.0"
"Com.G_SpM_FL 8423.JPG","165.0"
"Com.G_SpM_FL 8424.JPG","165.0"
"Com.G_SpM_FL 8425.JPG","165.0"
"Com.G_SpM_FL 8426.JPG","165.0"
"Com.G_SpM_FL 8427.JPG","166.0"
"Com.G_SpM_FL 8428.JPG","166.0"
"Com.G_SpM_FL 8429.JPG","166.0"
"Com.G_SpM_FL 8430.JPG","166.0"
"Com.G_SpM_FL 8431.JPG","167.0"
"Com.G_SpM_FL 8432.JPG","167.0"
"Com.G_SpM_FL 8433.JPG","167.0"
"Com.G_SpM_FL 8434.JPG","167.0"
"Com.G_SpM_FL 8435.JPG","168.0"
"Com.G_SpM_FL 8436.JPG","168.0"
"Com.G_SpM_FL 8437.JPG","168.0"
"Com.G_SpM_FL 8438.JPG","168.0"
"Com.G_SpM_FL 8439.JPG","169.0"
"Com.G_SpM_FL 8440.JPG","169.0"
"Com.G_SpM_FL 8441.JPG","169.0"
"Com.G_SpM_FL 8442.JPG","169.0"
"Com.G_SpM_FL 8443.JPG","170.0"
"Com.G_SpM_FL 8444.JPG","170.0"
"Com.G_SpM_FL 8445.JPG","170.0"
"Com.G_SpM_FL 8446.JPG","170.0"
"Com.G_SpM_FL 8447.JPG","171.0"
"Com.G_SpM_FL 8448.JPG","171.0"
"Com.G_SpM_FL 8449.JPG","171.0"
"Com.G_SpM_FL 8450.JPG","171.0"
"Com.G_SpM_FL 8451.JPG","172.0"
"Com.G_SpM_FL 8452.JPG","172.0"
"Com.G_SpM_FL 8453.JPG","172.0"
"Com.G_SpM_FL 8454.JPG","172.0"
"Com.G_SpM_FL 8455.JPG","173.0"
"Com.G_SpM_FL 8456.JPG","173.0"
"Com.G_SpM_FL 8457.JPG","173.0"
"Com.G_SpM_FL 8458.JPG","173.0"
"Com.G_SpM_FL 8460.JPG","174.0"
"Com.G_SpM_FL 8461.JPG","174.0"
"Com.G_SpM_FL 8462.JPG","174.0"
"Com.G_SpM_FL 8463.JPG","174.0"
"Com.G_SpM_FL 8464.JPG","175.0"
"Com.G_SpM_FL 8465.JPG","175.0"
"Com.G_SpM_FL 8466.JPG","175.0"
"Com.G_SpM_FL 8467.JPG","175.0"
"Com.G_SpM_FL 8468.JPG","176.0"
"Com.G_SpM_FL 8469.JPG","176.0"
"Com.G_SpM_FL 8470.JPG","176.0"
"Com.G_SpM_FL 8471.JPG","176.0"
"Com.G_SpM_FL 8472.JPG","177.0"
"Com.G_SpM_FL 8473.JPG","177.0"
"Com.G_SpM_FL 8474.JPG","177.0"
"Com.G_SpM_FL 8475.JPG","177.0"
"Com.G_SpM_FL 8476.JPG","178.0"
"Com.G_SpM_FL 8477.JPG","178.0"
"Com.G_SpM_FL 8478.JPG","178.0"
"Com.G_SpM_FL 8479.JPG","178.0"
"Com.G_SpM_FL 8480.JPG","179.0"
"Com.G_SpM_FL 8481.JPG","179.0"
"Com.G_SpM_FL 8482.JPG","179.0"
"Com.G_SpM_FL 8483.JPG","179.0"
"Com.G_SpM_FL 8484.JPG","180.0"
"Com.G_SpM_FL 8485.JPG","180.0"
"Com.G_SpM_FL 8486.JPG","180.0"
"Com.G_SpM_FL 8487.JPG","180.0"
"Com.G_SpM_FL 8488.JPG","181.0"
"Com.G_SpM_FL 8489.JPG","181.0"
"Com.G_SpM_FL 8490.JPG","181.0"
"Com.G_SpM_FL 8491.JPG","181.0"
"Com.G_SpM_FL 8492.JPG","182.0"
"Com.G_SpM_FL 8493.JPG","182.0"
"Com.G_SpM_FL 8494.JPG","182.0"
"Com.G_SpM_FL 8495.JPG","182.0"
"Com.G_SpM_FL 8496.JPG","183.0"
"Com.G_SpM_FL 8497.JPG","183.0"
"Com.G_SpM_FL 8498.JPG","183.0"
"Com.G_SpM_FL 8499.JPG","183.0"
"Com.G_SpM_FL 8500.JPG","184.0"
"Com.G_SpM_FL 8501.JPG","184.0"
"Com.G_SpM_FL 8502.JPG","184.0"
"Com.G_SpM_FL 8503.JPG","184.0"
"Com.G_SpM_FL 8504.JPG","185.0"
"Com.G_SpM_FL 8505.JPG","185.0"
"Com.G_SpM_FL 8506.JPG","185.0"
"Com.G_SpM_FL 8507.JPG","185.0"
"Com.G_SpM_FL 8508.JPG","186.0"
"Com.G_SpM_FL 8509.JPG","186.0"
"Com.G_SpM_FL 8510.JPG","186.0"
"Com.G_SpM_FL 8511.JPG","186.0"
"Com.G_SpM_FL 8512.JPG","187.0"
"Com.G_SpM_FL 8513.JPG","187.0"
"Com.G_SpM_FL 8514.JPG","187.0"
"Com.G_SpM_FL 8515.JPG","187.0"
"Com.G_SpM_FL 8516.JPG","188.0"
"Com.G_SpM_FL 8517.JPG","188.0"
"Com.G_SpM_FL 8518.JPG","188.0"
"Com.G_SpM_FL 8519.JPG","188.0"
"Com.G_SpM_FL 8520.JPG","189.0"
"Com.G_SpM_FL 8521.JPG","189.0"
"Com.G_SpM_FL 8522.JPG","189.0"
"Com.G_SpM_FL 8523.JPG","189.0"
"Com.G_SpM_FL 8524.JPG","190.0"
"Com.G_SpM_FL 8525.JPG","190.0"
"Com.G_SpM_FL 8526.JPG","190.0"
"Com.G_SpM_FL 8527.JPG","190.0"
"Com.G_SpM_FL 8528.JPG","191.0"
"Com.G_SpM_FL 8529.JPG","191.0"
"Com.G_SpM_FL 8530.JPG","191.0"
"Com.G_SpM_FL 8531.JPG","191.0"
"Com.G_SpM_FL 8532.JPG","192.0"
"Com.G_SpM_FL 8533.JPG","192.0"
"Com.G_SpM_FL 8534.JPG","192.0"
"Com.G_SpM_FL 8535.JPG","192.0"
"Com.G_SpM_FL 8536.JPG","193.0"
"Com.G_SpM_FL 8537.JPG","193.0"
"Com.G_SpM_FL 8538.JPG","193.0"
"Com.G_SpM_FL 8539.JPG","193.0"
"Com.G_SpM_FL 8540.JPG","194.0"
"Com.G_SpM_FL 8541.JPG","194.0"
"Com.G_SpM_FL 8542.JPG","194.0"
"Com.G_SpM_FL 8543.JPG","194.0"
"Com.G_SpM_FL 8544.JPG","195.0"
"Com.G_SpM_FL 8545.JPG","195.0"
"Com.G_SpM_FL 8546.JPG","195.0"
"Com.G_SpM_FL 8547.JPG","195.0"
"Com.G_SpM_FL 8548.JPG","196.0"
"Com.G_SpM_FL 8549.JPG","196.0"
"Com.G_SpM_FL 8550.JPG","196.0"
"Com.G_SpM_FL 8551.JPG","196.0"
"Com.G_SpM_FL 8552.JPG","197.0"
"Com.G_SpM_FL 8553.JPG","197.0"
"Com.G_SpM_FL 8554.JPG","197.0"
"Com.G_SpM_FL 8555.JPG","197.0"
"Com.G_SpM_FL 8556.JPG","198.0"
"Com.G_SpM_FL 8557.JPG","198.0"
"Com.G_SpM_FL 8558.JPG","198.0"
"Com.G_SpM_FL 8559.JPG","198.0"
"Com.G_SpM_FL 8560.JPG","199.0"
"Com.G_SpM_FL 8561.JPG","199.0"
"Com.G_SpM_FL 8562.JPG","199.0"
"Com.G_SpM_FL 8563.JPG","199.0"
"Com.G_SpM_FL 8564.JPG","200.0"
"Com.G_SpM_FL 8565.JPG","200.0"
"Com.G_SpM_FL 8566.JPG","200.0"
"Com.G_SpM_FL 8567.JPG","200.0"
"Com.G_SpM_FL 8568.JPG","201.0"
"Com.G_SpM_FL 8569.JPG","201.0"
"Com.G_SpM_FL 8570.JPG","201.0"
"Com.G_SpM_FL 8571.JPG","201.0"
"Com.G_SpM_FL 8572.JPG","202.0"
"Com.G_SpM_FL 8573.JPG","202.0"
"Com.G_SpM_FL 8574.JPG","202.0"
"Com.G_SpM_FL 8575.JPG","202.0"
"Com.G_SpM_FL 8576.JPG","203.0"
"Com.G_SpM_FL 8577.JPG","203.0"
"Com.G_SpM_FL 8578.JPG","203.0"
"Com.G_SpM_FL 8579.JPG","203.0"
"Com.G_SpM_FL 8580.JPG","204.0"
"Com.G_SpM_FL 8581.JPG","204.0"
"Com.G_SpM_FL 8582.JPG","204.0"
"Com.G_SpM_FL 8583.JPG","204.0"
"Com.G_SpM_FL 8584.JPG","205.0"
"Com.G_SpM_FL 8585.JPG","205.0"
"Com.G_SpM_FL 8586.JPG","205.0"
"Com.G_SpM_FL 8587.JPG","205.0"
"Com.G_SpM_FL 8588.JPG","206.0"
"Com.G_SpM_FL 8589.JPG","206.0"
"Com.G_SpM_FL 8590.JPG","206.0"
"Com.G_SpM_FL 8591.JPG","206.0"
"Com.G_SpM_FL 8592.JPG","207.0"
"Com.G_SpM_FL 8593.JPG","207.0"
"Com.G_SpM_FL 8594.JPG","207.0"
"Com.G_SpM_FL 8595.JPG","207.0"
"Com.G_SpM_FL 8596.JPG","208.0"
"Com.G_SpM_FL 8597.JPG","208.0"
"Com.G_SpM_FL 8598.JPG","208.0"
"Com.G_SpM_FL 8599.JPG","208.0"
"Com.G_SpM_FL 8600.JPG","209.0"
"Com.G_SpM_FL 8601.JPG","209.0"
"Com.G_SpM_FL 8602.JPG","209.0"
"Com.G_SpM_FL 8603.JPG","209.0"
"Com.G_SpM_FL 8604.JPG","210.0"
"Com.G_SpM_FL 8605.JPG","210.0"
"Com.G_SpM_FL 8606.JPG","210.0"
"Com.G_SpM_FL 8607.JPG","210.0"
"Com.G_SpM_FL 8608.JPG","211.0"
"Com.G_SpM_FL 8609.JPG","211.0"
"Com.G_SpM_FL 8610.JPG","211.0"
"Com.G_SpM_FL 8611.JPG","211.0"
"Com.G_SpM_FL 8612.JPG","212.0"
"Com.G_SpM_FL 8613.JPG","212.0"
"Com.G_SpM_FL 8614.JPG","212.0"
"Com.G_SpM_FL 8615.JPG","212.0"
"Com.G_SpM_FL 8616.JPG","213.0"
"Com.G_SpM_FL 8617.JPG","213.0"
"Com.G_SpM_FL 8618.JPG","213.0"
"Com.G_SpM_FL 8619.JPG","213.0"
"Com.G_SpM_FL 8620.JPG","214.0"
"Com.G_SpM_FL 8621.JPG","214.0"
"Com.G_SpM_FL 8622.JPG","214.0"
"Com.G_SpM_FL 8623.JPG","214.0"
"Com.G_SpM_FL 8624.JPG","215.0"
"Com.G_SpM_FL 8625.JPG","215.0"
"Com.G_SpM_FL 8626.JPG","215.0"
"Com.G_SpM_FL 8627.JPG","215.0"
"Com.G_SpM_FL 8628.JPG","216.0"
"Com.G_SpM_FL 8629.JPG","216.0"
"Com.G_SpM_FL 8630.JPG","216.0"
"Com.G_SpM_FL 8631.JPG","216.0"
"Com.G_SpM_FL 8632.JPG","217.0"
"Com.G_SpM_FL 8633.JPG","217.0"
"Com.G_SpM_FL 8634.JPG","217.0"
"Com.G_SpM_FL 8635.JPG","217.0"
"Com.G_SpM_FL 8636.JPG","218.0"
"Com.G_SpM_FL 8637.JPG","218.0"
"Com.G_SpM_FL 8638.JPG","218.0"
"Com.G_SpM_FL 8639.JPG","218.0"
"Com.G_SpM_FL 8640.JPG","219.0"
"Com.G_SpM_FL 8641.JPG","219.0"
"Com.G_SpM_FL 8642.JPG","219.0"
"Com.G_SpM_FL 8643.JPG","219.0"
"Com.G_SpM_FL 8644.JPG","220.0"
"Com.G_SpM_FL 8645.JPG","220.0"
"Com.G_SpM_FL 8646.JPG","220.0"
"Com.G_SpM_FL 8647.JPG","220.0"
"Com.G_SpM_FL 8648.JPG","221.0"
"Com.G_SpM_FL 8649.JPG","221.0"
"Com.G_SpM_FL 8650.JPG","221.0"
"Com.G_SpM_FL 8651.JPG","221.0"
"Com.G_SpM_FL 8652.JPG","222.0"
"Com.G_SpM_FL 8653.JPG","222.0"
"Com.G_SpM_FL 8654.JPG","222.0"
"Com.G_SpM_FL 8655.JPG","222.0"
"Com.G_SpM_FL 8656.JPG","223.0"
"Com.G_SpM_FL 8657.JPG","223.0"
"Com.G_SpM_FL 8658.JPG","223.0"
"Com.G_SpM_FL 8659.JPG","223.0"
"Com.G_SpM_FL 8660.JPG","224.0"
"Com.G_SpM_FL 8661.JPG","224.0"
"Com.G_SpM_FL 8662.JPG","224.0"
"Com.G_SpM_FL 8663.JPG","224.0"
"Com.G_SpM_FL 8664.JPG","225.0"
"Com.G_SpM_FL 8665.JPG","225.0"
"Com.G_SpM_FL 8666.JPG","225.0"
"Com.G_SpM_FL 8667.JPG","225.0"
"Com.G_SpM_FL 8668.JPG","226.0"
"Com.G_SpM_FL 8669.JPG","226.0"
"Com.G_SpM_FL 8670.JPG","226.0"
"Com.G_SpM_FL 8671.JPG","226.0"
"Com.G_SpM_FL 8672.JPG","227.0"
"Com.G_SpM_FL 8673.JPG","227.0"
"Com.G_SpM_FL 8674.JPG","227.0"
"Com.G_SpM_FL 8675.JPG","227.0"
"Com.G_SpM_FL 8676.JPG","228.0"
"Com.G_SpM_FL 8677.JPG","228.0"
"Com.G_SpM_FL 8678.JPG","228.0"
"Com.G_SpM_FL 8679.JPG","228.0"
"Com.G_SpM_FL 8680.JPG","229.0"
"Com.G_SpM_FL 8681.JPG","229.0"
"Com.G_SpM_FL 8682.JPG","229.0"
"Com.G_SpM_FL 8683.JPG","229.0"
"Com.G_SpM_FL 8684.JPG","230.0"
"Com.G_SpM_FL 8685.JPG","230.0"
"Com.G_SpM_FL 8686.JPG","230.0"
"Com.G_SpM_FL 8687.JPG","230.0"
"Com.G_SpM_FL 8688.JPG","231.0"
"Com.G_SpM_FL 8689.JPG","231.0"
"Com.G_SpM_FL 8690.JPG","231.0"
"Com.G_SpM_FL 8691.JPG","231.0"
"Com.G_SpM_FL 8692.JPG","232.0"
"Com.G_SpM_FL 8693.JPG","232.0"
"Com.G_SpM_FL 8694.JPG","232.0"
"Com.G_SpM_FL 8695.JPG","232.0"
"Com.G_SpM_FL 8696.JPG","233.0"
"Com.G_SpM_FL 8697.JPG","233.0"
"Com.G_SpM_FL 8698.JPG","233.0"
"Com.G_SpM_FL 8699.JPG","233.0"
"Com.G_SpM_FL 8700.JPG","234.0"
"Com.G_SpM_FL 8701.JPG","234.0"
"Com.G_SpM_FL 8702.JPG","234.0"
"Com.G_SpM_FL 8703.JPG","234.0"
"Com.G_SpM_FL 8704.JPG","235.0"
"Com.G_SpM_FL 8705.JPG","235.0"
"Com.G_SpM_FL 8706.JPG","235.0"
"Com.G_SpM_FL 8707.JPG","235.0"
"Com.G_SpM_FL 8708.JPG","236.0"
"Com.G_SpM_FL 8709.JPG","236.0"
"Com.G_SpM_FL 8710.JPG","236.0"
"Com.G_SpM_FL 8711.JPG","236.0"
"Com.G_SpM_FL 8712.JPG","237.0"
"Com.G_SpM_FL 8713.JPG","237.0"
"Com.G_SpM_FL 8714.JPG","237.0"
"Com.G_SpM_FL 8715.JPG","237.0"
"Com.G_SpM_FL 8716.JPG","238.0"
"Com.G_SpM_FL 8717.JPG","238.0"
"Com.G_SpM_FL 8718.JPG","238.0"
"Com.G_SpM_FL 8719.JPG","238.0"
"Com.G_SpM_FL 8720.JPG","239.0"
"Com.G_SpM_FL 8721.JPG","239.0"
"Com.G_SpM_FL 8722.JPG","239.0"
"Com.G_SpM_FL 8723.JPG","239.0"
"Com.G_SpM_FL 8724.JPG","240.0"
"Com.G_SpM_FL 8725.JPG","240.0"
"Com.G_SpM_FL 8726.JPG","240.0"
"Com.G_SpM_FL 8727.JPG","240.0"
"Com.G_SpM_FL 8728.JPG","241.0"
"Com.G_SpM_FL 8729.JPG","241.0"
"Com.G_SpM_FL 8730.JPG","241.0"
"Com.G_SpM_FL 8731.JPG","241.0"
"Com.G_SpM_FL 8732.JPG","242.0"
"Com.G_SpM_FL 8733.JPG","242.0"
"Com.G_SpM_FL 8734.JPG","242.0"
"Com.G_SpM_FL 8735.JPG","242.0"
"Com.G_SpM_FL 8736.JPG","243.0"
"Com.G_SpM_FL 8737.JPG","243.0"
"Com.G_SpM_FL 8738.JPG","243.0"
"Com.G_SpM_FL 8739.JPG","243.0"
"Com.G_SpM_FL 8740.JPG","244.0"
"Com.G_SpM_FL 8741.JPG","244.0"
"Com.G_SpM_FL 8742.JPG","244.0"
"Com.G_SpM_FL 8743.JPG","244.0"
"Com.G_SpM_FL 8744.JPG","245.0"
"Com.G_SpM_FL 8745.JPG","245.0"
"Com.G_SpM_FL 8746.JPG","245.0"
"Com.G_SpM_FL 8747.JPG","245.0"
"Com.G_SpM_FL 8748.JPG","246.0"
"Com.G_SpM_FL 8749.JPG","246.0"
"Com.G_SpM_FL 8750.JPG","246.0"
"Com.G_SpM_FL 8751.JPG","246.0"
"Com.G_SpM_FL 8752.JPG","247.0"
"Com.G_SpM_FL 8753.JPG","247.0"
"Com.G_SpM_FL 8754.JPG","247.0"
"Com.G_SpM_FL 8755.JPG","247.0"
"Com.G_SpM_FL 8756.JPG","248.0"
"Com.G_SpM_FL 8757.JPG","248.0"
"Com.G_SpM_FL 8758.JPG","248.0"
"Com.G_SpM_FL 8759.JPG","248.0"
"Com.G_SpM_FL 8760.JPG","249.0"
"Com.G_SpM_FL 8761.JPG","249.0"
"Com.G_SpM_FL 8762.JPG","249.0"
"Com.G_SpM_FL 8763.JPG","249.0"
"Com.G_SpM_FL 8764.JPG","250.0"
"Com.G_SpM_FL 8765.JPG","250.0"
"Com.G_SpM_FL 8766.JPG","250.0"
"Com.G_SpM_FL 8767.JPG","250.0"
"Com.G_SpM_FL 8768.JPG","251.0"
"Com.G_SpM_FL 8769.JPG","251.0"
"Com.G_SpM_FL 8770.JPG","251.0"
"Com.G_SpM_FL 8771.JPG","251.0"
"Com.G_SpM_FL 8772.JPG","252.0"
"Com.G_SpM_FL 8773.JPG","252.0"
"Com.G_SpM_FL 8774.JPG","252.0"
"Com.G_SpM_FL 8775.JPG","252.0"
"Com.G_SpM_FL 8776.JPG","253.0"
"Com.G_SpM_FL 8777.JPG","253.0"
"Com.G_SpM_FL 8778.JPG","253.0"
"Com.G_SpM_FL 8779.JPG","253.0"
"Com.G_SpM_FL 8780.JPG","254.0"
"Com.G_SpM_FL 8781.JPG","254.0"
"Com.G_SpM_FL 8782.JPG","254.0"
"Com.G_SpM_FL 8783.JPG","254.0"
"Com.G_SpM_FL 8784.JPG","255.0"
"Com.G_SpM_FL 8785.JPG","255.0"
"Com.G_SpM_FL 8786.JPG","255.0"
"Com.G_SpM_FL 8787.JPG","255.0"
"Com.G_SpM_FL 8788.JPG","256.0"
"Com.G_SpM_FL 8789.JPG","256.0"
"Com.G_SpM_FL 8790.JPG","256.0"
"Com.G_SpM_FL 8791.JPG","256.0"
"Com.G_SpM_FL 8792.JPG","257.0"
"Com.G_SpM_FL 8793.JPG","257.0"
"Com.G_SpM_FL 8794.JPG","257.0"
"Com.G_SpM_FL 8795.JPG","257.0"
"Com.G_SpM_FL 8796.JPG","258.0"
"Com.G_SpM_FL 8797.JPG","258.0"
"Com.G_SpM_FL 8798.JPG","258.0"
"Com.G_SpM_FL 8799.JPG","258.0"
"Com.G_SpM_FL 8800.JPG","259.0"
"Com.G_SpM_FL 8801.JPG","259.0"
"Com.G_SpM_FL 8802.JPG","259.0"
"Com.G_SpM_FL 8803.JPG","259.0"
"Com.G_SpM_FL 8804.JPG","260.0"
"Com.G_SpM_FL 8805.JPG","260.0"
"Com.G_SpM_FL 8806.JPG","260.0"
"Com.G_SpM_FL 8807.JPG","260.0"
"Com.G_SpM_FL 8808.JPG","261.0"
"Com.G_SpM_FL 8809.JPG","261.0"
"Com.G_SpM_FL 8810.JPG","261.0"
"Com.G_SpM_FL 8811.JPG","261.0"
"Com.G_SpM_FL 8812.JPG","262.0"
"Com.G_SpM_FL 8813.JPG","262.0"
"Com.G_SpM_FL 8814.JPG","262.0"
"Com.G_SpM_FL 8815.JPG","262.0"
"Com.G_SpM_FL 8816.JPG","263.0"
"Com.G_SpM_FL 8817.JPG","263.0"
"Com.G_SpM_FL 8818.JPG","263.0"
"Com.G_SpM_FL 8819.JPG","263.0"
"Com.G_SpM_FL 8820.JPG","264.0"
"Com.G_SpM_FL 8821.JPG","264.0"
"Com.G_SpM_FL 8822.JPG","264.0"
"Com.G_SpM_FL 8823.JPG","264.0"
"Com.G_SpM_FL 8824.JPG","265.0"
"Com.G_SpM_FL 8825.JPG","265.0"
"Com.G_SpM_FL 8826.JPG","265.0"
"Com.G_SpM_FL 8827.JPG","265.0"
"Com.G_SpM_FL 8828.JPG","266.0"
"Com.G_SpM_FL 8829.JPG","266.0"
"Com.G_SpM_FL 8830.JPG","266.0"
"Com.G_SpM_FL 8831.JPG","266.0"
"Com.G_SpM_FL 8832.JPG","267.0"
"Com.G_SpM_FL 8833.JPG","267.0"
"Com.G_SpM_FL 8834.JPG","267.0"
"Com.G_SpM_FL 8835.JPG","267.0"
"Com.G_SpM_FL 8836.JPG","268.0"
"Com.G_SpM_FL 8837.JPG","268.0"
"Com.G_SpM_FL 8838.JPG","268.0"
"Com.G_SpM_FL 8839.JPG","268.0"
"Com.G_SpM_FL 8840.JPG","269.0"
"Com.G_SpM_FL 8841.JPG","269.0"
"Com.G_SpM_FL 8842.JPG","269.0"
"Com.G_SpM_FL 8843.JPG","269.0"
"Com.G_SpM_FL 8844.JPG","270.0"
"Com.G_SpM_FL 8845.JPG","270.0"
"Com.G_SpM_FL 8846.JPG","270.0"
"Com.G_SpM_FL 8847.JPG","270.0"
"Com.G_SpM_FL 8848.JPG","271.0"
"Com.G_SpM_FL 8849.JPG","271.0"
"Com.G_SpM_FL 8850.JPG","271.0"
"Com.G_SpM_FL 8851.JPG","271.0"
"Com.G_SpM_FL 8852.JPG","272.0"
"Com.G_SpM_FL 8853.JPG","272.0"
"Com.G_SpM_FL 8854.JPG","272.0"
"Com.G_SpM_FL 8855.JPG","272.0"
"Com.G_SpM_FL 8856.JPG","273.0"
"Com.G_SpM_FL 8857.JPG","273.0"
"Com.G_SpM_FL 8858.JPG","273.0"
"Com.G_SpM_FL 8859.JPG","273.0"
"Com.G_SpM_FL 8860.JPG","274.0"
"Com.G_SpM_FL 8861.JPG","274.0"
"Com.G_SpM_FL 8862.JPG","274.0"
"Com.G_SpM_FL 8863.JPG","274.0"
"Com.G_SpM_FL 8864.JPG","275.0"
"Com.G_SpM_FL 8865.JPG","275.0"
"Com.G_SpM_FL 8866.JPG","275.0"
"Com.G_SpM_FL 8867.JPG","275.0"
"Com.G_SpM_FL 8868.JPG","276.0"
"Com.G_SpM_FL 8869.JPG","276.0"
"Com.G_SpM_FL 8870.JPG","276.0"
"Com.G_SpM_FL 8871.JPG","276.0"
"Com.G_SpM_FL 8872.JPG","277.0"
"Com.G_SpM_FL 8873.JPG","277.0"
"Com.G_SpM_FL 8874.JPG","277.0"
"Com.G_SpM_FL 8875.JPG","277.0"
"Com.G_SpM_FL 8876.JPG","278.0"
"Com.G_SpM_FL 8877.JPG","278.0"
"Com.G_SpM_FL 8878.JPG","278.0"
"Com.G_SpM_FL 8879.JPG","278.0"
"Com.G_SpM_FL 8880.JPG","279.0"
"Com.G_SpM_FL 8881.JPG","279.0"
"Com.G_SpM_FL 8882.JPG","279.0"
"Com.G_SpM_FL 8883.JPG","279.0"
"Com.G_SpM_FL 8884.JPG","280.0"
"Com.G_SpM_FL 8885.JPG","280.0"
"Com.G_SpM_FL 8886.JPG","280.0"
"Com.G_SpM_FL 8887.JPG","280.0"
"Com.G_SpM_FL 8888.JPG","281.0"
"Com.G_SpM_FL 8889.JPG","281.0"
"Com.G_SpM_FL 8890.JPG","281.0"
"Com.G_SpM_FL 8891.JPG","281.0"
"Com.G_SpM_FL 8892.JPG","282.0"
"Com.G_SpM_FL 8893.JPG","282.0"
"Com.G_SpM_FL 8894.JPG","282.0"
"Com.G_SpM_FL 8895.JPG","282.0"
"Com.G_SpM_FL 8896.JPG","283.0"
"Com.G_SpM_FL 8897.JPG","283.0"
"Com.G_SpM_FL 8898.JPG","283.0"
"Com.G_SpM_FL 8899.JPG","283.0"
"Com.G_SpM_FL 8900.JPG","284.0"
"Com.G_SpM_FL 8901.JPG","284.0"
"Com.G_SpM_FL 8902.JPG","284.0"
"Com.G_SpM_FL 8903.JPG","284.0"
"Com.G_SpM_FL 8904.JPG","285.0"
"Com.G_SpM_FL 8905.JPG","285.0"
"Com.G_SpM_FL 8906.JPG","285.0"
"Com.G_SpM_FL 8907.JPG","285.0"
"Com.G_SpM_FL 8908.JPG","286.0"
"Com.G_SpM_FL 8909.JPG","286.0"
"Com.G_SpM_FL 8910.JPG","286.0"
"Com.G_SpM_FL 8911.JPG","286.0"
"Com.G_SpM_FL 8912.JPG","287.0"
"Com.G_SpM_FL 8913.JPG","287.0"
"Com.G_SpM_FL 8914.JPG","287.0"
"Com.G_SpM_FL 8915.JPG","287.0"
"Com.G_SpM_FL 8916.JPG","288.0"
"Com.G_SpM_FL 8917.JPG","288.0"
"Com.G_SpM_FL 8918.JPG","288.0"
"Com.G_SpM_FL 8919.JPG","288.0"
"Com.G_SpM_FL 8920.JPG","289.0"
"Com.G_SpM_FL 8921.JPG","289.0"
"Com.G_SpM_FL 8922.JPG","289.0"
"Com.G_SpM_FL 8923.JPG","289.0"
"Com.G_SpM_FL 8924.JPG","290.0"
"Com.G_SpM_FL 8925.JPG","290.0"
"Com.G_SpM_FL 8926.JPG","290.0"
"Com.G_SpM_FL 8927.JPG","290.0"
"Com.G_SpM_FL 8928.JPG","291.0"
"Com.G_SpM_FL 8929.JPG","291.0"
"Com.G_SpM_FL 8930.JPG","291.0"
"Com.G_SpM_FL 8931.JPG","291.0"
"Com.G_SpM_FL 8932.JPG","292.0"
"Com.G_SpM_FL 8933.JPG","292.0"
"Com.G_SpM_FL 8934.JPG","292.0"
"Com.G_SpM_FL 8935.JPG","292.0"
"Com.G_SpM_FL 8936.JPG","293.0"
"Com.G_SpM_FL 8937.JPG","293.0"
"Com.G_SpM_FL 8938.JPG","293.0"
"Com.G_SpM_FL 8939.JPG","293.0"
"Com.G_SpM_FL 8940.JPG","294.0"
"Com.G_SpM_FL 8941.JPG","294.0"
"Com.G_SpM_FL 8942.JPG","294.0"
"Com.G_SpM_FL 8943.JPG","294.0"
"Com.G_SpM_FL 8944.JPG","295.0"
"Com.G_SpM_FL 8945.JPG","295.0"
"Com.G_SpM_FL 8946.JPG","295.0"
"Com.G_SpM_FL 8947.JPG","295.0"
"Com.G_SpM_FL 8948.JPG","296.0"
"Com.G_SpM_FL 8949.JPG","296.0"
"Com.G_SpM_FL 8950.JPG","296.0"
"Com.G_SpM_FL 8951.JPG","296.0"
"Com.G_SpM_FL 8952.JPG","297.0"
"Com.G_SpM_FL 8953.JPG","297.0"
"Com.G_SpM_FL 8954.JPG","297.0"
"Com.G_SpM_FL 8955.JPG","297.0"
"Com.G_SpM_FL 8956.JPG","298.0"
"Com.G_SpM_FL 8957.JPG","298.0"
"Com.G_SpM_FL 8958.JPG","298.0"
"Com.G_SpM_FL 8959.JPG","298.0"
"Com.G_SpM_FL 8960.JPG","299.0"
"Com.G_SpM_FL 8961.JPG","299.0"
"Com.G_SpM_FL 8962.JPG","299.0"
"Com.G_SpM_FL 8963.JPG","299.0"
"Com.G_SpM_FL 8964.JPG","300.0"
"Com.G_SpM_FL 8965.JPG","300.0"
"Com.G_SpM_FL 8966.JPG","300.0"
"Com.G_SpM_FL 8967.JPG","300.0"
"Com.G_SpM_FL 8968.JPG","301.0"
"Com.G_SpM_FL 8969.JPG","301.0"
"Com.G_SpM_FL 8970.JPG","301.0"
"Com.G_SpM_FL 8971.JPG","301.0"
"Com.G_SpM_FL 8972.JPG","302.0"
"Com.G_SpM_FL 8973.JPG","302.0"
"Com.G_SpM_FL 8974.JPG","302.0"
"Com.G_SpM_FL 8975.JPG","302.0"
"Com.G_SpM_FL 8976.JPG","303.0"
"Com.G_SpM_FL 8977.JPG","303.0"
"Com.G_SpM_FL 8978.JPG","303.0"
"Com.G_SpM_FL 8979.JPG","303.0"
"Com.G_SpM_FL 8980.JPG","304.0"
"Com.G_SpM_FL 8981.JPG","304.0"
"Com.G_SpM_FL 8982.JPG","304.0"
"Com.G_SpM_FL 8983.JPG","304.0"
"Com.G_SpM_FL 8984.JPG","305.0"
"Com.G_SpM_FL 8985.JPG","305.0"
"Com.G_SpM_FL 8986.JPG","305.0"
"Com.G_SpM_FL 8987.JPG","305.0"
"Com.G_SpM_FL 8988.JPG","306.0"
"Com.G_SpM_FL 8989.JPG","306.0"
"Com.G_SpM_FL 8990.JPG","306.0"
"Com.G_SpM_FL 8991.JPG","306.0"
"Com.G_SpM_FL 8992.JPG","307.0"
"Com.G_SpM_FL 8993.JPG","307.0"
"Com.G_SpM_FL 8994.JPG","307.0"
"Com.G_SpM_FL 8995.JPG","307.0"
"Com.G_SpM_FL 8996.JPG","308.0"
"Com.G_SpM_FL 8997.JPG","308.0"
"Com.G_SpM_FL 8998.JPG","308.0"
"Com.G_SpM_FL 8999.JPG","308.0"
"Com.G_SpM_FL 9000.JPG","309.0"
"Com.G_SpM_FL 9001.JPG","309.0"
"Com.G_SpM_FL 9002.JPG","309.0"
"Com.G_SpM_FL 9003.JPG","309.0"
"Com.G_SpM_FL 9004.JPG","310.0"
"Com.G_SpM_FL 9005.JPG","310.0"
"Com.G_SpM_FL 9006.JPG","310.0"
"Com.G_SpM_FL 9007.JPG","310.0"
"Com.G_SpM_FL 9008.JPG","311.0"
"Com.G_SpM_FL 9009.JPG","311.0"
"Com.G_SpM_FL 9010.JPG","311.0"
"Com.G_SpM_FL 9011.JPG","311.0"
"Com.G_SpM_FL 9012.JPG","312.0"
"Com.G_SpM_FL 9013.JPG","312.0"
"Com.G_SpM_FL 9014.JPG","312.0"
"Com.G_SpM_FL 9015.JPG","312.0"
"Com.G_SpM_FL 9016.JPG","313.0"
"Com.G_SpM_FL 9017.JPG","313.0"
"Com.G_SpM_FL 9018.JPG","313.0"
"Com.G_SpM_FL 9019.JPG","313.0"
"Com.G_SpM_FL 9020.JPG","314.0"
"Com.G_SpM_FL 9021.JPG","314.0"
"Com.G_SpM_FL 9022.JPG","314.0"
"Com.G_SpM_FL 9023.JPG","314.0"
"Com.G_SpM_FL 9024.JPG","315.0"
"Com.G_SpM_FL 9025.JPG","315.0"
"Com.G_SpM_FL 9026.JPG","315.0"
"Com.G_SpM_FL 9027.JPG","315.0"
"Com.G_SpM_FL 9028.JPG","316.0"
"Com.G_SpM_FL 9029.JPG","316.0"
"Com.G_SpM_FL 9030.JPG","316.0"
"Com.G_SpM_FL 9031.JPG","316.0"
"Com.G_SpM_FL 9032.JPG","317.0"
"Com.G_SpM_FL 9033.JPG","317.0"
"Com.G_SpM_FL 9034.JPG","317.0"
"Com.G_SpM_FL 9035.JPG","317.0"
"Com.G_SpM_FL 9037.JPG","318.0"
"Com.G_SpM_FL 9038.JPG","318.0"
"Com.G_SpM_FL 9039.JPG","318.0"
"Com.G_SpM_FL 9040.JPG","318.0"
"Com.G_SpM_FL 9041.JPG","319.0"
"Com.G_SpM_FL 9042.JPG","319.0"
"Com.G_SpM_FL 9043.JPG","319.0"
"Com.G_SpM_FL 9044.JPG","319.0"
"Com.G_SpM_FL 9253.JPG","320.0"
"Com.G_SpM_FL 9254.JPG","320.0"
"Com.G_SpM_FL 9255.JPG","320.0"
"Com.G_SpM_FL 9256.JPG","320.0"
"Com.G_SpM_FL 9257.JPG","321.0"
"Com.G_SpM_FL 9258.JPG","321.0"
"Com.G_SpM_FL 9259.JPG","321.0"
"Com.G_SpM_FL 9260.JPG","321.0"
"Com.G_SpM_FL 9261.JPG","322.0"
"Com.G_SpM_FL 9262.JPG","322.0"
"Com.G_SpM_FL 9263.JPG","322.0"
"Com.G_SpM_FL 9264.JPG","322.0"
"Com.G_SpM_FL 9265.JPG","323.0"
"Com.G_SpM_FL 9266.JPG","323.0"
"Com.G_SpM_FL 9267.JPG","323.0"
"Com.G_SpM_FL 9268.JPG","323.0"
"Com.G_SpM_FL 9269.JPG","324.0"
"Com.G_SpM_FL 9270.JPG","324.0"
"Com.G_SpM_FL 9271.JPG","324.0"
"Com.G_SpM_FL 9272.JPG","324.0"
"Com.G_SpM_FL 9273.JPG","325.0"
"Com.G_SpM_FL 9274.JPG","325.0"
"Com.G_SpM_FL 9275.JPG","325.0"
"Com.G_SpM_FL 9276.JPG","325.0"
"Com.G_SpM_FL 9277.JPG","326.0"
"Com.G_SpM_FL 9278.JPG","326.0"
"Com.G_SpM_FL 9279.JPG","326.0"
"Com.G_SpM_FL 9280.JPG","326.0"
"Com.G_SpM_FL 9281.JPG","327.0"
"Com.G_SpM_FL 9282.JPG","327.0"
"Com.G_SpM_FL 9283.JPG","327.0"
"Com.G_SpM_FL 9284.JPG","327.0"
"Com.G_SpM_FL 9287.JPG","328.0"
"Com.G_SpM_FL 9288.JPG","328.0"
"Com.G_SpM_FL 9289.JPG","328.0"
"Com.G_SpM_FL 9290.JPG","328.0"
"Com.G_SpM_FL 9291.JPG","329.0"
"Com.G_SpM_FL 9292.JPG","329.0"
"Com.G_SpM_FL 9293.JPG","329.0"
"Com.G_SpM_FL 9294.JPG","329.0"
"Com.G_SpM_FL 9295.JPG","330.0"
"Com.G_SpM_FL 9296.JPG","330.0"
"Com.G_SpM_FL 9297.JPG","330.0"
"Com.G_SpM_FL 9298.JPG","330.0"
"Com.G_SpM_FL 9299.JPG","331.0"
"Com.G_SpM_FL 9300.JPG","331.0"
"Com.G_SpM_FL 9301.JPG","331.0"
"Com.G_SpM_FL 9302.JPG","331.0"
"Com.G_SpM_FL 9303.JPG","332.0"
"Com.G_SpM_FL 9304.JPG","332.0"
"Com.G_SpM_FL 9305.JPG","332.0"
"Com.G_SpM_FL 9306.JPG","332.0"
"Com.G_SpM_FL 9307.JPG","333.0"
"Com.G_SpM_FL 9308.JPG","333.0"
"Com.G_SpM_FL 9309.JPG","333.0"
"Com.G_SpM_FL 9310.JPG","333.0"
"Com.G_SpM_FL 9311.JPG","334.0"
"Com.G_SpM_FL 9312.JPG","334.0"
"Com.G_SpM_FL 9313.JPG","334.0"
"Com.G_SpM_FL 9314.JPG","334.0"
"Com.G_SpM_FL 9315.JPG","335.0"
"Com.G_SpM_FL 9316.JPG","335.0"
"Com.G_SpM_FL 9317.JPG","335.0"
"Com.G_SpM_FL 9318.JPG","335.0"
"Com.G_SpM_FL 9319.JPG","336.0"
"Com.G_SpM_FL 9320.JPG","336.0"
"Com.G_SpM_FL 9321.JPG","336.0"
"Com.G_SpM_FL 9322.JPG","336.0"
"Com.G_SpM_FL 9323.JPG","337.0"
"Com.G_SpM_FL 9324.JPG","337.0"
"Com.G_SpM_FL 9325.JPG","337.0"
"Com.G_SpM_FL 9326.JPG","337.0"
"Com.G_SpM_FL 9327.JPG","338.0"
"Com.G_SpM_FL 9328.JPG","338.0"
"Com.G_SpM_FL 9329.JPG","338.0"
"Com.G_SpM_FL 9330.JPG","338.0"
"Com.G_SpM_FL 9331.JPG","339.0"
"Com.G_SpM_FL 9332.JPG","339.0"
"Com.G_SpM_FL 9333.JPG","339.0"
"Com.G_SpM_FL 9334.JPG","339.0"
"Com.G_SpM_FL 9335.JPG","340.0"
"Com.G_SpM_FL 9336.JPG","340.0"
"Com.G_SpM_FL 9337.JPG","340.0"
"Com.G_SpM_FL 9338.JPG","340.0"
"Com.G_SpM_FL 9339.JPG","341.0"
"Com.G_SpM_FL 9340.JPG","341.0"
"Com.G_SpM_FL 9341.JPG","341.0"
"Com.G_SpM_FL 9342.JPG","341.0"
"Com.G_SpM_FL 9343.JPG","342.0"
"Com.G_SpM_FL 9344.JPG","342.0"
"Com.G_SpM_FL 9345.JPG","342.0"
"Com.G_SpM_FL 9346.JPG","342.0"
"Com.G_SpM_FL 9348.JPG","343.0"
"Com.G_SpM_FL 9349.JPG","343.0"
"Com.G_SpM_FL 9350.JPG","343.0"
"Com.G_SpM_FL 9351.JPG","343.0"
"Com.G_SpM_FL 9352.JPG","344.0"
"Com.G_SpM_FL 9353.JPG","344.0"
"Com.G_SpM_FL 9354.JPG","344.0"
"Com.G_SpM_FL 9355.JPG","344.0"
"Com.G_SpM_FL 9356.JPG","345.0"
"Com.G_SpM_FL 9357.JPG","345.0"
"Com.G_SpM_FL 9358.JPG","345.0"
"Com.G_SpM_FL 9359.JPG","345.0"
"Com.G_SpM_FL 9360.JPG","346.0"
"Com.G_SpM_FL 9361.JPG","346.0"
"Com.G_SpM_FL 9362.JPG","346.0"
"Com.G_SpM_FL 9363.JPG","346.0"
"Com.G_SpM_FL 9364.JPG","347.0"
"Com.G_SpM_FL 9365.JPG","347.0"
"Com.G_SpM_FL 9366.JPG","347.0"
"Com.G_SpM_FL 9367.JPG","347.0"
"Com.G_SpM_FL 9368.JPG","348.0"
"Com.G_SpM_FL 9369.JPG","348.0"
"Com.G_SpM_FL 9370.JPG","348.0"
"Com.G_SpM_FL 9371.JPG","348.0"
"Com.G_SpM_FL 9372.JPG","349.0"
"Com.G_SpM_FL 9373.JPG","349.0"
"Com.G_SpM_FL 9374.JPG","349.0"
"Com.G_SpM_FL 9375.JPG","349.0"
"Com.G_SpM_FL 9376.JPG","350.0"
"Com.G_SpM_FL 9377.JPG","350.0"
"Com.G_SpM_FL 9378.JPG","350.0"
"Com.G_SpM_FL 9379.JPG","350.0"
"Com.G_SpM_FL 9380.JPG","351.0"
"Com.G_SpM_FL 9381.JPG","351.0"
"Com.G_SpM_FL 9382.JPG","351.0"
"Com.G_SpM_FL 9383.JPG","351.0"
"Com.G_SpM_FL 9384.JPG","352.0"
"Com.G_SpM_FL 9385.JPG","352.0"
"Com.G_SpM_FL 9386.JPG","352.0"
"Com.G_SpM_FL 9387.JPG","352.0"
"Com.G_SpM_FL 9388.JPG","353.0"
"Com.G_SpM_FL 9389.JPG","353.0"
"Com.G_SpM_FL 9390.JPG","353.0"
"Com.G_SpM_FL 9391.JPG","353.0"
"Com.G_SpM_FL 9392.JPG","354.0"
"Com.G_SpM_FL 9393.JPG","354.0"
"Com.G_SpM_FL 9394.JPG","354.0"
"Com.G_SpM_FL 9395.JPG","354.0"
"Com.G_SpM_FL 9396.JPG","355.0"
"Com.G_SpM_FL 9397.JPG","355.0"
"Com.G_SpM_FL 9398.JPG","355.0"
"Com.G_SpM_FL 9399.JPG","355.0"
"Com.G_SpM_FL 9400.JPG","356.0"
"Com.G_SpM_FL 9401.JPG","356.0"
"Com.G_SpM_FL 9402.JPG","356.0"
"Com.G_SpM_FL 9403.JPG","356.0"
"Com.G_SpM_FL 9404.JPG","357.0"
"Com.G_SpM_FL 9405.JPG","357.0"
"Com.G_SpM_FL 9406.JPG","357.0"
"Com.G_SpM_FL 9407.JPG","357.0"
"Com.G_SpM_FL 9408.JPG","358.0"
"Com.G_SpM_FL 9409.JPG","358.0"
"Com.G_SpM_FL 9410.JPG","358.0"
"Com.G_SpM_FL 9411.JPG","358.0"
"Com.G_SpM_FL 9413.JPG","359.0"
"Com.G_SpM_FL 9414.JPG","359.0"
"Com.G_SpM_FL 9415.JPG","359.0"
"Com.G_SpM_FL 9416.JPG","359.0"
"Com.G_SpM_FL 9417.JPG","360.0"
"Com.G_SpM_FL 9418.JPG","360.0"
"Com.G_SpM_FL 9419.JPG","360.0"
"Com.G_SpM_FL 9420.JPG","360.0"
"Com.G_SpM_FL 9421.JPG","361.0"
"Com.G_SpM_FL 9422.JPG","361.0"
"Com.G_SpM_FL 9423.JPG","361.0"
"Com.G_SpM_FL 9424.JPG","361.0"
"Com.G_SpM_FL 9425.JPG","362.0"
"Com.G_SpM_FL 9426.JPG","362.0"
"Com.G_SpM_FL 9427.JPG","362.0"
"Com.G_SpM_FL 9428.JPG","362.0"
"Com.G_SpM_FL 9429.JPG","363.0"
"Com.G_SpM_FL 9430.JPG","363.0"
"Com.G_SpM_FL 9431.JPG","363.0"
"Com.G_SpM_FL 9432.JPG","363.0"
"Com.G_SpM_FL 9433.JPG","364.0"
"Com.G_SpM_FL 9434.JPG","364.0"
"Com.G_SpM_FL 9435.JPG","364.0"
"Com.G_SpM_FL 9436.JPG","364.0"
"Com.G_SpM_FL 9437.JPG","365.0"
"Com.G_SpM_FL 9438.JPG","365.0"
"Com.G_SpM_FL 9439.JPG","365.0"
"Com.G_SpM_FL 9440.JPG","365.0"
"Com.G_SpM_FL 9441.JPG","366.0"
"Com.G_SpM_FL 9442.JPG","366.0"
"Com.G_SpM_FL 9443.JPG","366.0"
"Com.G_SpM_FL 9444.JPG","366.0"
"Com.G_SpM_FL 9445.JPG","367.0"
"Com.G_SpM_FL 9446.JPG","367.0"
"Com.G_SpM_FL 9447.JPG","367.0"
"Com.G_SpM_FL 9448.JPG","367.0"
"Com.G_SpM_FL 9449.JPG","368.0"
"Com.G_SpM_FL 9450.JPG","368.0"
"Com.G_SpM_FL 9451.JPG","368.0"
"Com.G_SpM_FL 9452.JPG","368.0"
"Com.G_SpM_FL 9453.JPG","369.0"
"Com.G_SpM_FL 9454.JPG","369.0"
"Com.G_SpM_FL 9455.JPG","369.0"
"Com.G_SpM_FL 9456.JPG","369.0"
"Com.G_SpM_FL 9457.JPG","370.0"
"Com.G_SpM_FL 9458.JPG","370.0"
"Com.G_SpM_FL 9459.JPG","370.0"
"Com.G_SpM_FL 9460.JPG","370.0"
"Com.G_SpM_FL 9461.JPG","371.0"
"Com.G_SpM_FL 9462.JPG","371.0"
"Com.G_SpM_FL 9463.JPG","371.0"
"Com.G_SpM_FL 9464.JPG","371.0"
"Com.G_SpM_FL 9465.JPG","372.0"
"Com.G_SpM_FL 9466.JPG","372.0"
"Com.G_SpM_FL 9467.JPG","372.0"
"Com.G_SpM_FL 9468.JPG","372.0"
"Com.G_SpM_FL 9469.JPG","373.0"
"Com.G_SpM_FL 9470.JPG","373.0"
"Com.G_SpM_FL 9471.JPG","373.0"
"Com.G_SpM_FL 9472.JPG","373.0"
"Com.G_SpM_FL 9473.JPG","374.0"
"Com.G_SpM_FL 9474.JPG","374.0"
"Com.G_SpM_FL 9475.JPG","374.0"
"Com.G_SpM_FL 9476.JPG","374.0"
"Com.G_SpM_FL 9477.JPG","375.0"
"Com.G_SpM_FL 9478.JPG","375.0"
"Com.G_SpM_FL 9479.JPG","375.0"
"Com.G_SpM_FL 9480.JPG","375.0"
"Com.G_SpM_FL 9481.JPG","376.0"
"Com.G_SpM_FL 9482.JPG","376.0"
"Com.G_SpM_FL 9483.JPG","376.0"
"Com.G_SpM_FL 9484.JPG","376.0"
"Com.G_SpM_FL 9485.JPG","377.0"
"Com.G_SpM_FL 9486.JPG","377.0"
"Com.G_SpM_FL 9487.JPG","377.0"
"Com.G_SpM_FL 9488.JPG","377.0"
"Com.G_SpM_FL 9489.JPG","378.0"
"Com.G_SpM_FL 9490.JPG","378.0"
"Com.G_SpM_FL 9491.JPG","378.0"
"Com.G_SpM_FL 9492.JPG","378.0"
"Com.G_SpM_FL 9493.JPG","379.0"
"Com.G_SpM_FL 9494.JPG","379.0"
"Com.G_SpM_FL 9495.JPG","379.0"
"Com.G_SpM_FL 9496.JPG","379.0"
"Com.G_SpM_FL 9497.JPG","380.0"
"Com.G_SpM_FL 9498.JPG","380.0"
"Com.G_SpM_FL 9499.JPG","380.0"
"Com.G_SpM_FL 9500.JPG","380.0"
"Com.G_SpM_FL 9501.JPG","381.0"
"Com.G_SpM_FL 9502.JPG","381.0"
"Com.G_SpM_FL 9503.JPG","381.0"
"Com.G_SpM_FL 9504.JPG","381.0"
"Com.G_SpM_FL 9505.JPG","382.0"
"Com.G_SpM_FL 9506.JPG","382.0"
"Com.G_SpM_FL 9507.JPG","382.0"
"Com.G_SpM_FL 9508.JPG","382.0"
"Com.G_SpM_FL 9509.JPG","383.0"
"Com.G_SpM_FL 9510.JPG","383.0"
"Com.G_SpM_FL 9511.JPG","383.0"
"Com.G_SpM_FL 9512.JPG","383.0"
"Com.G_SpM_FL 9513.JPG","384.0"
"Com.G_SpM_FL 9514.JPG","384.0"
"Com.G_SpM_FL 9515.JPG","384.0"
"Com.G_SpM_FL 9516.JPG","384.0"
"Com.G_SpM_FL 9517.JPG","385.0"
"Com.G_SpM_FL 9518.JPG","385.0"
"Com.G_SpM_FL 9519.JPG","385.0"
"Com.G_SpM_FL 9520.JPG","385.0"
"Com.G_SpM_FL 9521.JPG","386.0"
"Com.G_SpM_FL 9522.JPG","386.0"
"Com.G_SpM_FL 9523.JPG","386.0"
"Com.G_SpM_FL 9524.JPG","386.0"
"Com.G_SpM_FL 9525.JPG","387.0"
"Com.G_SpM_FL 9526.JPG","387.0"
"Com.G_SpM_FL 9527.JPG","387.0"
"Com.G_SpM_FL 9528.JPG","387.0"
"Com.G_SpM_FL 9529.JPG","388.0"
"Com.G_SpM_FL 9530.JPG","388.0"
"Com.G_SpM_FL 9531.JPG","388.0"
"Com.G_SpM_FL 9532.JPG","388.0"
"Com.G_SpM_FL 9533.JPG","389.0"
"Com.G_SpM_FL 9534.JPG","389.0"
"Com.G_SpM_FL 9535.JPG","389.0"
"Com.G_SpM_FL 9536.JPG","389.0"
"Com.G_SpM_FL 9537.JPG","390.0"
"Com.G_SpM_FL 9538.JPG","390.0"
"Com.G_SpM_FL 9539.JPG","390.0"
"Com.G_SpM_FL 9540.JPG","390.0"
"Com.G_SpM_FL 9541.JPG","391.0"
"Com.G_SpM_FL 9542.JPG","391.0"
"Com.G_SpM_FL 9543.JPG","391.0"
"Com.G_SpM_FL 9544.JPG","391.0"
"Com.G_SpM_FL 9545.JPG","392.0"
"Com.G_SpM_FL 9546.JPG","392.0"
"Com.G_SpM_FL 9547.JPG","392.0"
"Com.G_SpM_FL 9548.JPG","392.0"
"Com.G_SpM_FL 9549.JPG","393.0"
"Com.G_SpM_FL 9550.JPG","393.0"
"Com.G_SpM_FL 9551.JPG","393.0"
"Com.G_SpM_FL 9552.JPG","393.0"
"Com.G_SpM_FL 9553.JPG","394.0"
"Com.G_SpM_FL 9554.JPG","394.0"
"Com.G_SpM_FL 9555.JPG","394.0"
"Com.G_SpM_FL 9556.JPG","394.0"
"Com.G_SpM_FL 9557.JPG","395.0"
"Com.G_SpM_FL 9558.JPG","395.0"
"Com.G_SpM_FL 9559.JPG","395.0"
"Com.G_SpM_FL 9560.JPG","395.0"
"Com.G_SpM_FL 9561.JPG","396.0"
"Com.G_SpM_FL 9562.JPG","396.0"
"Com.G_SpM_FL 9563.JPG","396.0"
"Com.G_SpM_FL 9564.JPG","396.0"
"Com.G_SpM_FL 9565.JPG","397.0"
"Com.G_SpM_FL 9566.JPG","397.0"
"Com.G_SpM_FL 9567.JPG","397.0"
"Com.G_SpM_FL 9568.JPG","397.0"
"Com.G_SpM_FL 9569.JPG","398.0"
"Com.G_SpM_FL 9570.JPG","398.0"
"Com.G_SpM_FL 9571.JPG","398.0"
"Com.G_SpM_FL 9572.JPG","398.0"
"Com.G_SpM_FL 9573.JPG","399.0"
"Com.G_SpM_FL 9574.JPG","399.0"
"Com.G_SpM_FL 9575.JPG","399.0"
"Com.G_SpM_FL 9576.JPG","399.0"
"Com.G_SpM_FL 9577.JPG","400.0"
"Com.G_SpM_FL 9578.JPG","400.0"
"Com.G_SpM_FL 9579.JPG","400.0"
"Com.G_SpM_FL 9580.JPG","400.0"
"Com.G_SpM_FL 9581.JPG","401.0"
"Com.G_SpM_FL 9582.JPG","401.0"
"Com.G_SpM_FL 9583.JPG","401.0"
"Com.G_SpM_FL 9584.JPG","401.0"
"Com.G_SpM_FL 9585.JPG","402.0"
"Com.G_SpM_FL 9586.JPG","402.0"
"Com.G_SpM_FL 9587.JPG","402.0"
"Com.G_SpM_FL 9588.JPG","402.0"
"Com.G_SpM_FL 9589.JPG","403.0"
"Com.G_SpM_FL 9590.JPG","403.0"
"Com.G_SpM_FL 9591.JPG","403.0"
"Com.G_SpM_FL 9592.JPG","403.0"
"Com.G_SpM_FL 9593.JPG","404.0"
"Com.G_SpM_FL 9594.JPG","404.0"
"Com.G_SpM_FL 9595.JPG","404.0"
"Com.G_SpM_FL 9596.JPG","404.0"
"Com.G_SpM_FL 9597.JPG","405.0"
"Com.G_SpM_FL 9598.JPG","405.0"
"Com.G_SpM_FL 9599.JPG","405.0"
"Com.G_SpM_FL 9600.JPG","405.0"
"Com.G_SpM_FL 9601.JPG","406.0"
"Com.G_SpM_FL 9602.JPG","406.0"
"Com.G_SpM_FL 9603.JPG","406.0"
"Com.G_SpM_FL 9604.JPG","406.0"
"Com.G_SpM_FL 9606.JPG","407.0"
"Com.G_SpM_FL 9607.JPG","407.0"
"Com.G_SpM_FL 9608.JPG","407.0"
"Com.G_SpM_FL 9609.JPG","407.0"
"Com.G_SpM_FL 9610.JPG","408.0"
"Com.G_SpM_FL 9611.JPG","408.0"
"Com.G_SpM_FL 9612.JPG","408.0"
"Com.G_SpM_FL 9613.JPG","408.0"
"Com.G_SpM_FL 9614.JPG","409.0"
"Com.G_SpM_FL 9615.JPG","409.0"
"Com.G_SpM_FL 9616.JPG","409.0"
"Com.G_SpM_FL 9617.JPG","409.0"
"Com.G_SpM_FL 9618.JPG","410.0"
"Com.G_SpM_FL 9619.JPG","410.0"
"Com.G_SpM_FL 9620.JPG","410.0"
"Com.G_SpM_FL 9621.JPG","410.0"
"Com.G_SpM_FL 9622.JPG","411.0"
"Com.G_SpM_FL 9623.JPG","411.0"
"Com.G_SpM_FL 9624.JPG","411.0"
"Com.G_SpM_FL 9625.JPG","411.0"
"Com.G_SpM_FL 9627.JPG","412.0"
"Com.G_SpM_FL 9629.JPG","412.0"
"Com.G_SpM_FL 9630.JPG","412.0"
"Com.G_SpM_FL 9631.JPG","412.0"
"Com.G_SpM_FL 9632.JPG","413.0"
"Com.G_SpM_FL 9633.JPG","413.0"
"Com.G_SpM_FL 9634.JPG","413.0"
"Com.G_SpM_FL 9635.JPG","413.0"
"Com.G_SpM_FL 9636.JPG","414.0"
"Com.G_SpM_FL 9637.JPG","414.0"
"Com.G_SpM_FL 9638.JPG","414.0"
"Com.G_SpM_FL 9639.JPG","414.0"
"Com.G_SpM_FL 9640.JPG","415.0"
"Com.G_SpM_FL 9641.JPG","415.0"
"Com.G_SpM_FL 9642.JPG","415.0"
"Com.G_SpM_FL 9643.JPG","415.0"
"Com.G_SpM_FL 9644.JPG","416.0"
"Com.G_SpM_FL 9645.JPG","416.0"
"Com.G_SpM_FL 9646.JPG","416.0"
"Com.G_SpM_FL 9647.JPG","416.0"
"Com.G_SpM_FL 9648.JPG","417.0"
"Com.G_SpM_FL 9649.JPG","417.0"
"Com.G_SpM_FL 9650.JPG","417.0"
"Com.G_SpM_FL 9651.JPG","417.0"
"Com.G_SpM_FL 9652.JPG","418.0"
"Com.G_SpM_FL 9653.JPG","418.0"
"Com.G_SpM_FL 9654.JPG","418.0"
"Com.G_SpM_FL 9655.JPG","418.0"
"Com.G_SpM_FL 9656.JPG","419.0"
"Com.G_SpM_FL 9657.JPG","419.0"
"Com.G_SpM_FL 9658.JPG","419.0"
"Com.G_SpM_FL 9659.JPG","419.0"
