"File Name","Leaf #"
"Crnl_L.Mold 6496.JPG","1.0"
"Crnl_L.Mold 6497.JPG","1.0"
"Crnl_L.Mold 6498.JPG","1.0"
"Crnl_L.Mold 6499.JPG","1.0"
"Crnl_L.Mold 6500.JPG","2.0"
"Crnl_L.Mold 6501.JPG","2.0"
"Crnl_L.Mold 6502.JPG","2.0"
"Crnl_L.Mold 6504.JPG","2.0"
"Crnl_L.Mold 6505.JPG","3.0"
"Crnl_L.Mold 6506.JPG","3.0"
"Crnl_L.Mold 6508.JPG","3.0"
"Crnl_L.Mold 6509.JPG","3.0"
"Crnl_L.Mold 6510.JPG","4.0"
"Crnl_L.Mold 6511.JPG","4.0"
"Crnl_L.Mold 6512.JPG","4.0"
"Crnl_L.Mold 6514.JPG","4.0"
"Crnl_L.Mold 6516.JPG","5.0"
"Crnl_L.Mold 6517.JPG","5.0"
"Crnl_L.Mold 6518.JPG","5.0"
"Crnl_L.Mold 6519.JPG","5.0"
"Crnl_L.Mold 6520.JPG","6.0"
"Crnl_L.Mold 6522.JPG","6.0"
"Crnl_L.Mold 6523.JPG","6.0"
"Crnl_L.Mold 6524.JPG","6.0"
"Crnl_L.Mold 6525.JPG","7.0"
"Crnl_L.Mold 6526.JPG","7.0"
"Crnl_L.Mold 6528.JPG","7.0"
"Crnl_L.Mold 6529.JPG","7.0"
"Crnl_L.Mold 6530.JPG","8.0"
"Crnl_L.Mold 6531.JPG","8.0"
"Crnl_L.Mold 6532.JPG","8.0"
"Crnl_L.Mold 6534.JPG","8.0"
"Crnl_L.Mold 6535.JPG","9.0"
"Crnl_L.Mold 6536.JPG","9.0"
"Crnl_L.Mold 6537.JPG","9.0"
"Crnl_L.Mold 6539.JPG","9.0"
"Crnl_L.Mold 6540.JPG","10.0"
"Crnl_L.Mold 6541.JPG","10.0"
"Crnl_L.Mold 6542.JPG","10.0"
"Crnl_L.Mold 6544.JPG","10.0"
"Crnl_L.Mold 6545.JPG","11.0"
"Crnl_L.Mold 6547.JPG","11.0"
"Crnl_L.Mold 6548.JPG","11.0"
"Crnl_L.Mold 6549.JPG","11.0"
"Crnl_L.Mold 6550.JPG","12.0"
"Crnl_L.Mold 6551.JPG","12.0"
"Crnl_L.Mold 6553.JPG","12.0"
"Crnl_L.Mold 6554.JPG","12.0"
"Crnl_L.Mold 6555.JPG","13.0"
"Crnl_L.Mold 6556.JPG","13.0"
"Crnl_L.Mold 6559.JPG","13.0"
"Crnl_L.Mold 6560.JPG","13.0"
"Crnl_L.Mold 6561.JPG","14.0"
"Crnl_L.Mold 6563.JPG","14.0"
"Crnl_L.Mold 6564.JPG","14.0"
"Crnl_L.Mold 6565.JPG","14.0"
"Crnl_L.Mold 6566.JPG","15.0"
"Crnl_L.Mold 6568.JPG","15.0"
"Crnl_L.Mold 6569.JPG","15.0"
"Crnl_L.Mold 6570.JPG","15.0"
"Crnl_L.Mold 6571.JPG","16.0"
"Crnl_L.Mold 6572.JPG","16.0"
"Crnl_L.Mold 6574.JPG","16.0"
"Crnl_L.Mold 6575.JPG","16.0"
"Crnl_L.Mold 6577.JPG","17.0"
"Crnl_L.Mold 6578.JPG","17.0"
"Crnl_L.Mold 6579.JPG","17.0"
"Crnl_L.Mold 6580.JPG","17.0"
"Crnl_L.Mold 6581.JPG","18.0"
"Crnl_L.Mold 6583.JPG","18.0"
"Crnl_L.Mold 6584.JPG","18.0"
"Crnl_L.Mold 6585.JPG","18.0"
"Crnl_L.Mold 6586.JPG","19.0"
"Crnl_L.Mold 6588.JPG","19.0"
"Crnl_L.Mold 6589.JPG","19.0"
"Crnl_L.Mold 6590.JPG","19.0"
"Crnl_L.Mold 6591.JPG","20.0"
"Crnl_L.Mold 6592.JPG","20.0"
"Crnl_L.Mold 6593.JPG","20.0"
"Crnl_L.Mold 6595.JPG","20.0"
"Crnl_L.Mold 6596.JPG","21.0"
"Crnl_L.Mold 6598.JPG","21.0"
"Crnl_L.Mold 6599.JPG","21.0"
"Crnl_L.Mold 6600.JPG","21.0"
"Crnl_L.Mold 6601.JPG","22.0"
"Crnl_L.Mold 6603.JPG","22.0"
"Crnl_L.Mold 6604.JPG","22.0"
"Crnl_L.Mold 6605.JPG","22.0"
"Crnl_L.Mold 6609.JPG","23.0"
"Crnl_L.Mold 6610.JPG","23.0"
"Crnl_L.Mold 6611.JPG","23.0"
"Crnl_L.Mold 6613.JPG","23.0"
"Crnl_L.Mold 6614.JPG","24.0"
"Crnl_L.Mold 6615.JPG","24.0"
"Crnl_L.Mold 6616.JPG","24.0"
"Crnl_L.Mold 6617.JPG","24.0"
"Crnl_L.Mold 6619.JPG","25.0"
"Crnl_L.Mold 6620.JPG","25.0"
"Crnl_L.Mold 6623.JPG","25.0"
"Crnl_L.Mold 6624.JPG","25.0"
"Crnl_L.Mold 6625.JPG","26.0"
"Crnl_L.Mold 6626.JPG","26.0"
"Crnl_L.Mold 6627.JPG","26.0"
"Crnl_L.Mold 6629.JPG","26.0"
"Crnl_L.Mold 6630.JPG","27.0"
"Crnl_L.Mold 6632.JPG","27.0"
"Crnl_L.Mold 6633.JPG","27.0"
"Crnl_L.Mold 6634.JPG","27.0"
"Crnl_L.Mold 6635.JPG","28.0"
"Crnl_L.Mold 6636.JPG","28.0"
"Crnl_L.Mold 6638.JPG","28.0"
"Crnl_L.Mold 6639.JPG","28.0"
"Crnl_L.Mold 6641.JPG","29.0"
"Crnl_L.Mold 6642.JPG","29.0"
"Crnl_L.Mold 6643.JPG","29.0"
"Crnl_L.Mold 6644.JPG","29.0"
"Crnl_L.Mold 6645.JPG","30.0"
"Crnl_L.Mold 6646.JPG","30.0"
"Crnl_L.Mold 6648.JPG","30.0"
"Crnl_L.Mold 6649.JPG","30.0"
"Crnl_L.Mold 6650.JPG","31.0"
"Crnl_L.Mold 6651.JPG","31.0"
"Crnl_L.Mold 6652.JPG","31.0"
"Crnl_L.Mold 6654.JPG","31.0"
"Crnl_L.Mold 6655.JPG","32.0"
"Crnl_L.Mold 6657.JPG","32.0"
"Crnl_L.Mold 6658.JPG","32.0"
"Crnl_L.Mold 6659.JPG","32.0"
"Crnl_L.Mold 6660.JPG","33.0"
"Crnl_L.Mold 6662.JPG","33.0"
"Crnl_L.Mold 6663.JPG","33.0"
"Crnl_L.Mold 6664.JPG","33.0"
"Crnl_L.Mold 6665.JPG","34.0"
"Crnl_L.Mold 6667.JPG","34.0"
"Crnl_L.Mold 6668.JPG","34.0"
"Crnl_L.Mold 6669.JPG","34.0"
"Crnl_L.Mold 6670.JPG","35.0"
"Crnl_L.Mold 6671.JPG","35.0"
"Crnl_L.Mold 6672.JPG","35.0"
"Crnl_L.Mold 6674.JPG","35.0"
"Crnl_L.Mold 6675.JPG","36.0"
"Crnl_L.Mold 6676.JPG","36.0"
"Crnl_L.Mold 6678.JPG","36.0"
"Crnl_L.Mold 6679.JPG","36.0"
"Crnl_L.Mold 6680.JPG","37.0"
"Crnl_L.Mold 6682.JPG","37.0"
"Crnl_L.Mold 6683.JPG","37.0"
"Crnl_L.Mold 6684.JPG","37.0"
"Crnl_L.Mold 6685.JPG","38.0"
"Crnl_L.Mold 6686.JPG","38.0"
"Crnl_L.Mold 6687.JPG","38.0"
"Crnl_L.Mold 6689.JPG","38.0"
"Crnl_L.Mold 6690.JPG","39.0"
"Crnl_L.Mold 6692.JPG","39.0"
"Crnl_L.Mold 6693.JPG","39.0"
"Crnl_L.Mold 6694.JPG","39.0"
"Crnl_L.Mold 6695.JPG","40.0"
"Crnl_L.Mold 6696.JPG","40.0"
"Crnl_L.Mold 6697.JPG","40.0"
"Crnl_L.Mold 6699.JPG","40.0"
"Crnl_L.Mold 6700.JPG","41.0"
"Crnl_L.Mold 6701.JPG","41.0"
"Crnl_L.Mold 6703.JPG","41.0"
"Crnl_L.Mold 6704.JPG","41.0"
"Crnl_L.Mold 6705.JPG","42.0"
"Crnl_L.Mold 6707.JPG","42.0"
"Crnl_L.Mold 6708.JPG","42.0"
"Crnl_L.Mold 6709.JPG","42.0"
"Crnl_L.Mold 6710.JPG","43.0"
"Crnl_L.Mold 6711.JPG","43.0"
"Crnl_L.Mold 6713.JPG","43.0"
"Crnl_L.Mold 6714.JPG","43.0"
"Crnl_L.Mold 6715.JPG","44.0"
"Crnl_L.Mold 6717.JPG","44.0"
"Crnl_L.Mold 6718.JPG","44.0"
"Crnl_L.Mold 6719.JPG","44.0"
"Crnl_L.Mold 6720.JPG","45.0"
"Crnl_L.Mold 6721.JPG","45.0"
"Crnl_L.Mold 6722.JPG","45.0"
"Crnl_L.Mold 6724.JPG","45.0"
"Crnl_L.Mold 6725.JPG","46.0"
"Crnl_L.Mold 6727.JPG","46.0"
"Crnl_L.Mold 6728.JPG","46.0"
"Crnl_L.Mold 6729.JPG","46.0"
"Crnl_L.Mold 6730.JPG","47.0"
"Crnl_L.Mold 6732.JPG","47.0"
"Crnl_L.Mold 6733.JPG","47.0"
"Crnl_L.Mold 6734.JPG","47.0"
"Crnl_L.Mold 6735.JPG","48.0"
"Crnl_L.Mold 6736.JPG","48.0"
"Crnl_L.Mold 6738.JPG","48.0"
"Crnl_L.Mold 6739.JPG","48.0"
"Crnl_L.Mold 6740.JPG","49.0"
"Crnl_L.Mold 6743.JPG","49.0"
"Crnl_L.Mold 6744.JPG","49.0"
"Crnl_L.Mold 6745.JPG","49.0"
"Crnl_L.Mold 6746.JPG","50.0"
"Crnl_L.Mold 6748.JPG","50.0"
"Crnl_L.Mold 6749.JPG","50.0"
"Crnl_L.Mold 6750.JPG","50.0"
"Crnl_L.Mold 6751.JPG","51.0"
"Crnl_L.Mold 6753.JPG","51.0"
"Crnl_L.Mold 6754.JPG","51.0"
"Crnl_L.Mold 6755.JPG","51.0"
"Crnl_L.Mold 6756.JPG","52.0"
"Crnl_L.Mold 6758.JPG","52.0"
"Crnl_L.Mold 6759.JPG","52.0"
"Crnl_L.Mold 6760.JPG","52.0"
"Crnl_L.Mold 6761.JPG","53.0"
"Crnl_L.Mold 6763.JPG","53.0"
"Crnl_L.Mold 6764.JPG","53.0"
"Crnl_L.Mold 6765.JPG","53.0"
"Crnl_L.Mold 6766.JPG","54.0"
"Crnl_L.Mold 6767.JPG","54.0"
"Crnl_L.Mold 6769.JPG","54.0"
"Crnl_L.Mold 6770.JPG","54.0"
"Crnl_L.Mold 6771.JPG","55.0"
"Crnl_L.Mold 6773.JPG","55.0"
"Crnl_L.Mold 6774.JPG","55.0"
"Crnl_L.Mold 6775.JPG","55.0"
"Crnl_L.Mold 6776.JPG","56.0"
"Crnl_L.Mold 6777.JPG","56.0"
"Crnl_L.Mold 6778.JPG","56.0"
"Crnl_L.Mold 6780.JPG","56.0"
"Crnl_L.Mold 6781.JPG","57.0"
"Crnl_L.Mold 6783.JPG","57.0"
"Crnl_L.Mold 6784.JPG","57.0"
"Crnl_L.Mold 6785.JPG","57.0"
"Crnl_L.Mold 6786.JPG","58.0"
"Crnl_L.Mold 6788.JPG","58.0"
"Crnl_L.Mold 6789.JPG","58.0"
"Crnl_L.Mold 6790.JPG","58.0"
"Crnl_L.Mold 6794.JPG","59.0"
"Crnl_L.Mold 6795.JPG","59.0"
"Crnl_L.Mold 6797.JPG","59.0"
"Crnl_L.Mold 6798.JPG","59.0"
"Crnl_L.Mold 6799.JPG","60.0"
"Crnl_L.Mold 6801.JPG","60.0"
"Crnl_L.Mold 6802.JPG","60.0"
"Crnl_L.Mold 6803.JPG","60.0"
"Crnl_L.Mold 6804.JPG","61.0"
"Crnl_L.Mold 6806.JPG","61.0"
"Crnl_L.Mold 6807.JPG","61.0"
"Crnl_L.Mold 6808.JPG","61.0"
"Crnl_L.Mold 6809.JPG","62.0"
"Crnl_L.Mold 6810.JPG","62.0"
"Crnl_L.Mold 6811.JPG","62.0"
"Crnl_L.Mold 6813.JPG","62.0"
"Crnl_L.Mold 6814.JPG","63.0"
"Crnl_L.Mold 6815.JPG","63.0"
"Crnl_L.Mold 6816.JPG","63.0"
"Crnl_L.Mold 6818.JPG","63.0"
"Crnl_L.Mold 6819.JPG","64.0"
"Crnl_L.Mold 6820.JPG","64.0"
"Crnl_L.Mold 6822.JPG","64.0"
"Crnl_L.Mold 6823.JPG","64.0"
"Crnl_L.Mold 6824.JPG","65.0"
"Crnl_L.Mold 6825.JPG","65.0"
"Crnl_L.Mold 6826.JPG","65.0"
"Crnl_L.Mold 6828.JPG","65.0"
"Crnl_L.Mold 6829.JPG","66.0"
"Crnl_L.Mold 6830.JPG","66.0"
"Crnl_L.Mold 6831.JPG","66.0"
"Crnl_L.Mold 6833.JPG","66.0"
"Crnl_L.Mold 6836.JPG","67.0"
"Crnl_L.Mold 6837.JPG","67.0"
"Crnl_L.Mold 6838.JPG","67.0"
"Crnl_L.Mold 6840.JPG","67.0"
"Crnl_L.Mold 6842.JPG","68.0"
"Crnl_L.Mold 6843.JPG","68.0"
"Crnl_L.Mold 6844.JPG","68.0"
"Crnl_L.Mold 6845.JPG","68.0"
"Crnl_L.Mold 6847.JPG","69.0"
"Crnl_L.Mold 6849.JPG","69.0"
"Crnl_L.Mold 6850.JPG","69.0"
"Crnl_L.Mold 6851.JPG","69.0"
"Crnl_L.Mold 6852.JPG","70.0"
"Crnl_L.Mold 6854.JPG","70.0"
"Crnl_L.Mold 6855.JPG","70.0"
"Crnl_L.Mold 6856.JPG","70.0"
"Crnl_L.Mold 6858.JPG","71.0"
"Crnl_L.Mold 6859.JPG","71.0"
"Crnl_L.Mold 6861.JPG","71.0"
"Crnl_L.Mold 6862.JPG","71.0"
"Crnl_L.Mold 6863.JPG","72.0"
"Crnl_L.Mold 6865.JPG","72.0"
"Crnl_L.Mold 6866.JPG","72.0"
"Crnl_L.Mold 6867.JPG","72.0"
"Crnl_L.Mold 6871.JPG","73.0"
"Crnl_L.Mold 6872.JPG","73.0"
"Crnl_L.Mold 6873.JPG","73.0"
"Crnl_L.Mold 6875.JPG","73.0"
"Crnl_L.Mold 6878.JPG","74.0"
"Crnl_L.Mold 6880.JPG","74.0"
"Crnl_L.Mold 6881.JPG","74.0"
"Crnl_L.Mold 6882.JPG","74.0"
"Crnl_L.Mold 6883.JPG","75.0"
"Crnl_L.Mold 6885.JPG","75.0"
"Crnl_L.Mold 6886.JPG","75.0"
"Crnl_L.Mold 6887.JPG","75.0"
"Crnl_L.Mold 6889.JPG","76.0"
"Crnl_L.Mold 6890.JPG","76.0"
"Crnl_L.Mold 6891.JPG","76.0"
"Crnl_L.Mold 6893.JPG","76.0"
"Crnl_L.Mold 6894.JPG","77.0"
"Crnl_L.Mold 6895.JPG","77.0"
"Crnl_L.Mold 6896.JPG","77.0"
"Crnl_L.Mold 6898.JPG","77.0"
"Crnl_L.Mold 6899.JPG","78.0"
"Crnl_L.Mold 6900.JPG","78.0"
"Crnl_L.Mold 6901.JPG","78.0"
"Crnl_L.Mold 6902.JPG","78.0"
"Crnl_L.Mold 6904.JPG","79.0"
"Crnl_L.Mold 6905.JPG","79.0"
"Crnl_L.Mold 6906.JPG","79.0"
"Crnl_L.Mold 6907.JPG","79.0"
"Crnl_L.Mold 6910.JPG","80.0"
"Crnl_L.Mold 6912.JPG","80.0"
"Crnl_L.Mold 6913.JPG","80.0"
"Crnl_L.Mold 6914.JPG","80.0"
"Crnl_L.Mold 6916.JPG","81.0"
"Crnl_L.Mold 6917.JPG","81.0"
"Crnl_L.Mold 6918.JPG","81.0"
"Crnl_L.Mold 6919.JPG","81.0"
"Crnl_L.Mold 6922.JPG","82.0"
"Crnl_L.Mold 6923.JPG","82.0"
"Crnl_L.Mold 6924.JPG","82.0"
"Crnl_L.Mold 6925.JPG","82.0"
"Crnl_L.Mold 6926.JPG","83.0"
"Crnl_L.Mold 6927.JPG","83.0"
"Crnl_L.Mold 6929.JPG","83.0"
"Crnl_L.Mold 6930.JPG","83.0"
"Crnl_L.Mold 6931.JPG","84.0"
"Crnl_L.Mold 6934.JPG","84.0"
"Crnl_L.Mold 6935.JPG","84.0"
"Crnl_L.Mold 6936.JPG","84.0"
"Crnl_L.Mold 6937.JPG","85.0"
"Crnl_L.Mold 6938.JPG","85.0"
"Crnl_L.Mold 6939.JPG","85.0"
"Crnl_L.Mold 6941.JPG","85.0"
"Crnl_L.Mold 6942.JPG","86.0"
"Crnl_L.Mold 6944.JPG","86.0"
"Crnl_L.Mold 6945.JPG","86.0"
"Crnl_L.Mold 6946.JPG","86.0"
"Crnl_L.Mold 6948.JPG","87.0"
"Crnl_L.Mold 6949.JPG","87.0"
"Crnl_L.Mold 6950.JPG","87.0"
"Crnl_L.Mold 6952.JPG","87.0"
"Crnl_L.Mold 6953.JPG","88.0"
"Crnl_L.Mold 6954.JPG","88.0"
"Crnl_L.Mold 6955.JPG","88.0"
"Crnl_L.Mold 6957.JPG","88.0"
"Crnl_L.Mold 6958.JPG","89.0"
"Crnl_L.Mold 6960.JPG","89.0"
"Crnl_L.Mold 6961.JPG","89.0"
"Crnl_L.Mold 6962.JPG","89.0"
"Crnl_L.Mold 6963.JPG","90.0"
"Crnl_L.Mold 6964.JPG","90.0"
"Crnl_L.Mold 6965.JPG","90.0"
"Crnl_L.Mold 6966.JPG","90.0"
"Crnl_L.Mold 6968.JPG","91.0"
"Crnl_L.Mold 6969.JPG","91.0"
"Crnl_L.Mold 6970.JPG","91.0"
"Crnl_L.Mold 6972.JPG","91.0"
"Crnl_L.Mold 6974.JPG","92.0"
"Crnl_L.Mold 6975.JPG","92.0"
"Crnl_L.Mold 6976.JPG","92.0"
"Crnl_L.Mold 6977.JPG","92.0"
"Crnl_L.Mold 6978.JPG","93.0"
"Crnl_L.Mold 6980.JPG","93.0"
"Crnl_L.Mold 6981.JPG","93.0"
"Crnl_L.Mold 6982.JPG","93.0"
"Crnl_L.Mold 6983.JPG","94.0"
"Crnl_L.Mold 6984.JPG","94.0"
"Crnl_L.Mold 6985.JPG","94.0"
"Crnl_L.Mold 6986.JPG","94.0"
"Crnl_L.Mold 6988.JPG","95.0"
"Crnl_L.Mold 6989.JPG","95.0"
"Crnl_L.Mold 6990.JPG","95.0"
"Crnl_L.Mold 6991.JPG","95.0"
"Crnl_L.Mold 6994.JPG","96.0"
"Crnl_L.Mold 6995.JPG","96.0"
"Crnl_L.Mold 6996.JPG","96.0"
"Crnl_L.Mold 6997.JPG","96.0"
"Crnl_L.Mold 6998.JPG","97.0"
"Crnl_L.Mold 6999.JPG","97.0"
"Crnl_L.Mold 7000.JPG","97.0"
"Crnl_L.Mold 7002.JPG","97.0"
"Crnl_L.Mold 7003.JPG","98.0"
"Crnl_L.Mold 7004.JPG","98.0"
"Crnl_L.Mold 7005.JPG","98.0"
"Crnl_L.Mold 7007.JPG","98.0"
"Crnl_L.Mold 7008.JPG","99.0"
"Crnl_L.Mold 7009.JPG","99.0"
"Crnl_L.Mold 7010.JPG","99.0"
"Crnl_L.Mold 7011.JPG","99.0"
"Crnl_L.Mold 7013.JPG","100.0"
"Crnl_L.Mold 7014.JPG","100.0"
"Crnl_L.Mold 7015.JPG","100.0"
"Crnl_L.Mold 7017.JPG","100.0"
"Crnl_L.Mold 7018.JPG","101.0"
"Crnl_L.Mold 7019.JPG","101.0"
"Crnl_L.Mold 7021.JPG","101.0"
"Crnl_L.Mold 7022.JPG","101.0"
"Crnl_L.Mold 7023.JPG","102.0"
"Crnl_L.Mold 7025.JPG","102.0"
"Crnl_L.Mold 7026.JPG","102.0"
"Crnl_L.Mold 7027.JPG","102.0"
"Crnl_L.Mold 7028.JPG","103.0"
"Crnl_L.Mold 7029.JPG","103.0"
"Crnl_L.Mold 7030.JPG","103.0"
"Crnl_L.Mold 7032.JPG","103.0"
"Crnl_L.Mold 7033.JPG","104.0"
"Crnl_L.Mold 7034.JPG","104.0"
"Crnl_L.Mold 7035.JPG","104.0"
"Crnl_L.Mold 7036.JPG","104.0"
"Crnl_L.Mold 7038.JPG","105.0"
"Crnl_L.Mold 7039.JPG","105.0"
"Crnl_L.Mold 7040.JPG","105.0"
"Crnl_L.Mold 7042.JPG","105.0"
"Crnl_L.Mold 7043.JPG","106.0"
"Crnl_L.Mold 7044.JPG","106.0"
"Crnl_L.Mold 7045.JPG","106.0"
"Crnl_L.Mold 7046.JPG","106.0"
"Crnl_L.Mold 7048.JPG","107.0"
"Crnl_L.Mold 7049.JPG","107.0"
"Crnl_L.Mold 7051.JPG","107.0"
"Crnl_L.Mold 7052.JPG","107.0"
"Crnl_L.Mold 7053.JPG","108.0"
"Crnl_L.Mold 7054.JPG","108.0"
"Crnl_L.Mold 7055.JPG","108.0"
"Crnl_L.Mold 7056.JPG","108.0"
"Crnl_L.Mold 7058.JPG","109.0"
"Crnl_L.Mold 7059.JPG","109.0"
"Crnl_L.Mold 7060.JPG","109.0"
"Crnl_L.Mold 7061.JPG","109.0"
"Crnl_L.Mold 7064.JPG","110.0"
"Crnl_L.Mold 7066.JPG","110.0"
"Crnl_L.Mold 7067.JPG","110.0"
"Crnl_L.Mold 7068.JPG","110.0"
"Crnl_L.Mold 7069.JPG","111.0"
"Crnl_L.Mold 7070.JPG","111.0"
"Crnl_L.Mold 7071.JPG","111.0"
"Crnl_L.Mold 7072.JPG","111.0"
"Crnl_L.Mold 7074.JPG","112.0"
"Crnl_L.Mold 7075.JPG","112.0"
"Crnl_L.Mold 7076.JPG","112.0"
"Crnl_L.Mold 7077.JPG","112.0"
"Crnl_L.Mold 7079.JPG","113.0"
"Crnl_L.Mold 7080.JPG","113.0"
"Crnl_L.Mold 7082.JPG","113.0"
"Crnl_L.Mold 7083.JPG","113.0"
"Crnl_L.Mold 7084.JPG","114.0"
"Crnl_L.Mold 7085.JPG","114.0"
"Crnl_L.Mold 7086.JPG","114.0"
"Crnl_L.Mold 7088.JPG","114.0"
"Crnl_L.Mold 7089.JPG","115.0"
"Crnl_L.Mold 7090.JPG","115.0"
"Crnl_L.Mold 7091.JPG","115.0"
"Crnl_L.Mold 7093.JPG","115.0"
"Crnl_L.Mold 7094.JPG","116.0"
"Crnl_L.Mold 7096.JPG","116.0"
"Crnl_L.Mold 7097.JPG","116.0"
"Crnl_L.Mold 7098.JPG","116.0"
"Crnl_L.Mold 7099.JPG","117.0"
"Crnl_L.Mold 7100.JPG","117.0"
"Crnl_L.Mold 7101.JPG","117.0"
"Crnl_L.Mold 7102.JPG","117.0"
"Crnl_L.Mold 7111.JPG","118.0"
"Crnl_L.Mold 7112.JPG","118.0"
"Crnl_L.Mold 7114.JPG","118.0"
"Crnl_L.Mold 7115.JPG","118.0"
"Crnl_L.Mold 7116.JPG","119.0"
"Crnl_L.Mold 7118.JPG","119.0"
"Crnl_L.Mold 7119.JPG","119.0"
"Crnl_L.Mold 7120.JPG","119.0"
"Crnl_L.Mold 7123.JPG","120.0"
"Crnl_L.Mold 7124.JPG","120.0"
"Crnl_L.Mold 7125.JPG","120.0"
"Crnl_L.Mold 7127.JPG","120.0"
"Crnl_L.Mold 7128.JPG","121.0"
"Crnl_L.Mold 7129.JPG","121.0"
"Crnl_L.Mold 7130.JPG","121.0"
"Crnl_L.Mold 7131.JPG","121.0"
"Crnl_L.Mold 7133.JPG","122.0"
"Crnl_L.Mold 7134.JPG","122.0"
"Crnl_L.Mold 7135.JPG","122.0"
"Crnl_L.Mold 7137.JPG","122.0"
"Crnl_L.Mold 7139.JPG","123.0"
"Crnl_L.Mold 7140.JPG","123.0"
"Crnl_L.Mold 7141.JPG","123.0"
"Crnl_L.Mold 7142.JPG","123.0"
"Crnl_L.Mold 7143.JPG","124.0"
"Crnl_L.Mold 7144.JPG","124.0"
"Crnl_L.Mold 7145.JPG","124.0"
"Crnl_L.Mold 7146.JPG","124.0"
"Crnl_L.Mold 7148.JPG","125.0"
"Crnl_L.Mold 7149.JPG","125.0"
"Crnl_L.Mold 7151.JPG","125.0"
"Crnl_L.Mold 7152.JPG","125.0"
"Crnl_L.Mold 7154.JPG","126.0"
"Crnl_L.Mold 7155.JPG","126.0"
"Crnl_L.Mold 7156.JPG","126.0"
"Crnl_L.Mold 7157.JPG","126.0"
"Crnl_L.Mold 7158.JPG","127.0"
"Crnl_L.Mold 7160.JPG","127.0"
"Crnl_L.Mold 7161.JPG","127.0"
"Crnl_L.Mold 7162.JPG","127.0"
"Crnl_L.Mold 7164.JPG","128.0"
"Crnl_L.Mold 7165.JPG","128.0"
"Crnl_L.Mold 7166.JPG","128.0"
"Crnl_L.Mold 7167.JPG","128.0"
"Crnl_L.Mold 7168.JPG","129.0"
"Crnl_L.Mold 7170.JPG","129.0"
"Crnl_L.Mold 7171.JPG","129.0"
"Crnl_L.Mold 7172.JPG","129.0"
"Crnl_L.Mold 7173.JPG","130.0"
"Crnl_L.Mold 7175.JPG","130.0"
"Crnl_L.Mold 7176.JPG","130.0"
"Crnl_L.Mold 7177.JPG","130.0"
"Crnl_L.Mold 7178.JPG","131.0"
"Crnl_L.Mold 7179.JPG","131.0"
"Crnl_L.Mold 7181.JPG","131.0"
"Crnl_L.Mold 7182.JPG","131.0"
"Crnl_L.Mold 8618.JPG","132.0"
"Crnl_L.Mold 8619.JPG","132.0"
"Crnl_L.Mold 8622.JPG","132.0"
"Crnl_L.Mold 8623.JPG","132.0"
"Crnl_L.Mold 8624.JPG","133.0"
"Crnl_L.Mold 8627.JPG","133.0"
"Crnl_L.Mold 8628.JPG","133.0"
"Crnl_L.Mold 8629.JPG","133.0"
"Crnl_L.Mold 8630.JPG","134.0"
"Crnl_L.Mold 8631.JPG","134.0"
"Crnl_L.Mold 8632.JPG","134.0"
"Crnl_L.Mold 8633.JPG","134.0"
"Crnl_L.Mold 8635.JPG","135.0"
"Crnl_L.Mold 8637.JPG","135.0"
"Crnl_L.Mold 8639.JPG","135.0"
"Crnl_L.Mold 8640.JPG","135.0"
"Crnl_L.Mold 8641.JPG","136.0"
"Crnl_L.Mold 8642.JPG","136.0"
"Crnl_L.Mold 8643.JPG","136.0"
"Crnl_L.Mold 8645.JPG","136.0"
"Crnl_L.Mold 8646.JPG","137.0"
"Crnl_L.Mold 8647.JPG","137.0"
"Crnl_L.Mold 8648.JPG","137.0"
"Crnl_L.Mold 8650.JPG","137.0"
"Crnl_L.Mold 8651.JPG","138.0"
"Crnl_L.Mold 8652.JPG","138.0"
"Crnl_L.Mold 8654.JPG","138.0"
"Crnl_L.Mold 8656.JPG","138.0"
"Crnl_L.Mold 8657.JPG","139.0"
"Crnl_L.Mold 8659.JPG","139.0"
"Crnl_L.Mold 8660.JPG","139.0"
"Crnl_L.Mold 8661.JPG","139.0"
"Crnl_L.Mold 8662.JPG","140.0"
"Crnl_L.Mold 8664.JPG","140.0"
"Crnl_L.Mold 8666.JPG","140.0"
"Crnl_L.Mold 8667.JPG","140.0"
"Crnl_L.Mold 8668.JPG","141.0"
"Crnl_L.Mold 8670.JPG","141.0"
"Crnl_L.Mold 8671.JPG","141.0"
"Crnl_L.Mold 8672.JPG","141.0"
"Crnl_L.Mold 8673.JPG","142.0"
"Crnl_L.Mold 8675.JPG","142.0"
"Crnl_L.Mold 8676.JPG","142.0"
"Crnl_L.Mold 8677.JPG","142.0"
"Crnl_L.Mold 8678.JPG","143.0"
"Crnl_L.Mold 8679.JPG","143.0"
"Crnl_L.Mold 8681.JPG","143.0"
"Crnl_L.Mold 8682.JPG","143.0"
"Crnl_L.Mold 8683.JPG","144.0"
"Crnl_L.Mold 8684.JPG","144.0"
"Crnl_L.Mold 8686.JPG","144.0"
"Crnl_L.Mold 8687.JPG","144.0"
"Crnl_L.Mold 8688.JPG","145.0"
"Crnl_L.Mold 8689.JPG","145.0"
"Crnl_L.Mold 8691.JPG","145.0"
"Crnl_L.Mold 8692.JPG","145.0"
"Crnl_L.Mold 8694.JPG","146.0"
"Crnl_L.Mold 8696.JPG","146.0"
"Crnl_L.Mold 8697.JPG","146.0"
"Crnl_L.Mold 8698.JPG","146.0"
"Crnl_L.Mold 8699.JPG","147.0"
"Crnl_L.Mold 8700.JPG","147.0"
"Crnl_L.Mold 8702.JPG","147.0"
"Crnl_L.Mold 8703.JPG","147.0"
"Crnl_L.Mold 8705.JPG","148.0"
"Crnl_L.Mold 8706.JPG","148.0"
"Crnl_L.Mold 8708.JPG","148.0"
"Crnl_L.Mold 8709.JPG","148.0"
"Crnl_L.Mold 8710.JPG","149.0"
"Crnl_L.Mold 8712.JPG","149.0"
"Crnl_L.Mold 8714.JPG","149.0"
"Crnl_L.Mold 8715.JPG","149.0"
"Crnl_L.Mold 8716.JPG","150.0"
"Crnl_L.Mold 8717.JPG","150.0"
"Crnl_L.Mold 8718.JPG","150.0"
"Crnl_L.Mold 8720.JPG","150.0"
"Crnl_L.Mold 8721.JPG","151.0"
"Crnl_L.Mold 8722.JPG","151.0"
"Crnl_L.Mold 8724.JPG","151.0"
"Crnl_L.Mold 8725.JPG","151.0"
"Crnl_L.Mold 8726.JPG","152.0"
"Crnl_L.Mold 8728.JPG","152.0"
"Crnl_L.Mold 8729.JPG","152.0"
"Crnl_L.Mold 8730.JPG","152.0"
"Crnl_L.Mold 8731.JPG","153.0"
"Crnl_L.Mold 8733.JPG","153.0"
"Crnl_L.Mold 8734.JPG","153.0"
"Crnl_L.Mold 8735.JPG","153.0"
"Crnl_L.Mold 8736.JPG","154.0"
"Crnl_L.Mold 8737.JPG","154.0"
"Crnl_L.Mold 8739.JPG","154.0"
"Crnl_L.Mold 8740.JPG","154.0"
"Crnl_L.Mold 8741.JPG","155.0"
"Crnl_L.Mold 8742.JPG","155.0"
"Crnl_L.Mold 8744.JPG","155.0"
"Crnl_L.Mold 8745.JPG","155.0"
"Crnl_L.Mold 8746.JPG","156.0"
"Crnl_L.Mold 8748.JPG","156.0"
"Crnl_L.Mold 8749.JPG","156.0"
"Crnl_L.Mold 8750.JPG","156.0"
"Crnl_L.Mold 8751.JPG","157.0"
"Crnl_L.Mold 8753.JPG","157.0"
"Crnl_L.Mold 8754.JPG","157.0"
"Crnl_L.Mold 8755.JPG","157.0"
"Crnl_L.Mold 8756.JPG","158.0"
"Crnl_L.Mold 8757.JPG","158.0"
"Crnl_L.Mold 8759.JPG","158.0"
"Crnl_L.Mold 8760.JPG","158.0"
"Crnl_L.Mold 8761.JPG","159.0"
"Crnl_L.Mold 8762.JPG","159.0"
"Crnl_L.Mold 8764.JPG","159.0"
"Crnl_L.Mold 8765.JPG","159.0"
"Crnl_L.Mold 8766.JPG","160.0"
"Crnl_L.Mold 8768.JPG","160.0"
"Crnl_L.Mold 8770.JPG","160.0"
"Crnl_L.Mold 8771.JPG","160.0"
"Crnl_L.Mold 8772.JPG","161.0"
"Crnl_L.Mold 8774.JPG","161.0"
"Crnl_L.Mold 8775.JPG","161.0"
"Crnl_L.Mold 8776.JPG","161.0"
"Crnl_L.Mold 8777.JPG","162.0"
"Crnl_L.Mold 8778.JPG","162.0"
"Crnl_L.Mold 8780.JPG","162.0"
"Crnl_L.Mold 8781.JPG","162.0"
"Crnl_L.Mold 8782.JPG","163.0"
"Crnl_L.Mold 8783.JPG","163.0"
"Crnl_L.Mold 8784.JPG","163.0"
"Crnl_L.Mold 8786.JPG","163.0"
"Crnl_L.Mold 8787.JPG","164.0"
"Crnl_L.Mold 8788.JPG","164.0"
"Crnl_L.Mold 8790.JPG","164.0"
"Crnl_L.Mold 8791.JPG","164.0"
"Crnl_L.Mold 8792.JPG","165.0"
"Crnl_L.Mold 8794.JPG","165.0"
"Crnl_L.Mold 8795.JPG","165.0"
"Crnl_L.Mold 8796.JPG","165.0"
"Crnl_L.Mold 8797.JPG","166.0"
"Crnl_L.Mold 8799.JPG","166.0"
"Crnl_L.Mold 8800.JPG","166.0"
"Crnl_L.Mold 8801.JPG","166.0"
"Crnl_L.Mold 8802.JPG","167.0"
"Crnl_L.Mold 8803.JPG","167.0"
"Crnl_L.Mold 8805.JPG","167.0"
"Crnl_L.Mold 8806.JPG","167.0"
"Crnl_L.Mold 8807.JPG","168.0"
"Crnl_L.Mold 8809.JPG","168.0"
"Crnl_L.Mold 8810.JPG","168.0"
"Crnl_L.Mold 8811.JPG","168.0"
"Crnl_L.Mold 8812.JPG","169.0"
"Crnl_L.Mold 8813.JPG","169.0"
"Crnl_L.Mold 8815.JPG","169.0"
"Crnl_L.Mold 8816.JPG","169.0"
"Crnl_L.Mold 8817.JPG","170.0"
"Crnl_L.Mold 8819.JPG","170.0"
"Crnl_L.Mold 8820.JPG","170.0"
"Crnl_L.Mold 8821.JPG","170.0"
"Crnl_L.Mold 8822.JPG","171.0"
"Crnl_L.Mold 8823.JPG","171.0"
"Crnl_L.Mold 8824.JPG","171.0"
"Crnl_L.Mold 8826.JPG","171.0"
"Crnl_L.Mold 8827.JPG","172.0"
"Crnl_L.Mold 8828.JPG","172.0"
"Crnl_L.Mold 8829.JPG","172.0"
"Crnl_L.Mold 8830.JPG","172.0"
"Crnl_L.Mold 8833.JPG","173.0"
"Crnl_L.Mold 8834.JPG","173.0"
"Crnl_L.Mold 8835.JPG","173.0"
"Crnl_L.Mold 8838.JPG","173.0"
"Crnl_L.Mold 8839.JPG","174.0"
"Crnl_L.Mold 8841.JPG","174.0"
"Crnl_L.Mold 8842.JPG","174.0"
"Crnl_L.Mold 8843.JPG","174.0"
"Crnl_L.Mold 8844.JPG","175.0"
"Crnl_L.Mold 8846.JPG","175.0"
"Crnl_L.Mold 8847.JPG","175.0"
"Crnl_L.Mold 8849.JPG","175.0"
"Crnl_L.Mold 8850.JPG","176.0"
"Crnl_L.Mold 8851.JPG","176.0"
"Crnl_L.Mold 8852.JPG","176.0"
"Crnl_L.Mold 8853.JPG","176.0"
"Crnl_L.Mold 8855.JPG","177.0"
"Crnl_L.Mold 8857.JPG","177.0"
"Crnl_L.Mold 8858.JPG","177.0"
"Crnl_L.Mold 8859.JPG","177.0"
"Crnl_L.Mold 8860.JPG","178.0"
"Crnl_L.Mold 8861.JPG","178.0"
"Crnl_L.Mold 8862.JPG","178.0"
"Crnl_L.Mold 8863.JPG","178.0"
"Crnl_L.Mold 8865.JPG","179.0"
"Crnl_L.Mold 8867.JPG","179.0"
"Crnl_L.Mold 8868.JPG","179.0"
"Crnl_L.Mold 8869.JPG","179.0"
"Crnl_L.Mold 8870.JPG","180.0"
"Crnl_L.Mold 8872.JPG","180.0"
"Crnl_L.Mold 8874.JPG","180.0"
"Crnl_L.Mold 8875.JPG","180.0"
"Crnl_L.Mold 8876.JPG","181.0"
"Crnl_L.Mold 8878.JPG","181.0"
"Crnl_L.Mold 8880.JPG","181.0"
"Crnl_L.Mold 8881.JPG","181.0"
"Crnl_L.Mold 8888.JPG","182.0"
"Crnl_L.Mold 8890.JPG","182.0"
"Crnl_L.Mold 8891.JPG","182.0"
"Crnl_L.Mold 8892.JPG","182.0"
"Crnl_L.Mold 8894.JPG","183.0"
"Crnl_L.Mold 8895.JPG","183.0"
"Crnl_L.Mold 8896.JPG","183.0"
"Crnl_L.Mold 8898.JPG","183.0"
"Crnl_L.Mold 8899.JPG","184.0"
"Crnl_L.Mold 8901.JPG","184.0"
"Crnl_L.Mold 8902.JPG","184.0"
"Crnl_L.Mold 8903.JPG","184.0"
"Crnl_L.Mold 8906.JPG","185.0"
"Crnl_L.Mold 8907.JPG","185.0"
"Crnl_L.Mold 8908.JPG","185.0"
"Crnl_L.Mold 8909.JPG","185.0"
"Crnl_L.Mold 8911.JPG","186.0"
"Crnl_L.Mold 8912.JPG","186.0"
"Crnl_L.Mold 8913.JPG","186.0"
"Crnl_L.Mold 8914.JPG","186.0"
"Crnl_L.Mold 8916.JPG","187.0"
"Crnl_L.Mold 8919.JPG","187.0"
"Crnl_L.Mold 8920.JPG","187.0"
"Crnl_L.Mold 8921.JPG","187.0"
"Crnl_L.Mold 8922.JPG","188.0"
"Crnl_L.Mold 8924.JPG","188.0"
"Crnl_L.Mold 8925.JPG","188.0"
"Crnl_L.Mold 8926.JPG","188.0"
"Crnl_L.Mold 8927.JPG","189.0"
"Crnl_L.Mold 8928.JPG","189.0"
"Crnl_L.Mold 8929.JPG","189.0"
"Crnl_L.Mold 8930.JPG","189.0"
"Crnl_L.Mold 8933.JPG","190.0"
"Crnl_L.Mold 8934.JPG","190.0"
"Crnl_L.Mold 8935.JPG","190.0"
"Crnl_L.Mold 8936.JPG","190.0"
"Crnl_L.Mold 8938.JPG","191.0"
"Crnl_L.Mold 8939.JPG","191.0"
"Crnl_L.Mold 8940.JPG","191.0"
"Crnl_L.Mold 8941.JPG","191.0"
"Crnl_L.Mold 8942.JPG","192.0"
"Crnl_L.Mold 8943.JPG","192.0"
"Crnl_L.Mold 8944.JPG","192.0"
"Crnl_L.Mold 8945.JPG","192.0"
"Crnl_L.Mold 8947.JPG","193.0"
"Crnl_L.Mold 8948.JPG","193.0"
"Crnl_L.Mold 8949.JPG","193.0"
"Crnl_L.Mold 8950.JPG","193.0"
"Crnl_L.Mold 8952.JPG","194.0"
"Crnl_L.Mold 8953.JPG","194.0"
"Crnl_L.Mold 8954.JPG","194.0"
"Crnl_L.Mold 8955.JPG","194.0"
"Crnl_L.Mold 8957.JPG","195.0"
"Crnl_L.Mold 8958.JPG","195.0"
"Crnl_L.Mold 8959.JPG","195.0"
"Crnl_L.Mold 8960.JPG","195.0"
"Crnl_L.Mold 8963.JPG","196.0"
"Crnl_L.Mold 8964.JPG","196.0"
"Crnl_L.Mold 8965.JPG","196.0"
"Crnl_L.Mold 8966.JPG","196.0"
"Crnl_L.Mold 8968.JPG","197.0"
"Crnl_L.Mold 8969.JPG","197.0"
"Crnl_L.Mold 8971.JPG","197.0"
"Crnl_L.Mold 8972.JPG","197.0"
"Crnl_L.Mold 8973.JPG","198.0"
"Crnl_L.Mold 8974.JPG","198.0"
"Crnl_L.Mold 8975.JPG","198.0"
"Crnl_L.Mold 8976.JPG","198.0"
"Crnl_L.Mold 8978.JPG","199.0"
"Crnl_L.Mold 8980.JPG","199.0"
"Crnl_L.Mold 8981.JPG","199.0"
"Crnl_L.Mold 8982.JPG","199.0"
"Crnl_L.Mold 8985.JPG","200.0"
"Crnl_L.Mold 8987.JPG","200.0"
"Crnl_L.Mold 8988.JPG","200.0"
"Crnl_L.Mold 8989.JPG","200.0"
"Crnl_L.Mold 8990.JPG","201.0"
"Crnl_L.Mold 8991.JPG","201.0"
"Crnl_L.Mold 8992.JPG","201.0"
"Crnl_L.Mold 8994.JPG","201.0"
"Crnl_L.Mold 8995.JPG","202.0"
"Crnl_L.Mold 8996.JPG","202.0"
"Crnl_L.Mold 8997.JPG","202.0"
"Crnl_L.Mold 8998.JPG","202.0"
"Crnl_L.Mold 9001.JPG","203.0"
"Crnl_L.Mold 9004.JPG","203.0"
"Crnl_L.Mold 9005.JPG","203.0"
"Crnl_L.Mold 9006.JPG","203.0"
"Crnl_L.Mold 9007.JPG","204.0"
"Crnl_L.Mold 9008.JPG","204.0"
"Crnl_L.Mold 9010.JPG","204.0"
"Crnl_L.Mold 9012.JPG","204.0"
"Crnl_L.Mold 9013.JPG","205.0"
"Crnl_L.Mold 9015.JPG","205.0"
"Crnl_L.Mold 9016.JPG","205.0"
"Crnl_L.Mold 9017.JPG","205.0"
"Crnl_L.Mold 9018.JPG","206.0"
"Crnl_L.Mold 9019.JPG","206.0"
"Crnl_L.Mold 9021.JPG","206.0"
"Crnl_L.Mold 9022.JPG","206.0"
"Crnl_L.Mold 9023.JPG","207.0"
"Crnl_L.Mold 9024.JPG","207.0"
"Crnl_L.Mold 9025.JPG","207.0"
"Crnl_L.Mold 9027.JPG","207.0"
"Crnl_L.Mold 9028.JPG","208.0"
"Crnl_L.Mold 9030.JPG","208.0"
"Crnl_L.Mold 9031.JPG","208.0"
"Crnl_L.Mold 9032.JPG","208.0"
"Crnl_L.Mold 9033.JPG","209.0"
"Crnl_L.Mold 9034.JPG","209.0"
"Crnl_L.Mold 9035.JPG","209.0"
"Crnl_L.Mold 9037.JPG","209.0"
"Crnl_L.Mold 9038.JPG","210.0"
"Crnl_L.Mold 9039.JPG","210.0"
"Crnl_L.Mold 9040.JPG","210.0"
"Crnl_L.Mold 9041.JPG","210.0"
"Crnl_L.Mold 9043.JPG","211.0"
"Crnl_L.Mold 9044.JPG","211.0"
"Crnl_L.Mold 9045.JPG","211.0"
"Crnl_L.Mold 9046.JPG","211.0"
"Crnl_L.Mold 9048.JPG","212.0"
"Crnl_L.Mold 9049.JPG","212.0"
"Crnl_L.Mold 9050.JPG","212.0"
"Crnl_L.Mold 9051.JPG","212.0"
"Crnl_L.Mold 9053.JPG","213.0"
"Crnl_L.Mold 9055.JPG","213.0"
"Crnl_L.Mold 9056.JPG","213.0"
"Crnl_L.Mold 9057.JPG","213.0"
"Crnl_L.Mold 9058.JPG","214.0"
"Crnl_L.Mold 9059.JPG","214.0"
"Crnl_L.Mold 9060.JPG","214.0"
"Crnl_L.Mold 9063.JPG","214.0"
"Crnl_L.Mold 9064.JPG","215.0"
"Crnl_L.Mold 9066.JPG","215.0"
"Crnl_L.Mold 9067.JPG","215.0"
"Crnl_L.Mold 9068.JPG","215.0"
"Crnl_L.Mold 9069.JPG","216.0"
"Crnl_L.Mold 9070.JPG","216.0"
"Crnl_L.Mold 9071.JPG","216.0"
"Crnl_L.Mold 9072.JPG","216.0"
"Crnl_L.Mold 9074.JPG","217.0"
"Crnl_L.Mold 9075.JPG","217.0"
"Crnl_L.Mold 9076.JPG","217.0"
"Crnl_L.Mold 9077.JPG","217.0"
"Crnl_L.Mold 9079.JPG","218.0"
"Crnl_L.Mold 9082.JPG","218.0"
"Crnl_L.Mold 9083.JPG","218.0"
"Crnl_L.Mold 9084.JPG","218.0"
"Crnl_L.Mold 9085.JPG","219.0"
"Crnl_L.Mold 9086.JPG","219.0"
"Crnl_L.Mold 9088.JPG","219.0"
"Crnl_L.Mold 9089.JPG","219.0"
"Crnl_L.Mold 9090.JPG","220.0"
"Crnl_L.Mold 9092.JPG","220.0"
"Crnl_L.Mold 9093.JPG","220.0"
"Crnl_L.Mold 9094.JPG","220.0"
"Crnl_L.Mold 9096.JPG","221.0"
"Crnl_L.Mold 9098.JPG","221.0"
"Crnl_L.Mold 9099.JPG","221.0"
"Crnl_L.Mold 9100.JPG","221.0"
"Crnl_L.Mold 9101.JPG","222.0"
"Crnl_L.Mold 9102.JPG","222.0"
"Crnl_L.Mold 9104.JPG","222.0"
"Crnl_L.Mold 9105.JPG","222.0"
"Crnl_L.Mold 9106.JPG","223.0"
"Crnl_L.Mold 9108.JPG","223.0"
"Crnl_L.Mold 9109.JPG","223.0"
"Crnl_L.Mold 9110.JPG","223.0"
"Crnl_L.Mold 9111.JPG","224.0"
"Crnl_L.Mold 9112.JPG","224.0"
"Crnl_L.Mold 9113.JPG","224.0"
"Crnl_L.Mold 9114.JPG","224.0"
"Crnl_L.Mold 9116.JPG","225.0"
"Crnl_L.Mold 9117.JPG","225.0"
"Crnl_L.Mold 9119.JPG","225.0"
"Crnl_L.Mold 9120.JPG","225.0"
"Crnl_L.Mold 9121.JPG","226.0"
"Crnl_L.Mold 9123.JPG","226.0"
"Crnl_L.Mold 9124.JPG","226.0"
"Crnl_L.Mold 9125.JPG","226.0"
"Crnl_L.Mold 9127.JPG","227.0"
"Crnl_L.Mold 9128.JPG","227.0"
"Crnl_L.Mold 9129.JPG","227.0"
"Crnl_L.Mold 9130.JPG","227.0"
"Crnl_L.Mold 9132.JPG","228.0"
"Crnl_L.Mold 9133.JPG","228.0"
"Crnl_L.Mold 9134.JPG","228.0"
"Crnl_L.Mold 9135.JPG","228.0"
"Crnl_L.Mold 9136.JPG","229.0"
"Crnl_L.Mold 9137.JPG","229.0"
"Crnl_L.Mold 9138.JPG","229.0"
"Crnl_L.Mold 9139.JPG","229.0"
"Crnl_L.Mold 9141.JPG","230.0"
"Crnl_L.Mold 9142.JPG","230.0"
"Crnl_L.Mold 9144.JPG","230.0"
"Crnl_L.Mold 9145.JPG","230.0"
"Crnl_L.Mold 9146.JPG","231.0"
"Crnl_L.Mold 9148.JPG","231.0"
"Crnl_L.Mold 9149.JPG","231.0"
"Crnl_L.Mold 9150.JPG","231.0"
"Crnl_L.Mold 9151.JPG","232.0"
"Crnl_L.Mold 9153.JPG","232.0"
"Crnl_L.Mold 9154.JPG","232.0"
"Crnl_L.Mold 9155.JPG","232.0"
"Crnl_L.Mold 9156.JPG","233.0"
"Crnl_L.Mold 9157.JPG","233.0"
"Crnl_L.Mold 9158.JPG","233.0"
"Crnl_L.Mold 9159.JPG","233.0"
"Crnl_L.Mold 9161.JPG","234.0"
"Crnl_L.Mold 9162.JPG","234.0"
"Crnl_L.Mold 9163.JPG","234.0"
"Crnl_L.Mold 9164.JPG","234.0"
"Crnl_L.Mold 9166.JPG","235.0"
"Crnl_L.Mold 9168.JPG","235.0"
"Crnl_L.Mold 9169.JPG","235.0"
"Crnl_L.Mold 9170.JPG","235.0"
"Crnl_L.Mold 9171.JPG","236.0"
"Crnl_L.Mold 9172.JPG","236.0"
"Crnl_L.Mold 9174.JPG","236.0"
"Crnl_L.Mold 9175.JPG","236.0"
"Crnl_L.Mold 9176.JPG","237.0"
"Crnl_L.Mold 9177.JPG","237.0"
"Crnl_L.Mold 9178.JPG","237.0"
"Crnl_L.Mold 9179.JPG","237.0"
"Crnl_L.Mold 9181.JPG","238.0"
"Crnl_L.Mold 9182.JPG","238.0"
"Crnl_L.Mold 9183.JPG","238.0"
"Crnl_L.Mold 9185.JPG","238.0"
