"File Name","Leaf #"
"Com.G_FL 0004.JPG","1.0"
"Com.G_FL 0005.JPG","1.0"
"Com.G_FL 0006.JPG","1.0"
"Com.G_FL 0007.JPG","1.0"
"Com.G_FL 0008.JPG","2.0"
"Com.G_FL 0009.JPG","2.0"
"Com.G_FL 0010.JPG","2.0"
"Com.G_FL 0011.JPG","2.0"
"Com.G_FL 0012.JPG","3.0"
"Com.G_FL 0013.JPG","3.0"
"Com.G_FL 0014.JPG","3.0"
"Com.G_FL 0015.JPG","3.0"
"Com.G_FL 0016.JPG","4.0"
"Com.G_FL 0017.JPG","4.0"
"Com.G_FL 0018.JPG","4.0"
"Com.G_FL 0019.JPG","4.0"
"Com.G_FL 0020.JPG","5.0"
"Com.G_FL 0021.JPG","5.0"
"Com.G_FL 0022.JPG","5.0"
"Com.G_FL 0023.JPG","5.0"
"Com.G_FL 0024.JPG","6.0"
"Com.G_FL 0025.JPG","6.0"
"Com.G_FL 0026.JPG","6.0"
"Com.G_FL 0027.JPG","6.0"
"Com.G_FL 0028.JPG","7.0"
"Com.G_FL 0029.JPG","7.0"
"Com.G_FL 0030.JPG","7.0"
"Com.G_FL 0031.JPG","7.0"
"Com.G_FL 0033.JPG","8.0"
"Com.G_FL 0034.JPG","8.0"
"Com.G_FL 0035.JPG","8.0"
"Com.G_FL 0036.JPG","8.0"
"Com.G_FL 0037.JPG","9.0"
"Com.G_FL 0038.JPG","9.0"
"Com.G_FL 0039.JPG","9.0"
"Com.G_FL 0040.JPG","9.0"
"Com.G_FL 0041.JPG","10.0"
"Com.G_FL 0042.JPG","10.0"
"Com.G_FL 0043.JPG","10.0"
"Com.G_FL 0044.JPG","10.0"
"Com.G_FL 0045.JPG","11.0"
"Com.G_FL 0046.JPG","11.0"
"Com.G_FL 0047.JPG","11.0"
"Com.G_FL 0048.JPG","11.0"
"Com.G_FL 0049.JPG","12.0"
"Com.G_FL 0050.JPG","12.0"
"Com.G_FL 0051.JPG","12.0"
"Com.G_FL 0052.JPG","12.0"
"Com.G_FL 0639.JPG","13.0"
"Com.G_FL 0640.JPG","13.0"
"Com.G_FL 0641.JPG","13.0"
"Com.G_FL 0642.JPG","13.0"
"Com.G_FL 0643.JPG","14.0"
"Com.G_FL 0644.JPG","14.0"
"Com.G_FL 0645.JPG","14.0"
"Com.G_FL 0646.JPG","14.0"
"Com.G_FL 0647.JPG","15.0"
"Com.G_FL 0648.JPG","15.0"
"Com.G_FL 0649.JPG","15.0"
"Com.G_FL 0650.JPG","15.0"
"Com.G_FL 0651.JPG","16.0"
"Com.G_FL 0652.JPG","16.0"
"Com.G_FL 0653.JPG","16.0"
"Com.G_FL 0654.JPG","16.0"
"Com.G_FL 0655.JPG","17.0"
"Com.G_FL 0656.JPG","17.0"
"Com.G_FL 0657.JPG","17.0"
"Com.G_FL 0658.JPG","17.0"
"Com.G_FL 0659.JPG","18.0"
"Com.G_FL 0660.JPG","18.0"
"Com.G_FL 0661.JPG","18.0"
"Com.G_FL 0662.JPG","18.0"
"Com.G_FL 0663.JPG","19.0"
"Com.G_FL 0664.JPG","19.0"
"Com.G_FL 0665.JPG","19.0"
"Com.G_FL 0666.JPG","19.0"
"Com.G_FL 0667.JPG","20.0"
"Com.G_FL 0668.JPG","20.0"
"Com.G_FL 0669.JPG","20.0"
"Com.G_FL 0670.JPG","20.0"
"Com.G_FL 0672.JPG","21.0"
"Com.G_FL 0673.JPG","21.0"
"Com.G_FL 0674.JPG","21.0"
"Com.G_FL 0675.JPG","21.0"
"Com.G_FL 0680.JPG","22.0"
"Com.G_FL 0681.JPG","22.0"
"Com.G_FL 0682.JPG","22.0"
"Com.G_FL 0683.JPG","22.0"
"Com.G_FL 0684.JPG","23.0"
"Com.G_FL 0685.JPG","23.0"
"Com.G_FL 0686.JPG","23.0"
"Com.G_FL 0687.JPG","23.0"
"Com.G_FL 0688.JPG","24.0"
"Com.G_FL 0689.JPG","24.0"
"Com.G_FL 0690.JPG","24.0"
"Com.G_FL 0691.JPG","24.0"
"Com.G_FL 0692.JPG","25.0"
"Com.G_FL 0693.JPG","25.0"
"Com.G_FL 0694.JPG","25.0"
"Com.G_FL 0695.JPG","25.0"
"Com.G_FL 0696.JPG","26.0"
"Com.G_FL 0697.JPG","26.0"
"Com.G_FL 0698.JPG","26.0"
"Com.G_FL 0699.JPG","26.0"
"Com.G_FL 0700.JPG","27.0"
"Com.G_FL 0701.JPG","27.0"
"Com.G_FL 0702.JPG","27.0"
"Com.G_FL 0703.JPG","27.0"
"Com.G_FL 0704.JPG","28.0"
"Com.G_FL 0705.JPG","28.0"
"Com.G_FL 0706.JPG","28.0"
"Com.G_FL 0707.JPG","28.0"
"Com.G_FL 0708.JPG","29.0"
"Com.G_FL 0709.JPG","29.0"
"Com.G_FL 0710.JPG","29.0"
"Com.G_FL 0711.JPG","29.0"
"Com.G_FL 0712.JPG","30.0"
"Com.G_FL 0713.JPG","30.0"
"Com.G_FL 0714.JPG","30.0"
"Com.G_FL 0715.JPG","30.0"
"Com.G_FL 0716.JPG","31.0"
"Com.G_FL 0717.JPG","31.0"
"Com.G_FL 0718.JPG","31.0"
"Com.G_FL 0719.JPG","31.0"
"Com.G_FL 0720.JPG","32.0"
"Com.G_FL 0721.JPG","32.0"
"Com.G_FL 0722.JPG","32.0"
"Com.G_FL 0723.JPG","32.0"
"Com.G_FL 0724.JPG","33.0"
"Com.G_FL 0725.JPG","33.0"
"Com.G_FL 0726.JPG","33.0"
"Com.G_FL 0727.JPG","33.0"
"Com.G_FL 0728.JPG","34.0"
"Com.G_FL 0729.JPG","34.0"
"Com.G_FL 0730.JPG","34.0"
"Com.G_FL 0731.JPG","34.0"
"Com.G_FL 0732.JPG","35.0"
"Com.G_FL 0733.JPG","35.0"
"Com.G_FL 0734.JPG","35.0"
"Com.G_FL 0735.JPG","35.0"
"Com.G_FL 0736.JPG","36.0"
"Com.G_FL 0737.JPG","36.0"
"Com.G_FL 0738.JPG","36.0"
"Com.G_FL 0739.JPG","36.0"
"Com.G_FL 0740.JPG","37.0"
"Com.G_FL 0741.JPG","37.0"
"Com.G_FL 0742.JPG","37.0"
"Com.G_FL 0743.JPG","37.0"
"Com.G_FL 0744.JPG","38.0"
"Com.G_FL 0745.JPG","38.0"
"Com.G_FL 0746.JPG","38.0"
"Com.G_FL 0747.JPG","38.0"
"Com.G_FL 0748.JPG","39.0"
"Com.G_FL 0749.JPG","39.0"
"Com.G_FL 0750.JPG","39.0"
"Com.G_FL 0751.JPG","39.0"
"Com.G_FL 0752.JPG","40.0"
"Com.G_FL 0753.JPG","40.0"
"Com.G_FL 0754.JPG","40.0"
"Com.G_FL 0755.JPG","40.0"
"Com.G_FL 0756.JPG","41.0"
"Com.G_FL 0757.JPG","41.0"
"Com.G_FL 0758.JPG","41.0"
"Com.G_FL 0759.JPG","41.0"
"Com.G_FL 0760.JPG","42.0"
"Com.G_FL 0761.JPG","42.0"
"Com.G_FL 0762.JPG","42.0"
"Com.G_FL 0763.JPG","42.0"
"Com.G_FL 0764.JPG","43.0"
"Com.G_FL 0765.JPG","43.0"
"Com.G_FL 0766.JPG","43.0"
"Com.G_FL 0767.JPG","43.0"
"Com.G_FL 0768.JPG","44.0"
"Com.G_FL 0769.JPG","44.0"
"Com.G_FL 0770.JPG","44.0"
"Com.G_FL 0771.JPG","44.0"
"Com.G_FL 0772.JPG","45.0"
"Com.G_FL 0773.JPG","45.0"
"Com.G_FL 0774.JPG","45.0"
"Com.G_FL 0775.JPG","45.0"
"Com.G_FL 0776.JPG","46.0"
"Com.G_FL 0777.JPG","46.0"
"Com.G_FL 0778.JPG","46.0"
"Com.G_FL 0779.JPG","46.0"
"Com.G_FL 0780.JPG","47.0"
"Com.G_FL 0781.JPG","47.0"
"Com.G_FL 0782.JPG","47.0"
"Com.G_FL 0783.JPG","47.0"
"Com.G_FL 0784.JPG","48.0"
"Com.G_FL 0785.JPG","48.0"
"Com.G_FL 0786.JPG","48.0"
"Com.G_FL 0787.JPG","48.0"
"Com.G_FL 0788.JPG","49.0"
"Com.G_FL 0789.JPG","49.0"
"Com.G_FL 0790.JPG","49.0"
"Com.G_FL 0791.JPG","49.0"
"Com.G_FL 0792.JPG","50.0"
"Com.G_FL 0793.JPG","50.0"
"Com.G_FL 0794.JPG","50.0"
"Com.G_FL 0795.JPG","50.0"
"Com.G_FL 0796.JPG","51.0"
"Com.G_FL 0797.JPG","51.0"
"Com.G_FL 0798.JPG","51.0"
"Com.G_FL 0799.JPG","51.0"
"Com.G_FL 0800.JPG","52.0"
"Com.G_FL 0801.JPG","52.0"
"Com.G_FL 0802.JPG","52.0"
"Com.G_FL 0803.JPG","52.0"
"Com.G_FL 0804.JPG","53.0"
"Com.G_FL 0805.JPG","53.0"
"Com.G_FL 0806.JPG","53.0"
"Com.G_FL 0807.JPG","53.0"
"Com.G_FL 0808.JPG","54.0"
"Com.G_FL 0809.JPG","54.0"
"Com.G_FL 0810.JPG","54.0"
"Com.G_FL 0811.JPG","54.0"
"Com.G_FL 0812.JPG","55.0"
"Com.G_FL 0813.JPG","55.0"
"Com.G_FL 0814.JPG","55.0"
"Com.G_FL 0815.JPG","55.0"
"Com.G_FL 0816.JPG","56.0"
"Com.G_FL 0817.JPG","56.0"
"Com.G_FL 0818.JPG","56.0"
"Com.G_FL 0819.JPG","56.0"
"Com.G_FL 0820.JPG","57.0"
"Com.G_FL 0821.JPG","57.0"
"Com.G_FL 0822.JPG","57.0"
"Com.G_FL 0823.JPG","57.0"
"Com.G_FL 0824.JPG","58.0"
"Com.G_FL 0825.JPG","58.0"
"Com.G_FL 0826.JPG","58.0"
"Com.G_FL 0827.JPG","58.0"
"Com.G_FL 0828.JPG","59.0"
"Com.G_FL 0829.JPG","59.0"
"Com.G_FL 0830.JPG","59.0"
"Com.G_FL 0831.JPG","59.0"
"Com.G_FL 0832.JPG","60.0"
"Com.G_FL 0833.JPG","60.0"
"Com.G_FL 0834.JPG","60.0"
"Com.G_FL 0835.JPG","60.0"
"Com.G_FL 0836.JPG","61.0"
"Com.G_FL 0837.JPG","61.0"
"Com.G_FL 0838.JPG","61.0"
"Com.G_FL 0839.JPG","61.0"
"Com.G_FL 0840.JPG","62.0"
"Com.G_FL 0841.JPG","62.0"
"Com.G_FL 0842.JPG","62.0"
"Com.G_FL 0843.JPG","62.0"
"Com.G_FL 0844.JPG","63.0"
"Com.G_FL 0845.JPG","63.0"
"Com.G_FL 0846.JPG","63.0"
"Com.G_FL 0847.JPG","63.0"
"Com.G_FL 0848.JPG","64.0"
"Com.G_FL 0849.JPG","64.0"
"Com.G_FL 0850.JPG","64.0"
"Com.G_FL 0851.JPG","64.0"
"Com.G_FL 0852.JPG","65.0"
"Com.G_FL 0853.JPG","65.0"
"Com.G_FL 0854.JPG","65.0"
"Com.G_FL 0855.JPG","65.0"
"Com.G_FL 0856.JPG","66.0"
"Com.G_FL 0857.JPG","66.0"
"Com.G_FL 0858.JPG","66.0"
"Com.G_FL 0859.JPG","66.0"
"Com.G_FL 0860.JPG","67.0"
"Com.G_FL 0861.JPG","67.0"
"Com.G_FL 0862.JPG","67.0"
"Com.G_FL 0863.JPG","67.0"
"Com.G_FL 0864.JPG","68.0"
"Com.G_FL 0865.JPG","68.0"
"Com.G_FL 0866.JPG","68.0"
"Com.G_FL 0867.JPG","68.0"
"Com.G_FL 0869.JPG","69.0"
"Com.G_FL 0870.JPG","69.0"
"Com.G_FL 0871.JPG","69.0"
"Com.G_FL 0872.JPG","69.0"
"Com.G_FL 0873.JPG","70.0"
"Com.G_FL 0874.JPG","70.0"
"Com.G_FL 0875.JPG","70.0"
"Com.G_FL 0876.JPG","70.0"
"Com.G_FL 0877.JPG","71.0"
"Com.G_FL 0878.JPG","71.0"
"Com.G_FL 0879.JPG","71.0"
"Com.G_FL 0880.JPG","71.0"
"Com.G_FL 0881.JPG","72.0"
"Com.G_FL 0882.JPG","72.0"
"Com.G_FL 0883.JPG","72.0"
"Com.G_FL 0884.JPG","72.0"
"Com.G_FL 0885.JPG","73.0"
"Com.G_FL 0886.JPG","73.0"
"Com.G_FL 0887.JPG","73.0"
"Com.G_FL 0888.JPG","73.0"
"Com.G_FL 0889.JPG","74.0"
"Com.G_FL 0890.JPG","74.0"
"Com.G_FL 0891.JPG","74.0"
"Com.G_FL 0892.JPG","74.0"
"Com.G_FL 0893.JPG","75.0"
"Com.G_FL 0894.JPG","75.0"
"Com.G_FL 0895.JPG","75.0"
"Com.G_FL 0896.JPG","75.0"
"Com.G_FL 0897.JPG","76.0"
"Com.G_FL 0898.JPG","76.0"
"Com.G_FL 0899.JPG","76.0"
"Com.G_FL 0900.JPG","76.0"
"Com.G_FL 0901.JPG","77.0"
"Com.G_FL 0902.JPG","77.0"
"Com.G_FL 0903.JPG","77.0"
"Com.G_FL 0904.JPG","77.0"
"Com.G_FL 0905.JPG","78.0"
"Com.G_FL 0906.JPG","78.0"
"Com.G_FL 0907.JPG","78.0"
"Com.G_FL 0908.JPG","78.0"
"Com.G_FL 0909.JPG","79.0"
"Com.G_FL 0910.JPG","79.0"
"Com.G_FL 0911.JPG","79.0"
"Com.G_FL 0912.JPG","79.0"
"Com.G_FL 0913.JPG","80.0"
"Com.G_FL 0914.JPG","80.0"
"Com.G_FL 0915.JPG","80.0"
"Com.G_FL 0916.JPG","80.0"
"Com.G_FL 0917.JPG","81.0"
"Com.G_FL 0918.JPG","81.0"
"Com.G_FL 0919.JPG","81.0"
"Com.G_FL 0920.JPG","81.0"
"Com.G_FL 0921.JPG","82.0"
"Com.G_FL 0922.JPG","82.0"
"Com.G_FL 0923.JPG","82.0"
"Com.G_FL 0924.JPG","82.0"
"Com.G_FL 0925.JPG","83.0"
"Com.G_FL 0926.JPG","83.0"
"Com.G_FL 0927.JPG","83.0"
"Com.G_FL 0928.JPG","83.0"
"Com.G_FL 0929.JPG","84.0"
"Com.G_FL 0930.JPG","84.0"
"Com.G_FL 0931.JPG","84.0"
"Com.G_FL 0932.JPG","84.0"
"Com.G_FL 0933.JPG","85.0"
"Com.G_FL 0934.JPG","85.0"
"Com.G_FL 0935.JPG","85.0"
"Com.G_FL 0936.JPG","85.0"
"Com.G_FL 0937.JPG","86.0"
"Com.G_FL 0938.JPG","86.0"
"Com.G_FL 0939.JPG","86.0"
"Com.G_FL 0940.JPG","86.0"
"Com.G_FL 0941.JPG","87.0"
"Com.G_FL 0942.JPG","87.0"
"Com.G_FL 0943.JPG","87.0"
"Com.G_FL 0944.JPG","87.0"
"Com.G_FL 0945.JPG","88.0"
"Com.G_FL 0946.JPG","88.0"
"Com.G_FL 0947.JPG","88.0"
"Com.G_FL 0948.JPG","88.0"
"Com.G_FL 0949.JPG","89.0"
"Com.G_FL 0950.JPG","89.0"
"Com.G_FL 0951.JPG","89.0"
"Com.G_FL 0952.JPG","89.0"
"Com.G_FL 0953.JPG","90.0"
"Com.G_FL 0954.JPG","90.0"
"Com.G_FL 0955.JPG","90.0"
"Com.G_FL 0956.JPG","90.0"
"Com.G_FL 0957.JPG","91.0"
"Com.G_FL 0958.JPG","91.0"
"Com.G_FL 0959.JPG","91.0"
"Com.G_FL 0960.JPG","91.0"
"Com.G_FL 0962.JPG","92.0"
"Com.G_FL 0963.JPG","92.0"
"Com.G_FL 0964.JPG","92.0"
"Com.G_FL 0965.JPG","92.0"
"Com.G_FL 0966.JPG","93.0"
"Com.G_FL 0967.JPG","93.0"
"Com.G_FL 0968.JPG","93.0"
"Com.G_FL 0969.JPG","93.0"
"Com.G_FL 0970.JPG","94.0"
"Com.G_FL 0971.JPG","94.0"
"Com.G_FL 0972.JPG","94.0"
"Com.G_FL 0973.JPG","94.0"
"Com.G_FL 0974.JPG","95.0"
"Com.G_FL 0975.JPG","95.0"
"Com.G_FL 0976.JPG","95.0"
"Com.G_FL 0977.JPG","95.0"
"Com.G_FL 0978.JPG","96.0"
"Com.G_FL 0979.JPG","96.0"
"Com.G_FL 0980.JPG","96.0"
"Com.G_FL 0981.JPG","96.0"
"Com.G_FL 0982.JPG","97.0"
"Com.G_FL 0983.JPG","97.0"
"Com.G_FL 0984.JPG","97.0"
"Com.G_FL 0985.JPG","97.0"
"Com.G_FL 0986.JPG","98.0"
"Com.G_FL 0987.JPG","98.0"
"Com.G_FL 0988.JPG","98.0"
"Com.G_FL 0989.JPG","98.0"
"Com.G_FL 0990.JPG","99.0"
"Com.G_FL 0991.JPG","99.0"
"Com.G_FL 0992.JPG","99.0"
"Com.G_FL 0993.JPG","99.0"
"Com.G_FL 0994.JPG","100.0"
"Com.G_FL 0995.JPG","100.0"
"Com.G_FL 0996.JPG","100.0"
"Com.G_FL 0997.JPG","100.0"
"Com.G_FL 0998.JPG","101.0"
"Com.G_FL 0999.JPG","101.0"
"Com.G_FL 1000.JPG","101.0"
"Com.G_FL 1001.JPG","101.0"
"Com.G_FL 1002.JPG","102.0"
"Com.G_FL 1003.JPG","102.0"
"Com.G_FL 1004.JPG","102.0"
"Com.G_FL 1005.JPG","102.0"
"Com.G_FL 1006.JPG","103.0"
"Com.G_FL 1007.JPG","103.0"
"Com.G_FL 1008.JPG","103.0"
"Com.G_FL 1009.JPG","103.0"
"Com.G_FL 1010.JPG","104.0"
"Com.G_FL 1011.JPG","104.0"
"Com.G_FL 1012.JPG","104.0"
"Com.G_FL 1013.JPG","104.0"
"Com.G_FL 1014.JPG","105.0"
"Com.G_FL 1015.JPG","105.0"
"Com.G_FL 1016.JPG","105.0"
"Com.G_FL 1017.JPG","105.0"
"Com.G_FL 1018.JPG","106.0"
"Com.G_FL 1019.JPG","106.0"
"Com.G_FL 1020.JPG","106.0"
"Com.G_FL 1021.JPG","106.0"
"Com.G_FL 1022.JPG","107.0"
"Com.G_FL 1023.JPG","107.0"
"Com.G_FL 1024.JPG","107.0"
"Com.G_FL 1025.JPG","107.0"
"Com.G_FL 1026.JPG","108.0"
"Com.G_FL 1027.JPG","108.0"
"Com.G_FL 1028.JPG","108.0"
"Com.G_FL 1029.JPG","108.0"
"Com.G_FL 1030.JPG","109.0"
"Com.G_FL 1031.JPG","109.0"
"Com.G_FL 1032.JPG","109.0"
"Com.G_FL 1033.JPG","109.0"
"Com.G_FL 1034.JPG","110.0"
"Com.G_FL 1035.JPG","110.0"
"Com.G_FL 1036.JPG","110.0"
"Com.G_FL 1037.JPG","110.0"
"Com.G_FL 1038.JPG","111.0"
"Com.G_FL 1039.JPG","111.0"
"Com.G_FL 1040.JPG","111.0"
"Com.G_FL 1041.JPG","111.0"
"Com.G_FL 1042.JPG","112.0"
"Com.G_FL 1043.JPG","112.0"
"Com.G_FL 1044.JPG","112.0"
"Com.G_FL 1045.JPG","112.0"
"Com.G_FL 1046.JPG","113.0"
"Com.G_FL 1047.JPG","113.0"
"Com.G_FL 1048.JPG","113.0"
"Com.G_FL 1049.JPG","113.0"
"Com.G_FL 1050.JPG","114.0"
"Com.G_FL 1051.JPG","114.0"
"Com.G_FL 1052.JPG","114.0"
"Com.G_FL 1053.JPG","114.0"
"Com.G_FL 1054.JPG","115.0"
"Com.G_FL 1055.JPG","115.0"
"Com.G_FL 1056.JPG","115.0"
"Com.G_FL 1057.JPG","115.0"
"Com.G_FL 1058.JPG","116.0"
"Com.G_FL 1059.JPG","116.0"
"Com.G_FL 1060.JPG","116.0"
"Com.G_FL 1061.JPG","116.0"
"Com.G_FL 1062.JPG","117.0"
"Com.G_FL 1063.JPG","117.0"
"Com.G_FL 1064.JPG","117.0"
"Com.G_FL 1065.JPG","117.0"
"Com.G_FL 1066.JPG","118.0"
"Com.G_FL 1067.JPG","118.0"
"Com.G_FL 1068.JPG","118.0"
"Com.G_FL 1069.JPG","118.0"
"Com.G_FL 1070.JPG","119.0"
"Com.G_FL 1071.JPG","119.0"
"Com.G_FL 1072.JPG","119.0"
"Com.G_FL 1073.JPG","119.0"
"Com.G_FL 1074.JPG","120.0"
"Com.G_FL 1075.JPG","120.0"
"Com.G_FL 1076.JPG","120.0"
"Com.G_FL 1077.JPG","120.0"
"Com.G_FL 1078.JPG","121.0"
"Com.G_FL 1079.JPG","121.0"
"Com.G_FL 1080.JPG","121.0"
"Com.G_FL 1081.JPG","121.0"
"Com.G_FL 1082.JPG","122.0"
"Com.G_FL 1083.JPG","122.0"
"Com.G_FL 1084.JPG","122.0"
"Com.G_FL 1085.JPG","122.0"
"Com.G_FL 1086.JPG","123.0"
"Com.G_FL 1087.JPG","123.0"
"Com.G_FL 1088.JPG","123.0"
"Com.G_FL 1089.JPG","123.0"
"Com.G_FL 1090.JPG","124.0"
"Com.G_FL 1091.JPG","124.0"
"Com.G_FL 1092.JPG","124.0"
"Com.G_FL 1093.JPG","124.0"
"Com.G_FL 1094.JPG","125.0"
"Com.G_FL 1095.JPG","125.0"
"Com.G_FL 1096.JPG","125.0"
"Com.G_FL 1097.JPG","125.0"
"Com.G_FL 1098.JPG","126.0"
"Com.G_FL 1099.JPG","126.0"
"Com.G_FL 1100.JPG","126.0"
"Com.G_FL 1101.JPG","126.0"
"Com.G_FL 1102.JPG","127.0"
"Com.G_FL 1103.JPG","127.0"
"Com.G_FL 1104.JPG","127.0"
"Com.G_FL 1105.JPG","127.0"
"Com.G_FL 1106.JPG","128.0"
"Com.G_FL 1107.JPG","128.0"
"Com.G_FL 1108.JPG","128.0"
"Com.G_FL 1109.JPG","128.0"
"Com.G_FL 1110.JPG","129.0"
"Com.G_FL 1111.JPG","129.0"
"Com.G_FL 1112.JPG","129.0"
"Com.G_FL 1113.JPG","129.0"
"Com.G_FL 1114.JPG","130.0"
"Com.G_FL 1115.JPG","130.0"
"Com.G_FL 1116.JPG","130.0"
"Com.G_FL 1117.JPG","130.0"
"Com.G_FL 1118.JPG","131.0"
"Com.G_FL 1119.JPG","131.0"
"Com.G_FL 1120.JPG","131.0"
"Com.G_FL 1121.JPG","131.0"
"Com.G_FL 1125.JPG","132.0"
"Com.G_FL 1126.JPG","132.0"
"Com.G_FL 1127.JPG","132.0"
"Com.G_FL 1128.JPG","132.0"
"Com.G_FL 1129.JPG","133.0"
"Com.G_FL 1130.JPG","133.0"
"Com.G_FL 1131.JPG","133.0"
"Com.G_FL 1132.JPG","133.0"
"Com.G_FL 7865.JPG","134.0"
"Com.G_FL 7866.JPG","134.0"
"Com.G_FL 7867.JPG","134.0"
"Com.G_FL 7868.JPG","134.0"
"Com.G_FL 7869.JPG","135.0"
"Com.G_FL 7870.JPG","135.0"
"Com.G_FL 7871.JPG","135.0"
"Com.G_FL 7872.JPG","135.0"
"Com.G_FL 7873.JPG","136.0"
"Com.G_FL 7874.JPG","136.0"
"Com.G_FL 7875.JPG","136.0"
"Com.G_FL 7876.JPG","136.0"
"Com.G_FL 7877.JPG","137.0"
"Com.G_FL 7878.JPG","137.0"
"Com.G_FL 7879.JPG","137.0"
"Com.G_FL 7880.JPG","137.0"
"Com.G_FL 7881.JPG","138.0"
"Com.G_FL 7882.JPG","138.0"
"Com.G_FL 7883.JPG","138.0"
"Com.G_FL 7884.JPG","138.0"
"Com.G_FL 7885.JPG","139.0"
"Com.G_FL 7886.JPG","139.0"
"Com.G_FL 7887.JPG","139.0"
"Com.G_FL 7888.JPG","139.0"
"Com.G_FL 7890.JPG","140.0"
"Com.G_FL 7891.JPG","140.0"
"Com.G_FL 7892.JPG","140.0"
"Com.G_FL 7893.JPG","140.0"
"Com.G_FL 7894.JPG","141.0"
"Com.G_FL 7895.JPG","141.0"
"Com.G_FL 7896.JPG","141.0"
"Com.G_FL 7897.JPG","141.0"
"Com.G_FL 7898.JPG","142.0"
"Com.G_FL 7899.JPG","142.0"
"Com.G_FL 7900.JPG","142.0"
"Com.G_FL 7901.JPG","142.0"
"Com.G_FL 7902.JPG","143.0"
"Com.G_FL 7903.JPG","143.0"
"Com.G_FL 7904.JPG","143.0"
"Com.G_FL 7905.JPG","143.0"
"Com.G_FL 7906.JPG","144.0"
"Com.G_FL 7907.JPG","144.0"
"Com.G_FL 7908.JPG","144.0"
"Com.G_FL 7909.JPG","144.0"
"Com.G_FL 7910.JPG","145.0"
"Com.G_FL 7911.JPG","145.0"
"Com.G_FL 7912.JPG","145.0"
"Com.G_FL 7913.JPG","145.0"
"Com.G_FL 7915.JPG","146.0"
"Com.G_FL 7916.JPG","146.0"
"Com.G_FL 7917.JPG","146.0"
"Com.G_FL 7918.JPG","146.0"
"Com.G_FL 7919.JPG","147.0"
"Com.G_FL 7920.JPG","147.0"
"Com.G_FL 7921.JPG","147.0"
"Com.G_FL 7922.JPG","147.0"
"Com.G_FL 7923.JPG","148.0"
"Com.G_FL 7924.JPG","148.0"
"Com.G_FL 7925.JPG","148.0"
"Com.G_FL 7926.JPG","148.0"
"Com.G_FL 7927.JPG","149.0"
"Com.G_FL 7928.JPG","149.0"
"Com.G_FL 7929.JPG","149.0"
"Com.G_FL 7930.JPG","149.0"
"Com.G_FL 7931.JPG","150.0"
"Com.G_FL 7932.JPG","150.0"
"Com.G_FL 7933.JPG","150.0"
"Com.G_FL 7934.JPG","150.0"
"Com.G_FL 7935.JPG","151.0"
"Com.G_FL 7936.JPG","151.0"
"Com.G_FL 7937.JPG","151.0"
"Com.G_FL 7938.JPG","151.0"
"Com.G_FL 7939.JPG","152.0"
"Com.G_FL 7940.JPG","152.0"
"Com.G_FL 7941.JPG","152.0"
"Com.G_FL 7942.JPG","152.0"
"Com.G_FL 7943.JPG","153.0"
"Com.G_FL 7944.JPG","153.0"
"Com.G_FL 7945.JPG","153.0"
"Com.G_FL 7946.JPG","153.0"
"Com.G_FL 7947.JPG","154.0"
"Com.G_FL 7948.JPG","154.0"
"Com.G_FL 7949.JPG","154.0"
"Com.G_FL 7950.JPG","154.0"
"Com.G_FL 7951.JPG","155.0"
"Com.G_FL 7952.JPG","155.0"
"Com.G_FL 7953.JPG","155.0"
"Com.G_FL 7954.JPG","155.0"
"Com.G_FL 7955.JPG","156.0"
"Com.G_FL 7956.JPG","156.0"
"Com.G_FL 7957.JPG","156.0"
"Com.G_FL 7958.JPG","156.0"
"Com.G_FL 7959.JPG","157.0"
"Com.G_FL 7960.JPG","157.0"
"Com.G_FL 7961.JPG","157.0"
"Com.G_FL 7962.JPG","157.0"
"Com.G_FL 7963.JPG","158.0"
"Com.G_FL 7964.JPG","158.0"
"Com.G_FL 7965.JPG","158.0"
"Com.G_FL 7966.JPG","158.0"
"Com.G_FL 7967.JPG","159.0"
"Com.G_FL 7968.JPG","159.0"
"Com.G_FL 7969.JPG","159.0"
"Com.G_FL 7970.JPG","159.0"
"Com.G_FL 7971.JPG","160.0"
"Com.G_FL 7972.JPG","160.0"
"Com.G_FL 7973.JPG","160.0"
"Com.G_FL 7974.JPG","160.0"
"Com.G_FL 7975.JPG","161.0"
"Com.G_FL 7976.JPG","161.0"
"Com.G_FL 7977.JPG","161.0"
"Com.G_FL 7978.JPG","161.0"
"Com.G_FL 7979.JPG","162.0"
"Com.G_FL 7980.JPG","162.0"
"Com.G_FL 7981.JPG","162.0"
"Com.G_FL 7982.JPG","162.0"
"Com.G_FL 7983.JPG","163.0"
"Com.G_FL 7984.JPG","163.0"
"Com.G_FL 7985.JPG","163.0"
"Com.G_FL 7986.JPG","163.0"
"Com.G_FL 7987.JPG","164.0"
"Com.G_FL 7988.JPG","164.0"
"Com.G_FL 7989.JPG","164.0"
"Com.G_FL 7990.JPG","164.0"
"Com.G_FL 7991.JPG","165.0"
"Com.G_FL 7992.JPG","165.0"
"Com.G_FL 7993.JPG","165.0"
"Com.G_FL 7994.JPG","165.0"
"Com.G_FL 7995.JPG","166.0"
"Com.G_FL 7996.JPG","166.0"
"Com.G_FL 7997.JPG","166.0"
"Com.G_FL 7998.JPG","166.0"
"Com.G_FL 7999.JPG","167.0"
"Com.G_FL 8000.JPG","167.0"
"Com.G_FL 8001.JPG","167.0"
"Com.G_FL 8002.JPG","167.0"
"Com.G_FL 8003.JPG","168.0"
"Com.G_FL 8004.JPG","168.0"
"Com.G_FL 8005.JPG","168.0"
"Com.G_FL 8006.JPG","168.0"
"Com.G_FL 8007.JPG","169.0"
"Com.G_FL 8008.JPG","169.0"
"Com.G_FL 8009.JPG","169.0"
"Com.G_FL 8010.JPG","169.0"
"Com.G_FL 8011.JPG","170.0"
"Com.G_FL 8012.JPG","170.0"
"Com.G_FL 8013.JPG","170.0"
"Com.G_FL 8014.JPG","170.0"
"Com.G_FL 8015.JPG","171.0"
"Com.G_FL 8016.JPG","171.0"
"Com.G_FL 8017.JPG","171.0"
"Com.G_FL 8018.JPG","171.0"
"Com.G_FL 8019.JPG","172.0"
"Com.G_FL 8020.JPG","172.0"
"Com.G_FL 8021.JPG","172.0"
"Com.G_FL 8022.JPG","172.0"
"Com.G_FL 8023.JPG","173.0"
"Com.G_FL 8024.JPG","173.0"
"Com.G_FL 8025.JPG","173.0"
"Com.G_FL 8026.JPG","173.0"
"Com.G_FL 8027.JPG","174.0"
"Com.G_FL 8028.JPG","174.0"
"Com.G_FL 8029.JPG","174.0"
"Com.G_FL 8030.JPG","174.0"
"Com.G_FL 8031.JPG","175.0"
"Com.G_FL 8032.JPG","175.0"
"Com.G_FL 8033.JPG","175.0"
"Com.G_FL 8034.JPG","175.0"
"Com.G_FL 8035.JPG","176.0"
"Com.G_FL 8036.JPG","176.0"
"Com.G_FL 8037.JPG","176.0"
"Com.G_FL 8038.JPG","176.0"
"Com.G_FL 8039.JPG","177.0"
"Com.G_FL 8040.JPG","177.0"
"Com.G_FL 8041.JPG","177.0"
"Com.G_FL 8042.JPG","177.0"
"Com.G_FL 8043.JPG","178.0"
"Com.G_FL 8044.JPG","178.0"
"Com.G_FL 8045.JPG","178.0"
"Com.G_FL 8046.JPG","178.0"
"Com.G_FL 8047.JPG","179.0"
"Com.G_FL 8048.JPG","179.0"
"Com.G_FL 8049.JPG","179.0"
"Com.G_FL 8050.JPG","179.0"
"Com.G_FL 8051.JPG","180.0"
"Com.G_FL 8052.JPG","180.0"
"Com.G_FL 8053.JPG","180.0"
"Com.G_FL 8054.JPG","180.0"
"Com.G_FL 8055.JPG","181.0"
"Com.G_FL 8056.JPG","181.0"
"Com.G_FL 8057.JPG","181.0"
"Com.G_FL 8058.JPG","181.0"
"Com.G_FL 8059.JPG","182.0"
"Com.G_FL 8060.JPG","182.0"
"Com.G_FL 8061.JPG","182.0"
"Com.G_FL 8062.JPG","182.0"
"Com.G_FL 8063.JPG","183.0"
"Com.G_FL 8064.JPG","183.0"
"Com.G_FL 8065.JPG","183.0"
"Com.G_FL 8066.JPG","183.0"
"Com.G_FL 8067.JPG","184.0"
"Com.G_FL 8068.JPG","184.0"
"Com.G_FL 8069.JPG","184.0"
"Com.G_FL 8070.JPG","184.0"
"Com.G_FL 8071.JPG","185.0"
"Com.G_FL 8072.JPG","185.0"
"Com.G_FL 8073.JPG","185.0"
"Com.G_FL 8074.JPG","185.0"
"Com.G_FL 8077.JPG","186.0"
"Com.G_FL 8078.JPG","186.0"
"Com.G_FL 8079.JPG","186.0"
"Com.G_FL 8080.JPG","186.0"
"Com.G_FL 8081.JPG","187.0"
"Com.G_FL 8082.JPG","187.0"
"Com.G_FL 8083.JPG","187.0"
"Com.G_FL 8084.JPG","187.0"
"Com.G_FL 8085.JPG","188.0"
"Com.G_FL 8086.JPG","188.0"
"Com.G_FL 8087.JPG","188.0"
"Com.G_FL 8088.JPG","188.0"
"Com.G_FL 8089.JPG","189.0"
"Com.G_FL 8090.JPG","189.0"
"Com.G_FL 8091.JPG","189.0"
"Com.G_FL 8092.JPG","189.0"
"Com.G_FL 8093.JPG","190.0"
"Com.G_FL 8094.JPG","190.0"
"Com.G_FL 8095.JPG","190.0"
"Com.G_FL 8096.JPG","190.0"
"Com.G_FL 8097.JPG","191.0"
"Com.G_FL 8098.JPG","191.0"
"Com.G_FL 8099.JPG","191.0"
"Com.G_FL 8100.JPG","191.0"
"Com.G_FL 8101.JPG","192.0"
"Com.G_FL 8102.JPG","192.0"
"Com.G_FL 8103.JPG","192.0"
"Com.G_FL 8104.JPG","192.0"
"Com.G_FL 8105.JPG","193.0"
"Com.G_FL 8106.JPG","193.0"
"Com.G_FL 8107.JPG","193.0"
"Com.G_FL 8108.JPG","193.0"
"Com.G_FL 8109.JPG","194.0"
"Com.G_FL 8110.JPG","194.0"
"Com.G_FL 8111.JPG","194.0"
"Com.G_FL 8112.JPG","194.0"
"Com.G_FL 8114.JPG","195.0"
"Com.G_FL 8115.JPG","195.0"
"Com.G_FL 8116.JPG","195.0"
"Com.G_FL 8117.JPG","195.0"
"Com.G_FL 8118.JPG","196.0"
"Com.G_FL 8119.JPG","196.0"
"Com.G_FL 8120.JPG","196.0"
"Com.G_FL 8121.JPG","196.0"
"Com.G_FL 8122.JPG","197.0"
"Com.G_FL 8123.JPG","197.0"
"Com.G_FL 8124.JPG","197.0"
"Com.G_FL 8125.JPG","197.0"
"Com.G_FL 8126.JPG","198.0"
"Com.G_FL 8127.JPG","198.0"
"Com.G_FL 8128.JPG","198.0"
"Com.G_FL 8129.JPG","198.0"
"Com.G_FL 8130.JPG","199.0"
"Com.G_FL 8131.JPG","199.0"
"Com.G_FL 8132.JPG","199.0"
"Com.G_FL 8133.JPG","199.0"
"Com.G_FL 8134.JPG","200.0"
"Com.G_FL 8135.JPG","200.0"
"Com.G_FL 8136.JPG","200.0"
"Com.G_FL 8137.JPG","200.0"
"Com.G_FL 8138.JPG","201.0"
"Com.G_FL 8139.JPG","201.0"
"Com.G_FL 8140.JPG","201.0"
"Com.G_FL 8141.JPG","201.0"
"Com.G_FL 8142.JPG","202.0"
"Com.G_FL 8143.JPG","202.0"
"Com.G_FL 8144.JPG","202.0"
"Com.G_FL 8145.JPG","202.0"
"Com.G_FL 8146.JPG","203.0"
"Com.G_FL 8147.JPG","203.0"
"Com.G_FL 8148.JPG","203.0"
"Com.G_FL 8149.JPG","203.0"
"Com.G_FL 8150.JPG","204.0"
"Com.G_FL 8151.JPG","204.0"
"Com.G_FL 8152.JPG","204.0"
"Com.G_FL 8153.JPG","204.0"
"Com.G_FL 8154.JPG","205.0"
"Com.G_FL 8155.JPG","205.0"
"Com.G_FL 8156.JPG","205.0"
"Com.G_FL 8157.JPG","205.0"
"Com.G_FL 8158.JPG","206.0"
"Com.G_FL 8159.JPG","206.0"
"Com.G_FL 8160.JPG","206.0"
"Com.G_FL 8161.JPG","206.0"
"Com.G_FL 8162.JPG","207.0"
"Com.G_FL 8163.JPG","207.0"
"Com.G_FL 8164.JPG","207.0"
"Com.G_FL 8165.JPG","207.0"
"Com.G_FL 8166.JPG","208.0"
"Com.G_FL 8167.JPG","208.0"
"Com.G_FL 8168.JPG","208.0"
"Com.G_FL 8169.JPG","208.0"
"Com.G_FL 8170.JPG","209.0"
"Com.G_FL 8171.JPG","209.0"
"Com.G_FL 8172.JPG","209.0"
"Com.G_FL 8173.JPG","209.0"
"Com.G_FL 8174.JPG","210.0"
"Com.G_FL 8175.JPG","210.0"
"Com.G_FL 8176.JPG","210.0"
"Com.G_FL 8177.JPG","210.0"
"Com.G_FL 8178.JPG","211.0"
"Com.G_FL 8179.JPG","211.0"
"Com.G_FL 8180.JPG","211.0"
"Com.G_FL 8181.JPG","211.0"
"Com.G_FL 8182.JPG","212.0"
"Com.G_FL 8183.JPG","212.0"
"Com.G_FL 8184.JPG","212.0"
"Com.G_FL 8185.JPG","212.0"
"Com.G_FL 8186.JPG","213.0"
"Com.G_FL 8187.JPG","213.0"
"Com.G_FL 8188.JPG","213.0"
"Com.G_FL 8189.JPG","213.0"
"Com.G_FL 8190.JPG","214.0"
"Com.G_FL 8191.JPG","214.0"
"Com.G_FL 8192.JPG","214.0"
"Com.G_FL 8193.JPG","214.0"
"Com.G_FL 8195.JPG","215.0"
"Com.G_FL 8196.JPG","215.0"
"Com.G_FL 8197.JPG","215.0"
"Com.G_FL 8198.JPG","215.0"
"Com.G_FL 8199.JPG","216.0"
"Com.G_FL 8200.JPG","216.0"
"Com.G_FL 8201.JPG","216.0"
"Com.G_FL 8202.JPG","216.0"
"Com.G_FL 8203.JPG","217.0"
"Com.G_FL 8204.JPG","217.0"
"Com.G_FL 8205.JPG","217.0"
"Com.G_FL 8206.JPG","217.0"
"Com.G_FL 8207.JPG","218.0"
"Com.G_FL 8208.JPG","218.0"
"Com.G_FL 8209.JPG","218.0"
"Com.G_FL 8210.JPG","218.0"
"Com.G_FL 8211.JPG","219.0"
"Com.G_FL 8212.JPG","219.0"
"Com.G_FL 8214.JPG","219.0"
"Com.G_FL 8215.JPG","219.0"
"Com.G_FL 8216.JPG","220.0"
"Com.G_FL 8217.JPG","220.0"
"Com.G_FL 8218.JPG","220.0"
"Com.G_FL 8219.JPG","220.0"
"Com.G_FL 8220.JPG","221.0"
"Com.G_FL 8221.JPG","221.0"
"Com.G_FL 8222.JPG","221.0"
"Com.G_FL 8223.JPG","221.0"
"Com.G_FL 8224.JPG","222.0"
"Com.G_FL 8225.JPG","222.0"
"Com.G_FL 8226.JPG","222.0"
"Com.G_FL 8227.JPG","222.0"
"Com.G_FL 8228.JPG","223.0"
"Com.G_FL 8229.JPG","223.0"
"Com.G_FL 8230.JPG","223.0"
"Com.G_FL 8231.JPG","223.0"
"Com.G_FL 8232.JPG","224.0"
"Com.G_FL 8233.JPG","224.0"
"Com.G_FL 8234.JPG","224.0"
"Com.G_FL 8235.JPG","224.0"
"Com.G_FL 8236.JPG","225.0"
"Com.G_FL 8237.JPG","225.0"
"Com.G_FL 8238.JPG","225.0"
"Com.G_FL 8239.JPG","225.0"
"Com.G_FL 8240.JPG","226.0"
"Com.G_FL 8241.JPG","226.0"
"Com.G_FL 8242.JPG","226.0"
"Com.G_FL 8243.JPG","226.0"
"Com.G_FL 8244.JPG","227.0"
"Com.G_FL 8245.JPG","227.0"
"Com.G_FL 8246.JPG","227.0"
"Com.G_FL 8247.JPG","227.0"
"Com.G_FL 8248.JPG","228.0"
"Com.G_FL 8249.JPG","228.0"
"Com.G_FL 8250.JPG","228.0"
"Com.G_FL 8251.JPG","228.0"
"Com.G_FL 8252.JPG","229.0"
"Com.G_FL 8253.JPG","229.0"
"Com.G_FL 8254.JPG","229.0"
"Com.G_FL 8255.JPG","229.0"
"Com.G_FL 8256.JPG","230.0"
"Com.G_FL 8257.JPG","230.0"
"Com.G_FL 8258.JPG","230.0"
"Com.G_FL 8259.JPG","230.0"
"Com.G_FL 8260.JPG","231.0"
"Com.G_FL 8261.JPG","231.0"
"Com.G_FL 8262.JPG","231.0"
"Com.G_FL 8263.JPG","231.0"
"Com.G_FL 8264.JPG","232.0"
"Com.G_FL 8265.JPG","232.0"
"Com.G_FL 8266.JPG","232.0"
"Com.G_FL 8267.JPG","232.0"
"Com.G_FL 8268.JPG","233.0"
"Com.G_FL 8269.JPG","233.0"
"Com.G_FL 8270.JPG","233.0"
"Com.G_FL 8271.JPG","233.0"
"Com.G_FL 8272.JPG","234.0"
"Com.G_FL 8273.JPG","234.0"
"Com.G_FL 8274.JPG","234.0"
"Com.G_FL 8275.JPG","234.0"
"Com.G_FL 8276.JPG","235.0"
"Com.G_FL 8277.JPG","235.0"
"Com.G_FL 8278.JPG","235.0"
"Com.G_FL 8279.JPG","235.0"
"Com.G_FL 8280.JPG","236.0"
"Com.G_FL 8281.JPG","236.0"
"Com.G_FL 8282.JPG","236.0"
"Com.G_FL 8283.JPG","236.0"
"Com.G_FL 8284.JPG","237.0"
"Com.G_FL 8285.JPG","237.0"
"Com.G_FL 8286.JPG","237.0"
"Com.G_FL 8287.JPG","237.0"
"Com.G_FL 8288.JPG","238.0"
"Com.G_FL 8289.JPG","238.0"
"Com.G_FL 8290.JPG","238.0"
"Com.G_FL 8291.JPG","238.0"
"Com.G_FL 8292.JPG","239.0"
"Com.G_FL 8293.JPG","239.0"
"Com.G_FL 8294.JPG","239.0"
"Com.G_FL 8295.JPG","239.0"
"Com.G_FL 8296.JPG","240.0"
"Com.G_FL 8297.JPG","240.0"
"Com.G_FL 8298.JPG","240.0"
"Com.G_FL 8299.JPG","240.0"
"Com.G_FL 8300.JPG","241.0"
"Com.G_FL 8301.JPG","241.0"
"Com.G_FL 8302.JPG","241.0"
"Com.G_FL 8303.JPG","241.0"
"Com.G_FL 8304.JPG","242.0"
"Com.G_FL 8305.JPG","242.0"
"Com.G_FL 8306.JPG","242.0"
"Com.G_FL 8307.JPG","242.0"
"Com.G_FL 8308.JPG","243.0"
"Com.G_FL 8309.JPG","243.0"
"Com.G_FL 8310.JPG","243.0"
"Com.G_FL 8311.JPG","243.0"
"Com.G_FL 8312.JPG","244.0"
"Com.G_FL 8313.JPG","244.0"
"Com.G_FL 8314.JPG","244.0"
"Com.G_FL 8315.JPG","244.0"
"Com.G_FL 8316.JPG","245.0"
"Com.G_FL 8317.JPG","245.0"
"Com.G_FL 8318.JPG","245.0"
"Com.G_FL 8319.JPG","245.0"
"Com.G_FL 8320.JPG","246.0"
"Com.G_FL 8321.JPG","246.0"
"Com.G_FL 8322.JPG","246.0"
"Com.G_FL 8323.JPG","246.0"
"Com.G_FL 8327.JPG","247.0"
"Com.G_FL 8328.JPG","247.0"
"Com.G_FL 8329.JPG","247.0"
"Com.G_FL 8330.JPG","247.0"
"Com.G_FL 8331.JPG","248.0"
"Com.G_FL 8332.JPG","248.0"
"Com.G_FL 8333.JPG","248.0"
"Com.G_FL 8334.JPG","248.0"
"Com.G_FL 8335.JPG","249.0"
"Com.G_FL 8336.JPG","249.0"
"Com.G_FL 8337.JPG","249.0"
"Com.G_FL 8338.JPG","249.0"
"Com.G_FL 8339.JPG","250.0"
"Com.G_FL 8340.JPG","250.0"
"Com.G_FL 8341.JPG","250.0"
"Com.G_FL 8342.JPG","250.0"
"Com.G_FL 8343.JPG","251.0"
"Com.G_FL 8344.JPG","251.0"
"Com.G_FL 8345.JPG","251.0"
"Com.G_FL 8346.JPG","251.0"
"Com.G_FL 8347.JPG","252.0"
"Com.G_FL 8348.JPG","252.0"
"Com.G_FL 8349.JPG","252.0"
"Com.G_FL 8350.JPG","252.0"
"Com.G_FL 8351.JPG","253.0"
"Com.G_FL 8352.JPG","253.0"
"Com.G_FL 8353.JPG","253.0"
"Com.G_FL 8354.JPG","253.0"
"Com.G_FL 8355.JPG","254.0"
"Com.G_FL 8356.JPG","254.0"
"Com.G_FL 8357.JPG","254.0"
"Com.G_FL 8358.JPG","254.0"
"Com.G_FL 8359.JPG","255.0"
"Com.G_FL 8360.JPG","255.0"
"Com.G_FL 8361.JPG","255.0"
"Com.G_FL 8362.JPG","255.0"
"Com.G_FL 8363.JPG","256.0"
"Com.G_FL 8364.JPG","256.0"
"Com.G_FL 8365.JPG","256.0"
"Com.G_FL 8366.JPG","256.0"
"Com.G_FL 8367.JPG","257.0"
"Com.G_FL 8368.JPG","257.0"
"Com.G_FL 8369.JPG","257.0"
"Com.G_FL 8370.JPG","257.0"
"Com.G_FL 8371.JPG","258.0"
"Com.G_FL 8372.JPG","258.0"
"Com.G_FL 8373.JPG","258.0"
"Com.G_FL 8374.JPG","258.0"
"Com.G_FL 8375.JPG","259.0"
"Com.G_FL 8376.JPG","259.0"
"Com.G_FL 8377.JPG","259.0"
"Com.G_FL 8378.JPG","259.0"
"Com.G_FL 8379.JPG","260.0"
"Com.G_FL 8380.JPG","260.0"
"Com.G_FL 8381.JPG","260.0"
"Com.G_FL 8382.JPG","260.0"
"Com.G_FL 8383.JPG","261.0"
"Com.G_FL 8384.JPG","261.0"
"Com.G_FL 8385.JPG","261.0"
"Com.G_FL 8386.JPG","261.0"
"Com.G_FL 8387.JPG","262.0"
"Com.G_FL 8388.JPG","262.0"
"Com.G_FL 8389.JPG","262.0"
"Com.G_FL 8390.JPG","262.0"
"Com.G_FL 8391.JPG","263.0"
"Com.G_FL 8392.JPG","263.0"
"Com.G_FL 8393.JPG","263.0"
"Com.G_FL 8394.JPG","263.0"
"Com.G_FL 8395.JPG","264.0"
"Com.G_FL 8396.JPG","264.0"
"Com.G_FL 8397.JPG","264.0"
"Com.G_FL 8398.JPG","264.0"
"Com.G_FL 8399.JPG","265.0"
"Com.G_FL 8400.JPG","265.0"
"Com.G_FL 8401.JPG","265.0"
"Com.G_FL 8402.JPG","265.0"
"Com.G_FL 8403.JPG","266.0"
"Com.G_FL 8404.JPG","266.0"
"Com.G_FL 8405.JPG","266.0"
"Com.G_FL 8406.JPG","266.0"
"Com.G_FL 8407.JPG","267.0"
"Com.G_FL 8408.JPG","267.0"
"Com.G_FL 8409.JPG","267.0"
"Com.G_FL 8410.JPG","267.0"
"Com.G_FL 8411.JPG","268.0"
"Com.G_FL 8412.JPG","268.0"
"Com.G_FL 8413.JPG","268.0"
"Com.G_FL 8414.JPG","268.0"
"Com.G_FL 9664.JPG","269.0"
"Com.G_FL 9665.JPG","269.0"
"Com.G_FL 9666.JPG","269.0"
"Com.G_FL 9667.JPG","269.0"
"Com.G_FL 9668.JPG","270.0"
"Com.G_FL 9669.JPG","270.0"
"Com.G_FL 9670.JPG","270.0"
"Com.G_FL 9671.JPG","270.0"
"Com.G_FL 9672.JPG","271.0"
"Com.G_FL 9673.JPG","271.0"
"Com.G_FL 9674.JPG","271.0"
"Com.G_FL 9675.JPG","271.0"
"Com.G_FL 9676.JPG","272.0"
"Com.G_FL 9677.JPG","272.0"
"Com.G_FL 9678.JPG","272.0"
"Com.G_FL 9679.JPG","272.0"
"Com.G_FL 9680.JPG","273.0"
"Com.G_FL 9681.JPG","273.0"
"Com.G_FL 9682.JPG","273.0"
"Com.G_FL 9683.JPG","273.0"
"Com.G_FL 9684.JPG","274.0"
"Com.G_FL 9685.JPG","274.0"
"Com.G_FL 9686.JPG","274.0"
"Com.G_FL 9687.JPG","274.0"
"Com.G_FL 9688.JPG","275.0"
"Com.G_FL 9689.JPG","275.0"
"Com.G_FL 9690.JPG","275.0"
"Com.G_FL 9691.JPG","275.0"
"Com.G_FL 9692.JPG","276.0"
"Com.G_FL 9693.JPG","276.0"
"Com.G_FL 9694.JPG","276.0"
"Com.G_FL 9695.JPG","276.0"
"Com.G_FL 9696.JPG","277.0"
"Com.G_FL 9697.JPG","277.0"
"Com.G_FL 9698.JPG","277.0"
"Com.G_FL 9699.JPG","277.0"
"Com.G_FL 9700.JPG","278.0"
"Com.G_FL 9701.JPG","278.0"
"Com.G_FL 9702.JPG","278.0"
"Com.G_FL 9703.JPG","278.0"
"Com.G_FL 9704.JPG","279.0"
"Com.G_FL 9705.JPG","279.0"
"Com.G_FL 9706.JPG","279.0"
"Com.G_FL 9707.JPG","279.0"
"Com.G_FL 9708.JPG","280.0"
"Com.G_FL 9709.JPG","280.0"
"Com.G_FL 9710.JPG","280.0"
"Com.G_FL 9711.JPG","280.0"
"Com.G_FL 9712.JPG","281.0"
"Com.G_FL 9713.JPG","281.0"
"Com.G_FL 9714.JPG","281.0"
"Com.G_FL 9715.JPG","281.0"
"Com.G_FL 9717.JPG","282.0"
"Com.G_FL 9718.JPG","282.0"
"Com.G_FL 9719.JPG","282.0"
"Com.G_FL 9720.JPG","282.0"
"Com.G_FL 9721.JPG","283.0"
"Com.G_FL 9722.JPG","283.0"
"Com.G_FL 9723.JPG","283.0"
"Com.G_FL 9724.JPG","283.0"
"Com.G_FL 9725.JPG","284.0"
"Com.G_FL 9726.JPG","284.0"
"Com.G_FL 9727.JPG","284.0"
"Com.G_FL 9728.JPG","284.0"
"Com.G_FL 9729.JPG","285.0"
"Com.G_FL 9730.JPG","285.0"
"Com.G_FL 9731.JPG","285.0"
"Com.G_FL 9732.JPG","285.0"
"Com.G_FL 9733.JPG","286.0"
"Com.G_FL 9734.JPG","286.0"
"Com.G_FL 9735.JPG","286.0"
"Com.G_FL 9736.JPG","286.0"
"Com.G_FL 9737.JPG","287.0"
"Com.G_FL 9738.JPG","287.0"
"Com.G_FL 9739.JPG","287.0"
"Com.G_FL 9740.JPG","287.0"
"Com.G_FL 9741.JPG","288.0"
"Com.G_FL 9742.JPG","288.0"
"Com.G_FL 9743.JPG","288.0"
"Com.G_FL 9744.JPG","288.0"
"Com.G_FL 9745.JPG","289.0"
"Com.G_FL 9746.JPG","289.0"
"Com.G_FL 9747.JPG","289.0"
"Com.G_FL 9748.JPG","289.0"
"Com.G_FL 9749.JPG","290.0"
"Com.G_FL 9750.JPG","290.0"
"Com.G_FL 9751.JPG","290.0"
"Com.G_FL 9752.JPG","290.0"
"Com.G_FL 9753.JPG","291.0"
"Com.G_FL 9754.JPG","291.0"
"Com.G_FL 9755.JPG","291.0"
"Com.G_FL 9756.JPG","291.0"
"Com.G_FL 9757.JPG","292.0"
"Com.G_FL 9758.JPG","292.0"
"Com.G_FL 9759.JPG","292.0"
"Com.G_FL 9760.JPG","292.0"
"Com.G_FL 9761.JPG","293.0"
"Com.G_FL 9762.JPG","293.0"
"Com.G_FL 9763.JPG","293.0"
"Com.G_FL 9764.JPG","293.0"
"Com.G_FL 9765.JPG","294.0"
"Com.G_FL 9766.JPG","294.0"
"Com.G_FL 9767.JPG","294.0"
"Com.G_FL 9768.JPG","294.0"
"Com.G_FL 9769.JPG","295.0"
"Com.G_FL 9770.JPG","295.0"
"Com.G_FL 9772.JPG","295.0"
"Com.G_FL 9773.JPG","295.0"
"Com.G_FL 9774.JPG","296.0"
"Com.G_FL 9775.JPG","296.0"
"Com.G_FL 9776.JPG","296.0"
"Com.G_FL 9777.JPG","296.0"
"Com.G_FL 9778.JPG","297.0"
"Com.G_FL 9779.JPG","297.0"
"Com.G_FL 9780.JPG","297.0"
"Com.G_FL 9781.JPG","297.0"
"Com.G_FL 9782.JPG","298.0"
"Com.G_FL 9783.JPG","298.0"
"Com.G_FL 9784.JPG","298.0"
"Com.G_FL 9785.JPG","298.0"
"Com.G_FL 9786.JPG","299.0"
"Com.G_FL 9787.JPG","299.0"
"Com.G_FL 9788.JPG","299.0"
"Com.G_FL 9789.JPG","299.0"
"Com.G_FL 9790.JPG","300.0"
"Com.G_FL 9791.JPG","300.0"
"Com.G_FL 9792.JPG","300.0"
"Com.G_FL 9793.JPG","300.0"
"Com.G_FL 9794.JPG","301.0"
"Com.G_FL 9795.JPG","301.0"
"Com.G_FL 9796.JPG","301.0"
"Com.G_FL 9797.JPG","301.0"
"Com.G_FL 9798.JPG","302.0"
"Com.G_FL 9799.JPG","302.0"
"Com.G_FL 9800.JPG","302.0"
"Com.G_FL 9801.JPG","302.0"
"Com.G_FL 9802.JPG","303.0"
"Com.G_FL 9803.JPG","303.0"
"Com.G_FL 9804.JPG","303.0"
"Com.G_FL 9805.JPG","303.0"
"Com.G_FL 9806.JPG","304.0"
"Com.G_FL 9807.JPG","304.0"
"Com.G_FL 9808.JPG","304.0"
"Com.G_FL 9809.JPG","304.0"
"Com.G_FL 9810.JPG","305.0"
"Com.G_FL 9811.JPG","305.0"
"Com.G_FL 9812.JPG","305.0"
"Com.G_FL 9813.JPG","305.0"
"Com.G_FL 9814.JPG","306.0"
"Com.G_FL 9815.JPG","306.0"
"Com.G_FL 9816.JPG","306.0"
"Com.G_FL 9817.JPG","306.0"
"Com.G_FL 9818.JPG","307.0"
"Com.G_FL 9819.JPG","307.0"
"Com.G_FL 9820.JPG","307.0"
"Com.G_FL 9821.JPG","307.0"
"Com.G_FL 9822.JPG","308.0"
"Com.G_FL 9823.JPG","308.0"
"Com.G_FL 9824.JPG","308.0"
"Com.G_FL 9825.JPG","308.0"
"Com.G_FL 9826.JPG","309.0"
"Com.G_FL 9827.JPG","309.0"
"Com.G_FL 9828.JPG","309.0"
"Com.G_FL 9829.JPG","309.0"
"Com.G_FL 9830.JPG","310.0"
"Com.G_FL 9831.JPG","310.0"
"Com.G_FL 9832.JPG","310.0"
"Com.G_FL 9833.JPG","310.0"
"Com.G_FL 9834.JPG","311.0"
"Com.G_FL 9835.JPG","311.0"
"Com.G_FL 9836.JPG","311.0"
"Com.G_FL 9837.JPG","311.0"
"Com.G_FL 9838.JPG","312.0"
"Com.G_FL 9839.JPG","312.0"
"Com.G_FL 9840.JPG","312.0"
"Com.G_FL 9841.JPG","312.0"
"Com.G_FL 9842.JPG","313.0"
"Com.G_FL 9843.JPG","313.0"
"Com.G_FL 9844.JPG","313.0"
"Com.G_FL 9845.JPG","313.0"
"Com.G_FL 9846.JPG","314.0"
"Com.G_FL 9847.JPG","314.0"
"Com.G_FL 9848.JPG","314.0"
"Com.G_FL 9849.JPG","314.0"
"Com.G_FL 9850.JPG","315.0"
"Com.G_FL 9851.JPG","315.0"
"Com.G_FL 9852.JPG","315.0"
"Com.G_FL 9853.JPG","315.0"
"Com.G_FL 9854.JPG","316.0"
"Com.G_FL 9855.JPG","316.0"
"Com.G_FL 9856.JPG","316.0"
"Com.G_FL 9857.JPG","316.0"
"Com.G_FL 9858.JPG","317.0"
"Com.G_FL 9859.JPG","317.0"
"Com.G_FL 9860.JPG","317.0"
"Com.G_FL 9861.JPG","317.0"
"Com.G_FL 9862.JPG","318.0"
"Com.G_FL 9863.JPG","318.0"
"Com.G_FL 9864.JPG","318.0"
"Com.G_FL 9865.JPG","318.0"
"Com.G_FL 9866.JPG","319.0"
"Com.G_FL 9867.JPG","319.0"
"Com.G_FL 9868.JPG","319.0"
"Com.G_FL 9869.JPG","319.0"
"Com.G_FL 9870.JPG","320.0"
"Com.G_FL 9871.JPG","320.0"
"Com.G_FL 9872.JPG","320.0"
"Com.G_FL 9873.JPG","320.0"
"Com.G_FL 9874.JPG","321.0"
"Com.G_FL 9875.JPG","321.0"
"Com.G_FL 9876.JPG","321.0"
"Com.G_FL 9877.JPG","321.0"
"Com.G_FL 9878.JPG","322.0"
"Com.G_FL 9879.JPG","322.0"
"Com.G_FL 9880.JPG","322.0"
"Com.G_FL 9881.JPG","322.0"
"Com.G_FL 9883.JPG","323.0"
"Com.G_FL 9884.JPG","323.0"
"Com.G_FL 9885.JPG","323.0"
"Com.G_FL 9886.JPG","323.0"
"Com.G_FL 9887.JPG","324.0"
"Com.G_FL 9888.JPG","324.0"
"Com.G_FL 9889.JPG","324.0"
"Com.G_FL 9890.JPG","324.0"
"Com.G_FL 9891.JPG","325.0"
"Com.G_FL 9892.JPG","325.0"
"Com.G_FL 9893.JPG","325.0"
"Com.G_FL 9894.JPG","325.0"
"Com.G_FL 9895.JPG","326.0"
"Com.G_FL 9896.JPG","326.0"
"Com.G_FL 9897.JPG","326.0"
"Com.G_FL 9898.JPG","326.0"
"Com.G_FL 9899.JPG","327.0"
"Com.G_FL 9900.JPG","327.0"
"Com.G_FL 9901.JPG","327.0"
"Com.G_FL 9902.JPG","327.0"
"Com.G_FL 9903.JPG","328.0"
"Com.G_FL 9904.JPG","328.0"
"Com.G_FL 9905.JPG","328.0"
"Com.G_FL 9906.JPG","328.0"
"Com.G_FL 9907.JPG","329.0"
"Com.G_FL 9908.JPG","329.0"
"Com.G_FL 9909.JPG","329.0"
"Com.G_FL 9910.JPG","329.0"
"Com.G_FL 9911.JPG","330.0"
"Com.G_FL 9912.JPG","330.0"
"Com.G_FL 9913.JPG","330.0"
"Com.G_FL 9914.JPG","330.0"
"Com.G_FL 9915.JPG","331.0"
"Com.G_FL 9916.JPG","331.0"
"Com.G_FL 9917.JPG","331.0"
"Com.G_FL 9918.JPG","331.0"
"Com.G_FL 9919.JPG","332.0"
"Com.G_FL 9920.JPG","332.0"
"Com.G_FL 9921.JPG","332.0"
"Com.G_FL 9922.JPG","332.0"
"Com.G_FL 9923.JPG","333.0"
"Com.G_FL 9924.JPG","333.0"
"Com.G_FL 9925.JPG","333.0"
"Com.G_FL 9926.JPG","333.0"
"Com.G_FL 9927.JPG","334.0"
"Com.G_FL 9928.JPG","334.0"
"Com.G_FL 9929.JPG","334.0"
"Com.G_FL 9930.JPG","334.0"
"Com.G_FL 9931.JPG","335.0"
"Com.G_FL 9932.JPG","335.0"
"Com.G_FL 9933.JPG","335.0"
"Com.G_FL 9934.JPG","335.0"
"Com.G_FL 9935.JPG","336.0"
"Com.G_FL 9936.JPG","336.0"
"Com.G_FL 9937.JPG","336.0"
"Com.G_FL 9938.JPG","336.0"
"Com.G_FL 9939.JPG","337.0"
"Com.G_FL 9940.JPG","337.0"
"Com.G_FL 9941.JPG","337.0"
"Com.G_FL 9942.JPG","337.0"
"Com.G_FL 9943.JPG","338.0"
"Com.G_FL 9944.JPG","338.0"
"Com.G_FL 9945.JPG","338.0"
"Com.G_FL 9946.JPG","338.0"
"Com.G_FL 9947.JPG","339.0"
"Com.G_FL 9948.JPG","339.0"
"Com.G_FL 9949.JPG","339.0"
"Com.G_FL 9950.JPG","339.0"
"Com.G_FL 9951.JPG","340.0"
"Com.G_FL 9952.JPG","340.0"
"Com.G_FL 9953.JPG","340.0"
"Com.G_FL 9954.JPG","340.0"
"Com.G_FL 9955.JPG","341.0"
"Com.G_FL 9956.JPG","341.0"
"Com.G_FL 9957.JPG","341.0"
"Com.G_FL 9958.JPG","341.0"
"Com.G_FL 9959.JPG","342.0"
"Com.G_FL 9960.JPG","342.0"
"Com.G_FL 9961.JPG","342.0"
"Com.G_FL 9962.JPG","342.0"
"Com.G_FL 9963.JPG","343.0"
"Com.G_FL 9964.JPG","343.0"
"Com.G_FL 9965.JPG","343.0"
"Com.G_FL 9966.JPG","343.0"
"Com.G_FL 9967.JPG","344.0"
"Com.G_FL 9968.JPG","344.0"
"Com.G_FL 9969.JPG","344.0"
"Com.G_FL 9970.JPG","344.0"
"Com.G_FL 9971.JPG","345.0"
"Com.G_FL 9972.JPG","345.0"
"Com.G_FL 9973.JPG","345.0"
"Com.G_FL 9974.JPG","345.0"
"Com.G_FL 9975.JPG","346.0"
"Com.G_FL 9976.JPG","346.0"
"Com.G_FL 9977.JPG","346.0"
"Com.G_FL 9978.JPG","346.0"
"Com.G_FL 9979.JPG","347.0"
"Com.G_FL 9980.JPG","347.0"
"Com.G_FL 9981.JPG","347.0"
"Com.G_FL 9982.JPG","347.0"
"Com.G_FL 9983.JPG","348.0"
"Com.G_FL 9984.JPG","348.0"
"Com.G_FL 9985.JPG","348.0"
"Com.G_FL 9986.JPG","348.0"
"Com.G_FL 9987.JPG","349.0"
"Com.G_FL 9988.JPG","349.0"
"Com.G_FL 9989.JPG","349.0"
"Com.G_FL 9990.JPG","349.0"
"Com.G_FL 9991.JPG","350.0"
"Com.G_FL 9992.JPG","350.0"
"Com.G_FL 9993.JPG","350.0"
"Com.G_FL 9994.JPG","350.0"
"Com.G_FL 9995.JPG","351.0"
"Com.G_FL 9996.JPG","351.0"
"Com.G_FL 9997.JPG","351.0"
"Com.G_FL 9998.JPG","351.0"
