"File Name","Leaf #"
"RS_Erly.B 6330.JPG","1.0"
"RS_Erly.B 6331.JPG","1.0"
"RS_Erly.B 6332.JPG","1.0"
"RS_Erly.B 6333.JPG","1.0"
"RS_Erly.B 6336.JPG","2.0"
"RS_Erly.B 6337.JPG","2.0"
"RS_Erly.B 6339.JPG","2.0"
"RS_Erly.B 6340.JPG","2.0"
"RS_Erly.B 6341 (Kelsee Baranowski's conflicted copy 2015-10-06).JPG","2.0"
"RS_Erly.B 6342.JPG","3.0"
"RS_Erly.B 6343.JPG","3.0"
"RS_Erly.B 6345.JPG","3.0"
"RS_Erly.B 6346.JPG","3.0"
"RS_Erly.B 6348.JPG","4.0"
"RS_Erly.B 6349.JPG","4.0"
"RS_Erly.B 6350.JPG","4.0"
"RS_Erly.B 6351.JPG","4.0"
"RS_Erly.B 6354.JPG","5.0"
"RS_Erly.B 6355.JPG","5.0"
"RS_Erly.B 6356.JPG","5.0"
"RS_Erly.B 6358.JPG","5.0"
"RS_Erly.B 6359.JPG","6.0"
"RS_Erly.B 6360.JPG","6.0"
"RS_Erly.B 6361.JPG","6.0"
"RS_Erly.B 6363.JPG","6.0"
"RS_Erly.B 6365.JPG","7.0"
"RS_Erly.B 6367.JPG","7.0"
"RS_Erly.B 6369.JPG","7.0"
"RS_Erly.B 6370.JPG","7.0"
"RS_Erly.B 6372.JPG","8.0"
"RS_Erly.B 6373.JPG","8.0"
"RS_Erly.B 6375.JPG","8.0"
"RS_Erly.B 6376.JPG","8.0"
"RS_Erly.B 6377.JPG","9.0"
"RS_Erly.B 6378.JPG","9.0"
"RS_Erly.B 6381.JPG","9.0"
"RS_Erly.B 6382.JPG","9.0"
"RS_Erly.B 6385.JPG","10.0"
"RS_Erly.B 6386.JPG","10.0"
"RS_Erly.B 6387.JPG","10.0"
"RS_Erly.B 6388.JPG","10.0"
"RS_Erly.B 6390.JPG","11.0"
"RS_Erly.B 6391.JPG","11.0"
"RS_Erly.B 6392.JPG","11.0"
"RS_Erly.B 6394.JPG","11.0"
"RS_Erly.B 6395.JPG","12.0"
"RS_Erly.B 6397.JPG","12.0"
"RS_Erly.B 6399.JPG","12.0"
"RS_Erly.B 6400.JPG","12.0"
"RS_Erly.B 6401.JPG","13.0"
"RS_Erly.B 6403.JPG","13.0"
"RS_Erly.B 6405.JPG","13.0"
"RS_Erly.B 6406.JPG","13.0"
"RS_Erly.B 6407.JPG","14.0"
"RS_Erly.B 6408.JPG","14.0"
"RS_Erly.B 6409.JPG","14.0"
"RS_Erly.B 6411.JPG","14.0"
"RS_Erly.B 6413.JPG","15.0"
"RS_Erly.B 6415.JPG","15.0"
"RS_Erly.B 6416.JPG","15.0"
"RS_Erly.B 6418.JPG","15.0"
"RS_Erly.B 6419.JPG","16.0"
"RS_Erly.B 6420.JPG","16.0"
"RS_Erly.B 6422.JPG","16.0"
"RS_Erly.B 6424.JPG","16.0"
"RS_Erly.B 6425.JPG","17.0"
"RS_Erly.B 6426.JPG","17.0"
"RS_Erly.B 6427.JPG","17.0"
"RS_Erly.B 6429.JPG","17.0"
"RS_Erly.B 6430.JPG","18.0"
"RS_Erly.B 6432.JPG","18.0"
"RS_Erly.B 6434.JPG","18.0"
"RS_Erly.B 6435.JPG","18.0"
"RS_Erly.B 6436.JPG","19.0"
"RS_Erly.B 6437.JPG","19.0"
"RS_Erly.B 6439.JPG","19.0"
"RS_Erly.B 6440.JPG","19.0"
"RS_Erly.B 6442.JPG","20.0"
"RS_Erly.B 6445.JPG","20.0"
"RS_Erly.B 6446.JPG","20.0"
"RS_Erly.B 6447.JPG","20.0"
"RS_Erly.B 6448.JPG","21.0"
"RS_Erly.B 6449.JPG","21.0"
"RS_Erly.B 6450.JPG","21.0"
"RS_Erly.B 6452.JPG","21.0"
"RS_Erly.B 6453.JPG","22.0"
"RS_Erly.B 6454.JPG","22.0"
"RS_Erly.B 6456.JPG","22.0"
"RS_Erly.B 6458.JPG","22.0"
"RS_Erly.B 6459.JPG","23.0"
"RS_Erly.B 6460.JPG","23.0"
"RS_Erly.B 6462.JPG","23.0"
"RS_Erly.B 6463.JPG","23.0"
"RS_Erly.B 6466.JPG","24.0"
"RS_Erly.B 6468.JPG","24.0"
"RS_Erly.B 6469.JPG","24.0"
"RS_Erly.B 6470.JPG","24.0"
"RS_Erly.B 6471.JPG","25.0"
"RS_Erly.B 6472.JPG","25.0"
"RS_Erly.B 6473.JPG","25.0"
"RS_Erly.B 6475.JPG","25.0"
"RS_Erly.B 6476.JPG","26.0"
"RS_Erly.B 6477.JPG","26.0"
"RS_Erly.B 6478.JPG","26.0"
"RS_Erly.B 6479.JPG","26.0"
"RS_Erly.B 6481.JPG","27.0"
"RS_Erly.B 6482.JPG","27.0"
"RS_Erly.B 6483.JPG","27.0"
"RS_Erly.B 6485.JPG","27.0"
"RS_Erly.B 6487.JPG","28.0"
"RS_Erly.B 6488.JPG","28.0"
"RS_Erly.B 6489.JPG","28.0"
"RS_Erly.B 6490.JPG","28.0"
"RS_Erly.B 6491.JPG","29.0"
"RS_Erly.B 6492.JPG","29.0"
"RS_Erly.B 6494.JPG","29.0"
"RS_Erly.B 6495.JPG","29.0"
"RS_Erly.B 6662.JPG","30.0"
"RS_Erly.B 6663.JPG","30.0"
"RS_Erly.B 6665.JPG","30.0"
"RS_Erly.B 6669.JPG","30.0"
"RS_Erly.B 7345.JPG","31.0"
"RS_Erly.B 7346.JPG","31.0"
"RS_Erly.B 7347.JPG","31.0"
"RS_Erly.B 7348.JPG","31.0"
"RS_Erly.B 7349.JPG","32.0"
"RS_Erly.B 7350.JPG","32.0"
"RS_Erly.B 7351.JPG","32.0"
"RS_Erly.B 7352.JPG","32.0"
"RS_Erly.B 7353.JPG","33.0"
"RS_Erly.B 7354.JPG","33.0"
"RS_Erly.B 7355.JPG","33.0"
"RS_Erly.B 7356.JPG","33.0"
"RS_Erly.B 7357.JPG","34.0"
"RS_Erly.B 7358.JPG","34.0"
"RS_Erly.B 7359.JPG","34.0"
"RS_Erly.B 7360.JPG","34.0"
"RS_Erly.B 7362.JPG","35.0"
"RS_Erly.B 7363.JPG","35.0"
"RS_Erly.B 7364.JPG","35.0"
"RS_Erly.B 7365.JPG","35.0"
"RS_Erly.B 7366.JPG","36.0"
"RS_Erly.B 7367.JPG","36.0"
"RS_Erly.B 7368.JPG","36.0"
"RS_Erly.B 7369.JPG","36.0"
"RS_Erly.B 7370.JPG","37.0"
"RS_Erly.B 7371.JPG","37.0"
"RS_Erly.B 7372.JPG","37.0"
"RS_Erly.B 7373.JPG","37.0"
"RS_Erly.B 7374.JPG","38.0"
"RS_Erly.B 7378.JPG","38.0"
"RS_Erly.B 7380.JPG","38.0"
"RS_Erly.B 7381.JPG","38.0"
"RS_Erly.B 7382.JPG","39.0"
"RS_Erly.B 7383.JPG","39.0"
"RS_Erly.B 7384.JPG","39.0"
"RS_Erly.B 7385.JPG","39.0"
"RS_Erly.B 7386.JPG","40.0"
"RS_Erly.B 7387.JPG","40.0"
"RS_Erly.B 7388.JPG","40.0"
"RS_Erly.B 7389.JPG","40.0"
"RS_Erly.B 7390.JPG","41.0"
"RS_Erly.B 7391.JPG","41.0"
"RS_Erly.B 7392.JPG","41.0"
"RS_Erly.B 7393.JPG","41.0"
"RS_Erly.B 7394.JPG","42.0"
"RS_Erly.B 7395.JPG","42.0"
"RS_Erly.B 7396.JPG","42.0"
"RS_Erly.B 7397.JPG","42.0"
"RS_Erly.B 7398.JPG","43.0"
"RS_Erly.B 7399.JPG","43.0"
"RS_Erly.B 7400.JPG","43.0"
"RS_Erly.B 7401.JPG","43.0"
"RS_Erly.B 7402.JPG","44.0"
"RS_Erly.B 7403.JPG","44.0"
"RS_Erly.B 7404.JPG","44.0"
"RS_Erly.B 7405.JPG","44.0"
"RS_Erly.B 7406.JPG","45.0"
"RS_Erly.B 7407.JPG","45.0"
"RS_Erly.B 7408.JPG","45.0"
"RS_Erly.B 7409.JPG","45.0"
"RS_Erly.B 7410.JPG","46.0"
"RS_Erly.B 7411.JPG","46.0"
"RS_Erly.B 7412.JPG","46.0"
"RS_Erly.B 7413.JPG","46.0"
"RS_Erly.B 7414.JPG","47.0"
"RS_Erly.B 7415.JPG","47.0"
"RS_Erly.B 7416.JPG","47.0"
"RS_Erly.B 7417.JPG","47.0"
"RS_Erly.B 7418.JPG","48.0"
"RS_Erly.B 7419.JPG","48.0"
"RS_Erly.B 7420.JPG","48.0"
"RS_Erly.B 7421.JPG","48.0"
"RS_Erly.B 7422.JPG","49.0"
"RS_Erly.B 7423.JPG","49.0"
"RS_Erly.B 7424.JPG","49.0"
"RS_Erly.B 7425.JPG","49.0"
"RS_Erly.B 7426.JPG","50.0"
"RS_Erly.B 7427.JPG","50.0"
"RS_Erly.B 7428.JPG","50.0"
"RS_Erly.B 7429.JPG","50.0"
"RS_Erly.B 7430.JPG","51.0"
"RS_Erly.B 7431.JPG","51.0"
"RS_Erly.B 7432.JPG","51.0"
"RS_Erly.B 7433.JPG","51.0"
"RS_Erly.B 7434.JPG","52.0"
"RS_Erly.B 7435.JPG","52.0"
"RS_Erly.B 7436.JPG","52.0"
"RS_Erly.B 7437.JPG","52.0"
"RS_Erly.B 7438.JPG","53.0"
"RS_Erly.B 7439.JPG","53.0"
"RS_Erly.B 7440.JPG","53.0"
"RS_Erly.B 7441.JPG","53.0"
"RS_Erly.B 7448.JPG","54.0"
"RS_Erly.B 7449.JPG","54.0"
"RS_Erly.B 7450.JPG","54.0"
"RS_Erly.B 7451.JPG","54.0"
"RS_Erly.B 7452.JPG","55.0"
"RS_Erly.B 7453.JPG","55.0"
"RS_Erly.B 7454.JPG","55.0"
"RS_Erly.B 7455.JPG","55.0"
"RS_Erly.B 7456.JPG","56.0"
"RS_Erly.B 7457.JPG","56.0"
"RS_Erly.B 7458.JPG","56.0"
"RS_Erly.B 7459.JPG","56.0"
"RS_Erly.B 7460.JPG","57.0"
"RS_Erly.B 7461.JPG","57.0"
"RS_Erly.B 7462.JPG","57.0"
"RS_Erly.B 7463.JPG","57.0"
"RS_Erly.B 7464.JPG","58.0"
"RS_Erly.B 7465.JPG","58.0"
"RS_Erly.B 7466.JPG","58.0"
"RS_Erly.B 7467.JPG","58.0"
"RS_Erly.B 7468.JPG","59.0"
"RS_Erly.B 7469.JPG","59.0"
"RS_Erly.B 7470.JPG","59.0"
"RS_Erly.B 7471.JPG","59.0"
"RS_Erly.B 7472.JPG","60.0"
"RS_Erly.B 7473.JPG","60.0"
"RS_Erly.B 7474.JPG","60.0"
"RS_Erly.B 7475.JPG","60.0"
"RS_Erly.B 7476.JPG","61.0"
"RS_Erly.B 7477.JPG","61.0"
"RS_Erly.B 7478.JPG","61.0"
"RS_Erly.B 7479.JPG","61.0"
"RS_Erly.B 7480.JPG","62.0"
"RS_Erly.B 7481.JPG","62.0"
"RS_Erly.B 7482.JPG","62.0"
"RS_Erly.B 7483.JPG","62.0"
"RS_Erly.B 7484.JPG","63.0"
"RS_Erly.B 7485.JPG","63.0"
"RS_Erly.B 7486.JPG","63.0"
"RS_Erly.B 7487.JPG","63.0"
"RS_Erly.B 7492.JPG","64.0"
"RS_Erly.B 7493.JPG","64.0"
"RS_Erly.B 7494.JPG","64.0"
"RS_Erly.B 7495.JPG","64.0"
"RS_Erly.B 7496.JPG","65.0"
"RS_Erly.B 7497.JPG","65.0"
"RS_Erly.B 7498.JPG","65.0"
"RS_Erly.B 7499.JPG","65.0"
"RS_Erly.B 7500.JPG","66.0"
"RS_Erly.B 7501.JPG","66.0"
"RS_Erly.B 7502.JPG","66.0"
"RS_Erly.B 7503.JPG","66.0"
"RS_Erly.B 7504.JPG","67.0"
"RS_Erly.B 7505.JPG","67.0"
"RS_Erly.B 7506.JPG","67.0"
"RS_Erly.B 7507.JPG","67.0"
"RS_Erly.B 7508.JPG","68.0"
"RS_Erly.B 7509.JPG","68.0"
"RS_Erly.B 7510.JPG","68.0"
"RS_Erly.B 7511.JPG","68.0"
"RS_Erly.B 7512.JPG","69.0"
"RS_Erly.B 7513.JPG","69.0"
"RS_Erly.B 7514.JPG","69.0"
"RS_Erly.B 7515.JPG","69.0"
"RS_Erly.B 7516.JPG","70.0"
"RS_Erly.B 7517.JPG","70.0"
"RS_Erly.B 7518.JPG","70.0"
"RS_Erly.B 7519.JPG","70.0"
"RS_Erly.B 7520.JPG","71.0"
"RS_Erly.B 7521.JPG","71.0"
"RS_Erly.B 7522.JPG","71.0"
"RS_Erly.B 7524.JPG","71.0"
"RS_Erly.B 7525.JPG","72.0"
"RS_Erly.B 7526.JPG","72.0"
"RS_Erly.B 7527.JPG","72.0"
"RS_Erly.B 7528.JPG","72.0"
"RS_Erly.B 7529.JPG","73.0"
"RS_Erly.B 7530.JPG","73.0"
"RS_Erly.B 7531.JPG","73.0"
"RS_Erly.B 7532.JPG","73.0"
"RS_Erly.B 7533.JPG","74.0"
"RS_Erly.B 7534.JPG","74.0"
"RS_Erly.B 7535.JPG","74.0"
"RS_Erly.B 7536.JPG","74.0"
"RS_Erly.B 7537.JPG","75.0"
"RS_Erly.B 7538.JPG","75.0"
"RS_Erly.B 7539.JPG","75.0"
"RS_Erly.B 7540.JPG","75.0"
"RS_Erly.B 7541.JPG","76.0"
"RS_Erly.B 7542.JPG","76.0"
"RS_Erly.B 7543.JPG","76.0"
"RS_Erly.B 7544.JPG","76.0"
"RS_Erly.B 7545.JPG","77.0"
"RS_Erly.B 7546.JPG","77.0"
"RS_Erly.B 7547.JPG","77.0"
"RS_Erly.B 7548.JPG","77.0"
"RS_Erly.B 7549.JPG","78.0"
"RS_Erly.B 7550.JPG","78.0"
"RS_Erly.B 7551.JPG","78.0"
"RS_Erly.B 7552.JPG","78.0"
"RS_Erly.B 7553.JPG","79.0"
"RS_Erly.B 7554.JPG","79.0"
"RS_Erly.B 7555.JPG","79.0"
"RS_Erly.B 7556.JPG","79.0"
"RS_Erly.B 7557.JPG","80.0"
"RS_Erly.B 7558.JPG","80.0"
"RS_Erly.B 7559.JPG","80.0"
"RS_Erly.B 7560.JPG","80.0"
"RS_Erly.B 7561.JPG","81.0"
"RS_Erly.B 7562.JPG","81.0"
"RS_Erly.B 7563.JPG","81.0"
"RS_Erly.B 7564.JPG","81.0"
"RS_Erly.B 7565.JPG","82.0"
"RS_Erly.B 7566.JPG","82.0"
"RS_Erly.B 7567.JPG","82.0"
"RS_Erly.B 7568.JPG","82.0"
"RS_Erly.B 7569.JPG","83.0"
"RS_Erly.B 7570.JPG","83.0"
"RS_Erly.B 7571.JPG","83.0"
"RS_Erly.B 7572.JPG","83.0"
"RS_Erly.B 7573.JPG","84.0"
"RS_Erly.B 7574.JPG","84.0"
"RS_Erly.B 7575.JPG","84.0"
"RS_Erly.B 7576.JPG","84.0"
"RS_Erly.B 7577.JPG","85.0"
"RS_Erly.B 7578.JPG","85.0"
"RS_Erly.B 7579.JPG","85.0"
"RS_Erly.B 7580.JPG","85.0"
"RS_Erly.B 7581.JPG","86.0"
"RS_Erly.B 7582.JPG","86.0"
"RS_Erly.B 7583.JPG","86.0"
"RS_Erly.B 7584.JPG","86.0"
"RS_Erly.B 7585.JPG","87.0"
"RS_Erly.B 7586.JPG","87.0"
"RS_Erly.B 7587.JPG","87.0"
"RS_Erly.B 7588.JPG","87.0"
"RS_Erly.B 7589.JPG","88.0"
"RS_Erly.B 7590.JPG","88.0"
"RS_Erly.B 7591.JPG","88.0"
"RS_Erly.B 7592.JPG","88.0"
"RS_Erly.B 7593.JPG","89.0"
"RS_Erly.B 7594.JPG","89.0"
"RS_Erly.B 7595.JPG","89.0"
"RS_Erly.B 7596.JPG","89.0"
"RS_Erly.B 7597.JPG","90.0"
"RS_Erly.B 7598.JPG","90.0"
"RS_Erly.B 7599.JPG","90.0"
"RS_Erly.B 7600.JPG","90.0"
"RS_Erly.B 7601.JPG","91.0"
"RS_Erly.B 7602.JPG","91.0"
"RS_Erly.B 7603.JPG","91.0"
"RS_Erly.B 7604.JPG","91.0"
"RS_Erly.B 7605.JPG","92.0"
"RS_Erly.B 7606.JPG","92.0"
"RS_Erly.B 7607.JPG","92.0"
"RS_Erly.B 7608.JPG","92.0"
"RS_Erly.B 7609.JPG","93.0"
"RS_Erly.B 7610.JPG","93.0"
"RS_Erly.B 7611.JPG","93.0"
"RS_Erly.B 7612.JPG","93.0"
"RS_Erly.B 7613.JPG","94.0"
"RS_Erly.B 7614.JPG","94.0"
"RS_Erly.B 7615.JPG","94.0"
"RS_Erly.B 7616.JPG","94.0"
"RS_Erly.B 7617.JPG","95.0"
"RS_Erly.B 7618.JPG","95.0"
"RS_Erly.B 7619.JPG","95.0"
"RS_Erly.B 7620.JPG","95.0"
"RS_Erly.B 7621.JPG","96.0"
"RS_Erly.B 7622.JPG","96.0"
"RS_Erly.B 7623.JPG","96.0"
"RS_Erly.B 7624.JPG","96.0"
"RS_Erly.B 7625.JPG","97.0"
"RS_Erly.B 7626.JPG","97.0"
"RS_Erly.B 7627.JPG","97.0"
"RS_Erly.B 7628.JPG","97.0"
"RS_Erly.B 7629.JPG","98.0"
"RS_Erly.B 7630.JPG","98.0"
"RS_Erly.B 7631.JPG","98.0"
"RS_Erly.B 7632.JPG","98.0"
"RS_Erly.B 7633.JPG","99.0"
"RS_Erly.B 7634.JPG","99.0"
"RS_Erly.B 7635.JPG","99.0"
"RS_Erly.B 7636.JPG","99.0"
"RS_Erly.B 7637.JPG","100.0"
"RS_Erly.B 7638.JPG","100.0"
"RS_Erly.B 7639.JPG","100.0"
"RS_Erly.B 7640.JPG","100.0"
"RS_Erly.B 7641.JPG","101.0"
"RS_Erly.B 7642.JPG","101.0"
"RS_Erly.B 7643.JPG","101.0"
"RS_Erly.B 7644.JPG","101.0"
"RS_Erly.B 7645.JPG","102.0"
"RS_Erly.B 7646.JPG","102.0"
"RS_Erly.B 7647.JPG","102.0"
"RS_Erly.B 7648.JPG","102.0"
"RS_Erly.B 7649.JPG","103.0"
"RS_Erly.B 7650.JPG","103.0"
"RS_Erly.B 7651.JPG","103.0"
"RS_Erly.B 7652.JPG","103.0"
"RS_Erly.B 7653.JPG","104.0"
"RS_Erly.B 7654.JPG","104.0"
"RS_Erly.B 7655.JPG","104.0"
"RS_Erly.B 7656.JPG","104.0"
"RS_Erly.B 7657.JPG","105.0"
"RS_Erly.B 7658.JPG","105.0"
"RS_Erly.B 7659.JPG","105.0"
"RS_Erly.B 7660.JPG","105.0"
"RS_Erly.B 7661.JPG","106.0"
"RS_Erly.B 7662.JPG","106.0"
"RS_Erly.B 7663.JPG","106.0"
"RS_Erly.B 7664.JPG","106.0"
"RS_Erly.B 7665.JPG","107.0"
"RS_Erly.B 7666.JPG","107.0"
"RS_Erly.B 7667.JPG","107.0"
"RS_Erly.B 7668.JPG","107.0"
"RS_Erly.B 7669.JPG","108.0"
"RS_Erly.B 7670.JPG","108.0"
"RS_Erly.B 7671.JPG","108.0"
"RS_Erly.B 7672.JPG","108.0"
"RS_Erly.B 7673.JPG","109.0"
"RS_Erly.B 7674.JPG","109.0"
"RS_Erly.B 7675.JPG","109.0"
"RS_Erly.B 7676.JPG","109.0"
"RS_Erly.B 7677.JPG","110.0"
"RS_Erly.B 7678.JPG","110.0"
"RS_Erly.B 7679.JPG","110.0"
"RS_Erly.B 7680.JPG","110.0"
"RS_Erly.B 7681.JPG","111.0"
"RS_Erly.B 7682.JPG","111.0"
"RS_Erly.B 7683.JPG","111.0"
"RS_Erly.B 7684.JPG","111.0"
"RS_Erly.B 7685.JPG","112.0"
"RS_Erly.B 7686.JPG","112.0"
"RS_Erly.B 7687.JPG","112.0"
"RS_Erly.B 7688.JPG","112.0"
"RS_Erly.B 7689.JPG","113.0"
"RS_Erly.B 7690.JPG","113.0"
"RS_Erly.B 7691.JPG","113.0"
"RS_Erly.B 7692.JPG","113.0"
"RS_Erly.B 7693.JPG","114.0"
"RS_Erly.B 7694.JPG","114.0"
"RS_Erly.B 7695.JPG","114.0"
"RS_Erly.B 7696.JPG","114.0"
"RS_Erly.B 7697.JPG","115.0"
"RS_Erly.B 7698.JPG","115.0"
"RS_Erly.B 7699.JPG","115.0"
"RS_Erly.B 7700.JPG","115.0"
"RS_Erly.B 7702.JPG","116.0"
"RS_Erly.B 7703.JPG","116.0"
"RS_Erly.B 7704.JPG","116.0"
"RS_Erly.B 7705.JPG","116.0"
"RS_Erly.B 7706.JPG","117.0"
"RS_Erly.B 7707.JPG","117.0"
"RS_Erly.B 7708.JPG","117.0"
"RS_Erly.B 7709.JPG","117.0"
"RS_Erly.B 7710.JPG","118.0"
"RS_Erly.B 7711.JPG","118.0"
"RS_Erly.B 7712.JPG","118.0"
"RS_Erly.B 7713.JPG","118.0"
"RS_Erly.B 7714.JPG","119.0"
"RS_Erly.B 7715.JPG","119.0"
"RS_Erly.B 7716.JPG","119.0"
"RS_Erly.B 7717.JPG","119.0"
"RS_Erly.B 7718.JPG","120.0"
"RS_Erly.B 7719.JPG","120.0"
"RS_Erly.B 7720.JPG","120.0"
"RS_Erly.B 7721.JPG","120.0"
"RS_Erly.B 7722.JPG","121.0"
"RS_Erly.B 7723.JPG","121.0"
"RS_Erly.B 7724.JPG","121.0"
"RS_Erly.B 7725.JPG","121.0"
"RS_Erly.B 7726.JPG","122.0"
"RS_Erly.B 7727.JPG","122.0"
"RS_Erly.B 7728.JPG","122.0"
"RS_Erly.B 7729.JPG","122.0"
"RS_Erly.B 7730.JPG","123.0"
"RS_Erly.B 7731.JPG","123.0"
"RS_Erly.B 7732.JPG","123.0"
"RS_Erly.B 7733.JPG","123.0"
"RS_Erly.B 7734.JPG","124.0"
"RS_Erly.B 7735.JPG","124.0"
"RS_Erly.B 7736.JPG","124.0"
"RS_Erly.B 7737.JPG","124.0"
"RS_Erly.B 7738.JPG","125.0"
"RS_Erly.B 7739.JPG","125.0"
"RS_Erly.B 7740.JPG","125.0"
"RS_Erly.B 7741.JPG","125.0"
"RS_Erly.B 7742.JPG","126.0"
"RS_Erly.B 7743.JPG","126.0"
"RS_Erly.B 7744.JPG","126.0"
"RS_Erly.B 7745.JPG","126.0"
"RS_Erly.B 7746.JPG","127.0"
"RS_Erly.B 7747.JPG","127.0"
"RS_Erly.B 7748.JPG","127.0"
"RS_Erly.B 7749.JPG","127.0"
"RS_Erly.B 7750.JPG","128.0"
"RS_Erly.B 7751.JPG","128.0"
"RS_Erly.B 7752.JPG","128.0"
"RS_Erly.B 7753.JPG","128.0"
"RS_Erly.B 7754.JPG","129.0"
"RS_Erly.B 7755.JPG","129.0"
"RS_Erly.B 7756.JPG","129.0"
"RS_Erly.B 7757.JPG","129.0"
"RS_Erly.B 7758.JPG","130.0"
"RS_Erly.B 7759.JPG","130.0"
"RS_Erly.B 7760.JPG","130.0"
"RS_Erly.B 7761.JPG","130.0"
"RS_Erly.B 7762.JPG","131.0"
"RS_Erly.B 7763.JPG","131.0"
"RS_Erly.B 7764.JPG","131.0"
"RS_Erly.B 7765.JPG","131.0"
"RS_Erly.B 7766.JPG","132.0"
"RS_Erly.B 7767.JPG","132.0"
"RS_Erly.B 7768.JPG","132.0"
"RS_Erly.B 7769.JPG","132.0"
"RS_Erly.B 7770.JPG","133.0"
"RS_Erly.B 7771.JPG","133.0"
"RS_Erly.B 7772.JPG","133.0"
"RS_Erly.B 7773.JPG","133.0"
"RS_Erly.B 7774.JPG","134.0"
"RS_Erly.B 7775.JPG","134.0"
"RS_Erly.B 7776.JPG","134.0"
"RS_Erly.B 7777.JPG","134.0"
"RS_Erly.B 7778.JPG","135.0"
"RS_Erly.B 7779.JPG","135.0"
"RS_Erly.B 7780.JPG","135.0"
"RS_Erly.B 7781.JPG","135.0"
"RS_Erly.B 7782.JPG","136.0"
"RS_Erly.B 7783.JPG","136.0"
"RS_Erly.B 7784.JPG","136.0"
"RS_Erly.B 7785.JPG","136.0"
"RS_Erly.B 7786.JPG","137.0"
"RS_Erly.B 7787.JPG","137.0"
"RS_Erly.B 7788.JPG","137.0"
"RS_Erly.B 7789.JPG","137.0"
"RS_Erly.B 7790.JPG","138.0"
"RS_Erly.B 7791.JPG","138.0"
"RS_Erly.B 7792.JPG","138.0"
"RS_Erly.B 7793.JPG","138.0"
"RS_Erly.B 7794.JPG","139.0"
"RS_Erly.B 7795.JPG","139.0"
"RS_Erly.B 7796.JPG","139.0"
"RS_Erly.B 7797.JPG","139.0"
"RS_Erly.B 7798.JPG","140.0"
"RS_Erly.B 7799.JPG","140.0"
"RS_Erly.B 7800.JPG","140.0"
"RS_Erly.B 7801.JPG","140.0"
"RS_Erly.B 7802.JPG","141.0"
"RS_Erly.B 7803.JPG","141.0"
"RS_Erly.B 7804.JPG","141.0"
"RS_Erly.B 7805.JPG","141.0"
"RS_Erly.B 7806.JPG","142.0"
"RS_Erly.B 7807.JPG","142.0"
"RS_Erly.B 7808.JPG","142.0"
"RS_Erly.B 7809.JPG","142.0"
"RS_Erly.B 7810.JPG","143.0"
"RS_Erly.B 7811.JPG","143.0"
"RS_Erly.B 7812.JPG","143.0"
"RS_Erly.B 7813.JPG","143.0"
"RS_Erly.B 7814.JPG","144.0"
"RS_Erly.B 7815.JPG","144.0"
"RS_Erly.B 7816.JPG","144.0"
"RS_Erly.B 7817.JPG","144.0"
"RS_Erly.B 7818.JPG","145.0"
"RS_Erly.B 7819.JPG","145.0"
"RS_Erly.B 7820.JPG","145.0"
"RS_Erly.B 7821.JPG","146.0"
"RS_Erly.B 7822.JPG","146.0"
"RS_Erly.B 7823.JPG","146.0"
"RS_Erly.B 7824.JPG","146.0"
"RS_Erly.B 7825.JPG","147.0"
"RS_Erly.B 7826.JPG","147.0"
"RS_Erly.B 7827.JPG","147.0"
"RS_Erly.B 7828.JPG","147.0"
"RS_Erly.B 7829.JPG","148.0"
"RS_Erly.B 7830.JPG","148.0"
"RS_Erly.B 7831.JPG","148.0"
"RS_Erly.B 7832.JPG","148.0"
"RS_Erly.B 7833.JPG","149.0"
"RS_Erly.B 7834.JPG","149.0"
"RS_Erly.B 7835.JPG","149.0"
"RS_Erly.B 7836.JPG","149.0"
"RS_Erly.B 7837.JPG","150.0"
"RS_Erly.B 7838.JPG","150.0"
"RS_Erly.B 7839.JPG","150.0"
"RS_Erly.B 7840.JPG","150.0"
"RS_Erly.B 7841.JPG","151.0"
"RS_Erly.B 7842.JPG","151.0"
"RS_Erly.B 7843.JPG","151.0"
"RS_Erly.B 7844.JPG","151.0"
"RS_Erly.B 7845.JPG","152.0"
"RS_Erly.B 7846.JPG","152.0"
"RS_Erly.B 7847.JPG","152.0"
"RS_Erly.B 7848.JPG","152.0"
"RS_Erly.B 7849.JPG","153.0"
"RS_Erly.B 7850.JPG","153.0"
"RS_Erly.B 7851.JPG","153.0"
"RS_Erly.B 7852.JPG","153.0"
"RS_Erly.B 7853.JPG","154.0"
"RS_Erly.B 7854.JPG","154.0"
"RS_Erly.B 7855.JPG","154.0"
"RS_Erly.B 7856.JPG","154.0"
"RS_Erly.B 7857.JPG","155.0"
"RS_Erly.B 7858.JPG","155.0"
"RS_Erly.B 7859.JPG","155.0"
"RS_Erly.B 7860.JPG","155.0"
"RS_Erly.B 7861.JPG","156.0"
"RS_Erly.B 7862.JPG","156.0"
"RS_Erly.B 7863.JPG","156.0"
"RS_Erly.B 7864.JPG","156.0"
"RS_Erly.B 8212.JPG","157.0"
"RS_Erly.B 8214.JPG","157.0"
"RS_Erly.B 8215.JPG","157.0"
"RS_Erly.B 8216.JPG","157.0"
"RS_Erly.B 8220.JPG","158.0"
"RS_Erly.B 8221.JPG","158.0"
"RS_Erly.B 8222.JPG","158.0"
"RS_Erly.B 8223.JPG","158.0"
"RS_Erly.B 8225.JPG","159.0"
"RS_Erly.B 8227.JPG","159.0"
"RS_Erly.B 8228.JPG","159.0"
"RS_Erly.B 8230.JPG","159.0"
"RS_Erly.B 8231.JPG","160.0"
"RS_Erly.B 8235.JPG","160.0"
"RS_Erly.B 8238.JPG","160.0"
"RS_Erly.B 8240.JPG","160.0"
"RS_Erly.B 8242.JPG","161.0"
"RS_Erly.B 8245.JPG","161.0"
"RS_Erly.B 8246.JPG","161.0"
"RS_Erly.B 8247.JPG","161.0"
"RS_Erly.B 8251.JPG","162.0"
"RS_Erly.B 8253.JPG","162.0"
"RS_Erly.B 8254.JPG","162.0"
"RS_Erly.B 8255.JPG","162.0"
"RS_Erly.B 8256.JPG","163.0"
"RS_Erly.B 8257.JPG","163.0"
"RS_Erly.B 8258.JPG","163.0"
"RS_Erly.B 8264.JPG","163.0"
"RS_Erly.B 8265.JPG","164.0"
"RS_Erly.B 8266.JPG","164.0"
"RS_Erly.B 8270.JPG","164.0"
"RS_Erly.B 8272.JPG","164.0"
"RS_Erly.B 8275.JPG","165.0"
"RS_Erly.B 8276.JPG","165.0"
"RS_Erly.B 8279.JPG","165.0"
"RS_Erly.B 8281.JPG","165.0"
"RS_Erly.B 8282.JPG","166.0"
"RS_Erly.B 8283.JPG","166.0"
"RS_Erly.B 8284.JPG","166.0"
"RS_Erly.B 8290.JPG","166.0"
"RS_Erly.B 8291.JPG","167.0"
"RS_Erly.B 8292.JPG","167.0"
"RS_Erly.B 8294.JPG","167.0"
"RS_Erly.B 8299.JPG","167.0"
"RS_Erly.B 8300.JPG","168.0"
"RS_Erly.B 8301.JPG","168.0"
"RS_Erly.B 8302.JPG","168.0"
"RS_Erly.B 8303.JPG","168.0"
"RS_Erly.B 8307.JPG","169.0"
"RS_Erly.B 8308.JPG","169.0"
"RS_Erly.B 8310.JPG","169.0"
"RS_Erly.B 8313.JPG","169.0"
"RS_Erly.B 8315.JPG","170.0"
"RS_Erly.B 8317.JPG","170.0"
"RS_Erly.B 8318.JPG","170.0"
"RS_Erly.B 8320.JPG","170.0"
"RS_Erly.B 8322.JPG","171.0"
"RS_Erly.B 8323.JPG","171.0"
"RS_Erly.B 8324.JPG","171.0"
"RS_Erly.B 8327.JPG","171.0"
"RS_Erly.B 8328.JPG","172.0"
"RS_Erly.B 8329.JPG","172.0"
"RS_Erly.B 8330.JPG","172.0"
"RS_Erly.B 8336.JPG","172.0"
"RS_Erly.B 8338.JPG","173.0"
"RS_Erly.B 8340.JPG","173.0"
"RS_Erly.B 8342.JPG","173.0"
"RS_Erly.B 8343.JPG","173.0"
"RS_Erly.B 8345.JPG","174.0"
"RS_Erly.B 8348.JPG","174.0"
"RS_Erly.B 8349.JPG","174.0"
"RS_Erly.B 8353.JPG","174.0"
"RS_Erly.B 8354.JPG","175.0"
"RS_Erly.B 8356.JPG","175.0"
"RS_Erly.B 8358.JPG","175.0"
"RS_Erly.B 8362.JPG","175.0"
"RS_Erly.B 8364.JPG","176.0"
"RS_Erly.B 8365.JPG","176.0"
"RS_Erly.B 8367.JPG","176.0"
"RS_Erly.B 8369.JPG","176.0"
"RS_Erly.B 8370.JPG","177.0"
"RS_Erly.B 8371.JPG","177.0"
"RS_Erly.B 8372.JPG","177.0"
"RS_Erly.B 8375.JPG","177.0"
"RS_Erly.B 8377.JPG","178.0"
"RS_Erly.B 8378.JPG","178.0"
"RS_Erly.B 8381.JPG","178.0"
"RS_Erly.B 8384.JPG","178.0"
"RS_Erly.B 8386.JPG","179.0"
"RS_Erly.B 8387.JPG","179.0"
"RS_Erly.B 8389.JPG","179.0"
"RS_Erly.B 8391.JPG","179.0"
"RS_Erly.B 8393.JPG","180.0"
"RS_Erly.B 8396.JPG","180.0"
"RS_Erly.B 8397.JPG","180.0"
"RS_Erly.B 8399.JPG","180.0"
"RS_Erly.B 8402.JPG","181.0"
"RS_Erly.B 8405.JPG","181.0"
"RS_Erly.B 8406.JPG","181.0"
"RS_Erly.B 8407.JPG","181.0"
"RS_Erly.B 8409.JPG","182.0"
"RS_Erly.B 8411.JPG","182.0"
"RS_Erly.B 8413.JPG","182.0"
"RS_Erly.B 8415.JPG","182.0"
"RS_Erly.B 8417.JPG","183.0"
"RS_Erly.B 8418.JPG","183.0"
"RS_Erly.B 8419.JPG","183.0"
"RS_Erly.B 8421.JPG","183.0"
"RS_Erly.B 8422.JPG","184.0"
"RS_Erly.B 8425.JPG","184.0"
"RS_Erly.B 8426.JPG","184.0"
"RS_Erly.B 8428.JPG","184.0"
"RS_Erly.B 8430.JPG","185.0"
"RS_Erly.B 8432.JPG","185.0"
"RS_Erly.B 8435.JPG","185.0"
"RS_Erly.B 8436.JPG","185.0"
"RS_Erly.B 8438.JPG","186.0"
"RS_Erly.B 8439.JPG","186.0"
"RS_Erly.B 8442.JPG","186.0"
"RS_Erly.B 8443.JPG","186.0"
"RS_Erly.B 8445.JPG","187.0"
"RS_Erly.B 8446.JPG","187.0"
"RS_Erly.B 8447.JPG","187.0"
"RS_Erly.B 8450.JPG","187.0"
"RS_Erly.B 8451.JPG","188.0"
"RS_Erly.B 8452.JPG","188.0"
"RS_Erly.B 8454.JPG","188.0"
"RS_Erly.B 9370.JPG","188.0"
"RS_Erly.B 9371.JPG","189.0"
"RS_Erly.B 9372.JPG","189.0"
"RS_Erly.B 9373.JPG","189.0"
"RS_Erly.B 9374.JPG","189.0"
"RS_Erly.B 9375.JPG","190.0"
"RS_Erly.B 9376.JPG","190.0"
"RS_Erly.B 9377.JPG","190.0"
"RS_Erly.B 9378.JPG","190.0"
"RS_Erly.B 9379.JPG","191.0"
"RS_Erly.B 9380.JPG","191.0"
"RS_Erly.B 9381.JPG","191.0"
"RS_Erly.B 9382.JPG","191.0"
"RS_Erly.B 9383.JPG","192.0"
"RS_Erly.B 9384.JPG","192.0"
"RS_Erly.B 9385.JPG","192.0"
"RS_Erly.B 9386.JPG","192.0"
"RS_Erly.B 9387.JPG","193.0"
"RS_Erly.B 9388.JPG","193.0"
"RS_Erly.B 9389.JPG","193.0"
"RS_Erly.B 9390.JPG","193.0"
"RS_Erly.B 9391.JPG","194.0"
"RS_Erly.B 9392.JPG","194.0"
"RS_Erly.B 9393.JPG","194.0"
"RS_Erly.B 9394.JPG","194.0"
"RS_Erly.B 9395.JPG","195.0"
"RS_Erly.B 9396.JPG","195.0"
"RS_Erly.B 9397.JPG","195.0"
"RS_Erly.B 9398.JPG","195.0"
"RS_Erly.B 9399.JPG","196.0"
"RS_Erly.B 9400.JPG","196.0"
"RS_Erly.B 9401.JPG","196.0"
"RS_Erly.B 9402.JPG","196.0"
"RS_Erly.B 9403.JPG","197.0"
"RS_Erly.B 9404.JPG","197.0"
"RS_Erly.B 9405.JPG","197.0"
"RS_Erly.B 9406.JPG","197.0"
"RS_Erly.B 9407.JPG","198.0"
"RS_Erly.B 9408.JPG","198.0"
"RS_Erly.B 9409.JPG","198.0"
"RS_Erly.B 9410.JPG","198.0"
"RS_Erly.B 9411.JPG","199.0"
"RS_Erly.B 9412.JPG","199.0"
"RS_Erly.B 9413.JPG","199.0"
"RS_Erly.B 9414.JPG","199.0"
"RS_Erly.B 9415.JPG","200.0"
"RS_Erly.B 9416.JPG","200.0"
"RS_Erly.B 9417.JPG","200.0"
"RS_Erly.B 9418.JPG","200.0"
"RS_Erly.B 9419.JPG","201.0"
"RS_Erly.B 9420.JPG","201.0"
"RS_Erly.B 9421.JPG","201.0"
"RS_Erly.B 9422.JPG","201.0"
"RS_Erly.B 9423.JPG","202.0"
"RS_Erly.B 9424.JPG","202.0"
"RS_Erly.B 9425.JPG","202.0"
"RS_Erly.B 9426.JPG","202.0"
"RS_Erly.B 9427.JPG","203.0"
"RS_Erly.B 9428.JPG","203.0"
"RS_Erly.B 9429.JPG","203.0"
"RS_Erly.B 9430.JPG","203.0"
"RS_Erly.B 9431.JPG","204.0"
"RS_Erly.B 9432.JPG","204.0"
"RS_Erly.B 9434.JPG","204.0"
"RS_Erly.B 9435.JPG","204.0"
"RS_Erly.B 9436.JPG","205.0"
"RS_Erly.B 9437.JPG","205.0"
"RS_Erly.B 9438.JPG","205.0"
"RS_Erly.B 9439.JPG","205.0"
"RS_Erly.B 9440.JPG","206.0"
"RS_Erly.B 9441.JPG","206.0"
"RS_Erly.B 9442.JPG","206.0"
"RS_Erly.B 9443.JPG","206.0"
"RS_Erly.B 9444.JPG","207.0"
"RS_Erly.B 9445.JPG","207.0"
"RS_Erly.B 9446.JPG","207.0"
"RS_Erly.B 9447.JPG","207.0"
"RS_Erly.B 9449.JPG","208.0"
"RS_Erly.B 9450.JPG","208.0"
"RS_Erly.B 9451.JPG","208.0"
"RS_Erly.B 9452.JPG","208.0"
"RS_Erly.B 9453.JPG","209.0"
"RS_Erly.B 9454.JPG","209.0"
"RS_Erly.B 9455.JPG","209.0"
"RS_Erly.B 9456.JPG","209.0"
"RS_Erly.B 9457.JPG","210.0"
"RS_Erly.B 9458.JPG","210.0"
"RS_Erly.B 9459.JPG","210.0"
"RS_Erly.B 9460.JPG","210.0"
"RS_Erly.B 9461.JPG","211.0"
"RS_Erly.B 9462.JPG","211.0"
"RS_Erly.B 9463.JPG","211.0"
"RS_Erly.B 9464.JPG","211.0"
"RS_Erly.B 9465.JPG","212.0"
"RS_Erly.B 9466.JPG","212.0"
"RS_Erly.B 9467.JPG","212.0"
"RS_Erly.B 9468.JPG","212.0"
"RS_Erly.B 9469.JPG","213.0"
"RS_Erly.B 9470.JPG","213.0"
"RS_Erly.B 9471.JPG","213.0"
"RS_Erly.B 9472.JPG","213.0"
"RS_Erly.B 9473.JPG","214.0"
"RS_Erly.B 9474.JPG","214.0"
"RS_Erly.B 9475.JPG","214.0"
"RS_Erly.B 9476.JPG","214.0"
"RS_Erly.B 9477.JPG","215.0"
"RS_Erly.B 9478.JPG","215.0"
"RS_Erly.B 9479.JPG","215.0"
"RS_Erly.B 9480.JPG","215.0"
"RS_Erly.B 9481.JPG","216.0"
"RS_Erly.B 9482.JPG","216.0"
"RS_Erly.B 9483.JPG","216.0"
"RS_Erly.B 9484.JPG","216.0"
"RS_Erly.B 9485.JPG","217.0"
"RS_Erly.B 9486.JPG","217.0"
"RS_Erly.B 9487.JPG","217.0"
"RS_Erly.B 9488.JPG","217.0"
"RS_Erly.B 9489.JPG","218.0"
"RS_Erly.B 9490.JPG","218.0"
"RS_Erly.B 9491.JPG","218.0"
"RS_Erly.B 9492.JPG","218.0"
"RS_Erly.B 9493.JPG","219.0"
"RS_Erly.B 9494.JPG","219.0"
"RS_Erly.B 9495.JPG","219.0"
"RS_Erly.B 9496.JPG","219.0"
"RS_Erly.B 9497.JPG","220.0"
"RS_Erly.B 9498.JPG","220.0"
"RS_Erly.B 9499.JPG","220.0"
"RS_Erly.B 9500.JPG","220.0"
"RS_Erly.B 9501.JPG","221.0"
"RS_Erly.B 9502.JPG","221.0"
"RS_Erly.B 9503.JPG","221.0"
"RS_Erly.B 9504.JPG","221.0"
"RS_Erly.B 9505.JPG","222.0"
"RS_Erly.B 9506.JPG","222.0"
"RS_Erly.B 9507.JPG","222.0"
"RS_Erly.B 9508.JPG","222.0"
"RS_Erly.B 9509.JPG","223.0"
"RS_Erly.B 9510.JPG","223.0"
"RS_Erly.B 9511.JPG","223.0"
"RS_Erly.B 9513.JPG","223.0"
"RS_Erly.B 9514.JPG","224.0"
"RS_Erly.B 9515.JPG","224.0"
"RS_Erly.B 9516.JPG","224.0"
"RS_Erly.B 9517.JPG","224.0"
"RS_Erly.B 9518.JPG","225.0"
"RS_Erly.B 9519.JPG","225.0"
"RS_Erly.B 9520.JPG","225.0"
"RS_Erly.B 9521.JPG","225.0"
"RS_Erly.B 9522.JPG","226.0"
"RS_Erly.B 9523.JPG","226.0"
"RS_Erly.B 9524.JPG","226.0"
"RS_Erly.B 9525.JPG","226.0"
"RS_Erly.B 9526.JPG","227.0"
"RS_Erly.B 9527.JPG","227.0"
"RS_Erly.B 9528.JPG","227.0"
"RS_Erly.B 9529.JPG","227.0"
"RS_Erly.B 9530.JPG","228.0"
"RS_Erly.B 9531.JPG","228.0"
"RS_Erly.B 9532.JPG","228.0"
"RS_Erly.B 9533.JPG","228.0"
"RS_Erly.B 9534.JPG","229.0"
"RS_Erly.B 9535.JPG","229.0"
"RS_Erly.B 9536.JPG","229.0"
"RS_Erly.B 9537.JPG","229.0"
"RS_Erly.B 9538.JPG","230.0"
"RS_Erly.B 9539.JPG","230.0"
"RS_Erly.B 9540.JPG","230.0"
"RS_Erly.B 9541.JPG","230.0"
"RS_Erly.B 9542.JPG","231.0"
"RS_Erly.B 9543.JPG","231.0"
"RS_Erly.B 9544.JPG","231.0"
"RS_Erly.B 9545.JPG","231.0"
"RS_Erly.B 9546.JPG","232.0"
"RS_Erly.B 9547.JPG","232.0"
"RS_Erly.B 9548.JPG","232.0"
"RS_Erly.B 9549.JPG","232.0"
"RS_Erly.B 9550.JPG","233.0"
"RS_Erly.B 9551.JPG","233.0"
"RS_Erly.B 9552.JPG","233.0"
"RS_Erly.B 9553.JPG","233.0"
"RS_Erly.B 9554.JPG","234.0"
"RS_Erly.B 9555.JPG","234.0"
"RS_Erly.B 9556.JPG","234.0"
"RS_Erly.B 9557.JPG","234.0"
"RS_Erly.B 9558.JPG","235.0"
"RS_Erly.B 9559.JPG","235.0"
"RS_Erly.B 9560.JPG","235.0"
"RS_Erly.B 9561.JPG","235.0"
"RS_Erly.B 9562.JPG","236.0"
"RS_Erly.B 9563.JPG","236.0"
"RS_Erly.B 9564.JPG","236.0"
"RS_Erly.B 9565.JPG","236.0"
"RS_Erly.B 9566.JPG","237.0"
"RS_Erly.B 9567.JPG","237.0"
"RS_Erly.B 9568.JPG","237.0"
"RS_Erly.B 9569.JPG","237.0"
"RS_Erly.B 9570.JPG","238.0"
"RS_Erly.B 9571.JPG","238.0"
"RS_Erly.B 9572.JPG","238.0"
"RS_Erly.B 9573.JPG","238.0"
"RS_Erly.B 9574.JPG","239.0"
"RS_Erly.B 9575.JPG","239.0"
"RS_Erly.B 9576.JPG","239.0"
"RS_Erly.B 9577.JPG","239.0"
"RS_Erly.B 9578.JPG","240.0"
"RS_Erly.B 9579.JPG","240.0"
"RS_Erly.B 9580.JPG","240.0"
"RS_Erly.B 9581.JPG","240.0"
"RS_Erly.B 9582.JPG","241.0"
"RS_Erly.B 9583.JPG","241.0"
"RS_Erly.B 9584.JPG","241.0"
"RS_Erly.B 9585.JPG","241.0"
"RS_Erly.B 9586.JPG","242.0"
"RS_Erly.B 9587.JPG","242.0"
"RS_Erly.B 9588.JPG","242.0"
"RS_Erly.B 9589.JPG","242.0"
"RS_Erly.B 9590.JPG","243.0"
"RS_Erly.B 9591.JPG","243.0"
"RS_Erly.B 9592.JPG","243.0"
"RS_Erly.B 9593.JPG","243.0"
"RS_Erly.B 9594.JPG","244.0"
"RS_Erly.B 9595.JPG","244.0"
"RS_Erly.B 9596.JPG","244.0"
"RS_Erly.B 9597.JPG","244.0"
"RS_Erly.B 9598.JPG","245.0"
"RS_Erly.B 9599.JPG","245.0"
"RS_Erly.B 9600.JPG","245.0"
"RS_Erly.B 9601.JPG","245.0"
"RS_Erly.B 9602.JPG","246.0"
"RS_Erly.B 9603.JPG","246.0"
"RS_Erly.B 9604.JPG","246.0"
"RS_Erly.B 9605.JPG","246.0"
"RS_Erly.B 9606.JPG","247.0"
"RS_Erly.B 9607.JPG","247.0"
"RS_Erly.B 9608.JPG","247.0"
"RS_Erly.B 9609.JPG","247.0"
"RS_Erly.B 9610.JPG","248.0"
"RS_Erly.B 9611.JPG","248.0"
"RS_Erly.B 9612.JPG","248.0"
"RS_Erly.B 9613.JPG","248.0"
"RS_Erly.B 9614.JPG","249.0"
"RS_Erly.B 9615.JPG","249.0"
"RS_Erly.B 9616.JPG","249.0"
"RS_Erly.B 9617.JPG","249.0"
"RS_Erly.B 9618.JPG","250.0"
"RS_Erly.B 9619.JPG","250.0"
"RS_Erly.B 9620.JPG","250.0"
"RS_Erly.B 9621.JPG","250.0"
