"File Name","Leaf #"
"RS_Late.B 4827.JPG","1.0"
"RS_Late.B 4828.JPG","1.0"
"RS_Late.B 4829.JPG","1.0"
"RS_Late.B 4831.JPG","1.0"
"RS_Late.B 4832.JPG","2.0"
"RS_Late.B 4833.JPG","2.0"
"RS_Late.B 4834.JPG","2.0"
"RS_Late.B 4836.JPG","2.0"
"RS_Late.B 4837.JPG","3.0"
"RS_Late.B 4838.JPG","3.0"
"RS_Late.B 4840.JPG","3.0"
"RS_Late.B 4841.JPG","3.0"
"RS_Late.B 4842.JPG","4.0"
"RS_Late.B 4843.JPG","4.0"
"RS_Late.B 4844.JPG","4.0"
"RS_Late.B 4846.JPG","4.0"
"RS_Late.B 4847.JPG","5.0"
"RS_Late.B 4849.JPG","5.0"
"RS_Late.B 4850.JPG","5.0"
"RS_Late.B 4852.JPG","5.0"
"RS_Late.B 4853.JPG","6.0"
"RS_Late.B 4854.JPG","6.0"
"RS_Late.B 4855.JPG","6.0"
"RS_Late.B 4856.JPG","6.0"
"RS_Late.B 4857.JPG","7.0"
"RS_Late.B 4859.JPG","7.0"
"RS_Late.B 4860.JPG","7.0"
"RS_Late.B 4861.JPG","7.0"
"RS_Late.B 4863.JPG","8.0"
"RS_Late.B 4864.JPG","8.0"
"RS_Late.B 4865.JPG","8.0"
"RS_Late.B 4866.JPG","8.0"
"RS_Late.B 4867.JPG","9.0"
"RS_Late.B 4868.JPG","9.0"
"RS_Late.B 4869.JPG","9.0"
"RS_Late.B 4871.JPG","9.0"
"RS_Late.B 4872.JPG","10.0"
"RS_Late.B 4873.JPG","10.0"
"RS_Late.B 4874.JPG","10.0"
"RS_Late.B 4876.JPG","10.0"
"RS_Late.B 4882.JPG","11.0"
"RS_Late.B 4883.JPG","11.0"
"RS_Late.B 4885.JPG","11.0"
"RS_Late.B 4886.JPG","11.0"
"RS_Late.B 4892.JPG","12.0"
"RS_Late.B 4893.JPG","12.0"
"RS_Late.B 4894.JPG","12.0"
"RS_Late.B 4895.JPG","12.0"
"RS_Late.B 4897.JPG","13.0"
"RS_Late.B 4898.JPG","13.0"
"RS_Late.B 4900.JPG","13.0"
"RS_Late.B 4901.JPG","13.0"
"RS_Late.B 4902.JPG","14.0"
"RS_Late.B 4903.JPG","14.0"
"RS_Late.B 4905.JPG","14.0"
"RS_Late.B 4906.JPG","14.0"
"RS_Late.B 4907.JPG","15.0"
"RS_Late.B 4908.JPG","15.0"
"RS_Late.B 4910.JPG","15.0"
"RS_Late.B 4911.JPG","15.0"
"RS_Late.B 4912.JPG","16.0"
"RS_Late.B 4913.JPG","16.0"
"RS_Late.B 4914.JPG","16.0"
"RS_Late.B 4916.JPG","16.0"
"RS_Late.B 4917.JPG","17.0"
"RS_Late.B 4918.JPG","17.0"
"RS_Late.B 4919.JPG","17.0"
"RS_Late.B 4920.JPG","17.0"
"RS_Late.B 4922.JPG","18.0"
"RS_Late.B 4923.JPG","18.0"
"RS_Late.B 4924.JPG","18.0"
"RS_Late.B 4925.JPG","18.0"
"RS_Late.B 4927.JPG","19.0"
"RS_Late.B 4928.JPG","19.0"
"RS_Late.B 4929.JPG","19.0"
"RS_Late.B 4930.JPG","19.0"
"RS_Late.B 4932.JPG","20.0"
"RS_Late.B 4933.JPG","20.0"
"RS_Late.B 4934.JPG","20.0"
"RS_Late.B 4935.JPG","20.0"
"RS_Late.B 4942.JPG","21.0"
"RS_Late.B 4943.JPG","21.0"
"RS_Late.B 4944.JPG","21.0"
"RS_Late.B 4946.JPG","21.0"
"RS_Late.B 4947.JPG","22.0"
"RS_Late.B 4948.JPG","22.0"
"RS_Late.B 4949.JPG","22.0"
"RS_Late.B 4951.JPG","22.0"
"RS_Late.B 4952.JPG","23.0"
"RS_Late.B 4953.JPG","23.0"
"RS_Late.B 4954.JPG","23.0"
"RS_Late.B 4956.JPG","23.0"
"RS_Late.B 4957.JPG","24.0"
"RS_Late.B 4958.JPG","24.0"
"RS_Late.B 4959.JPG","24.0"
"RS_Late.B 4961.JPG","24.0"
"RS_Late.B 4962.JPG","25.0"
"RS_Late.B 4964.JPG","25.0"
"RS_Late.B 4965.JPG","25.0"
"RS_Late.B 4966.JPG","25.0"
"RS_Late.B 4967.JPG","26.0"
"RS_Late.B 4968.JPG","26.0"
"RS_Late.B 4969.JPG","26.0"
"RS_Late.B 4970.JPG","26.0"
"RS_Late.B 4972.JPG","27.0"
"RS_Late.B 4973.JPG","27.0"
"RS_Late.B 4975.JPG","27.0"
"RS_Late.B 4976.JPG","27.0"
"RS_Late.B 4977.JPG","28.0"
"RS_Late.B 4978.JPG","28.0"
"RS_Late.B 4979.JPG","28.0"
"RS_Late.B 4980.JPG","28.0"
"RS_Late.B 4981.JPG","29.0"
"RS_Late.B 4982.JPG","29.0"
"RS_Late.B 4983.JPG","29.0"
"RS_Late.B 4985.JPG","29.0"
"RS_Late.B 4986.JPG","30.0"
"RS_Late.B 4987.JPG","30.0"
"RS_Late.B 4988.JPG","30.0"
"RS_Late.B 4989.JPG","30.0"
"RS_Late.B 4990.JPG","31.0"
"RS_Late.B 4991.JPG","31.0"
"RS_Late.B 4993.JPG","31.0"
"RS_Late.B 4994.JPG","31.0"
"RS_Late.B 5000.JPG","32.0"
"RS_Late.B 5002.JPG","32.0"
"RS_Late.B 5003.JPG","32.0"
"RS_Late.B 5004.JPG","32.0"
"RS_Late.B 5005.JPG","33.0"
"RS_Late.B 5006.JPG","33.0"
"RS_Late.B 5007.JPG","33.0"
"RS_Late.B 5009.JPG","33.0"
"RS_Late.B 5010.JPG","34.0"
"RS_Late.B 5011.JPG","34.0"
"RS_Late.B 5012.JPG","34.0"
"RS_Late.B 5014.JPG","34.0"
"RS_Late.B 5016.JPG","35.0"
"RS_Late.B 5017.JPG","35.0"
"RS_Late.B 5018.JPG","35.0"
"RS_Late.B 5019.JPG","35.0"
"RS_Late.B 5020.JPG","36.0"
"RS_Late.B 5021.JPG","36.0"
"RS_Late.B 5022.JPG","36.0"
"RS_Late.B 5024.JPG","36.0"
"RS_Late.B 5025.JPG","37.0"
"RS_Late.B 5026.JPG","37.0"
"RS_Late.B 5027.JPG","37.0"
"RS_Late.B 5029.JPG","37.0"
"RS_Late.B 5030.JPG","38.0"
"RS_Late.B 5032.JPG","38.0"
"RS_Late.B 5033.JPG","38.0"
"RS_Late.B 5034.JPG","38.0"
"RS_Late.B 5035.JPG","39.0"
"RS_Late.B 5036.JPG","39.0"
"RS_Late.B 5037.JPG","39.0"
"RS_Late.B 5038.JPG","39.0"
"RS_Late.B 5040.JPG","40.0"
"RS_Late.B 5042.JPG","40.0"
"RS_Late.B 5043.JPG","40.0"
"RS_Late.B 5044.JPG","40.0"
"RS_Late.B 5045.JPG","41.0"
"RS_Late.B 5047.JPG","41.0"
"RS_Late.B 5048.JPG","41.0"
"RS_Late.B 5049.JPG","41.0"
"RS_Late.B 5050.JPG","42.0"
"RS_Late.B 5051.JPG","42.0"
"RS_Late.B 5053.JPG","42.0"
"RS_Late.B 5054.JPG","42.0"
"RS_Late.B 5055.JPG","43.0"
"RS_Late.B 5056.JPG","43.0"
"RS_Late.B 5057.JPG","43.0"
"RS_Late.B 5059.JPG","43.0"
"RS_Late.B 5061.JPG","44.0"
"RS_Late.B 5062.JPG","44.0"
"RS_Late.B 5063.JPG","44.0"
"RS_Late.B 5064.JPG","44.0"
"RS_Late.B 5065.JPG","45.0"
"RS_Late.B 5066.JPG","45.0"
"RS_Late.B 5068.JPG","45.0"
"RS_Late.B 5069.JPG","45.0"
"RS_Late.B 5070.JPG","46.0"
"RS_Late.B 5071.JPG","46.0"
"RS_Late.B 5073.JPG","46.0"
"RS_Late.B 5074.JPG","46.0"
"RS_Late.B 5075.JPG","47.0"
"RS_Late.B 5076.JPG","47.0"
"RS_Late.B 5078.JPG","47.0"
"RS_Late.B 5079.JPG","47.0"
"RS_Late.B 5081.JPG","48.0"
"RS_Late.B 5082.JPG","48.0"
"RS_Late.B 5083.JPG","48.0"
"RS_Late.B 5084.JPG","48.0"
"RS_Late.B 5085.JPG","49.0"
"RS_Late.B 5086.JPG","49.0"
"RS_Late.B 5087.JPG","49.0"
"RS_Late.B 5089.JPG","49.0"
"RS_Late.B 5090.JPG","50.0"
"RS_Late.B 5092.JPG","50.0"
"RS_Late.B 5093.JPG","50.0"
"RS_Late.B 5094.JPG","50.0"
"RS_Late.B 5095.JPG","51.0"
"RS_Late.B 5096.JPG","51.0"
"RS_Late.B 5097.JPG","51.0"
"RS_Late.B 5098.JPG","51.0"
"RS_Late.B 5100.JPG","52.0"
"RS_Late.B 5102.JPG","52.0"
"RS_Late.B 5103.JPG","52.0"
"RS_Late.B 5104.JPG","52.0"
"RS_Late.B 5106.JPG","53.0"
"RS_Late.B 5107.JPG","53.0"
"RS_Late.B 5108.JPG","53.0"
"RS_Late.B 5109.JPG","53.0"
"RS_Late.B 5110.JPG","54.0"
"RS_Late.B 5111.JPG","54.0"
"RS_Late.B 5112.JPG","54.0"
"RS_Late.B 5113.JPG","54.0"
"RS_Late.B 5115.JPG","55.0"
"RS_Late.B 5116.JPG","55.0"
"RS_Late.B 5117.JPG","55.0"
"RS_Late.B 5119.JPG","55.0"
"RS_Late.B 5120.JPG","56.0"
"RS_Late.B 5122.JPG","56.0"
"RS_Late.B 5123.JPG","56.0"
"RS_Late.B 5124.JPG","56.0"
"RS_Late.B 5125.JPG","57.0"
"RS_Late.B 5126.JPG","57.0"
"RS_Late.B 5128.JPG","57.0"
"RS_Late.B 5129.JPG","57.0"
"RS_Late.B 5130.JPG","58.0"
"RS_Late.B 5131.JPG","58.0"
"RS_Late.B 5133.JPG","58.0"
"RS_Late.B 5134.JPG","58.0"
"RS_Late.B 5135.JPG","59.0"
"RS_Late.B 5136.JPG","59.0"
"RS_Late.B 5137.JPG","59.0"
"RS_Late.B 5139.JPG","59.0"
"RS_Late.B 5140.JPG","60.0"
"RS_Late.B 5141.JPG","60.0"
"RS_Late.B 5142.JPG","60.0"
"RS_Late.B 5144.JPG","60.0"
"RS_Late.B 5145.JPG","61.0"
"RS_Late.B 5146.JPG","61.0"
"RS_Late.B 5147.JPG","61.0"
"RS_Late.B 5148.JPG","61.0"
"RS_Late.B 5156.JPG","62.0"
"RS_Late.B 5157.JPG","62.0"
"RS_Late.B 5158.JPG","62.0"
"RS_Late.B 5159.JPG","62.0"
"RS_Late.B 5162.JPG","63.0"
"RS_Late.B 5163.JPG","63.0"
"RS_Late.B 5164.JPG","63.0"
"RS_Late.B 5166.JPG","63.0"
"RS_Late.B 5170.JPG","64.0"
"RS_Late.B 5171.JPG","64.0"
"RS_Late.B 5172.JPG","64.0"
"RS_Late.B 5173.JPG","64.0"
"RS_Late.B 5174.JPG","65.0"
"RS_Late.B 5175.JPG","65.0"
"RS_Late.B 5176.JPG","65.0"
"RS_Late.B 5179.JPG","65.0"
"RS_Late.B 5180.JPG","66.0"
"RS_Late.B 5181.JPG","66.0"
"RS_Late.B 5182.JPG","66.0"
"RS_Late.B 5185.JPG","66.0"
"RS_Late.B 5186.JPG","67.0"
"RS_Late.B 5187.JPG","67.0"
"RS_Late.B 5188.JPG","67.0"
"RS_Late.B 5190.JPG","67.0"
"RS_Late.B 5194.JPG","68.0"
"RS_Late.B 5195.JPG","68.0"
"RS_Late.B 5196.JPG","68.0"
"RS_Late.B 5197.JPG","68.0"
"RS_Late.B 5198.JPG","69.0"
"RS_Late.B 5200.JPG","69.0"
"RS_Late.B 5202.JPG","69.0"
"RS_Late.B 5203.JPG","69.0"
"RS_Late.B 5206.JPG","70.0"
"RS_Late.B 5207.JPG","70.0"
"RS_Late.B 5208.JPG","70.0"
"RS_Late.B 5209.JPG","70.0"
"RS_Late.B 5216.JPG","71.0"
"RS_Late.B 5218.JPG","71.0"
"RS_Late.B 5219.JPG","71.0"
"RS_Late.B 5222.JPG","71.0"
"RS_Late.B 5224.JPG","72.0"
"RS_Late.B 5225.JPG","72.0"
"RS_Late.B 5226.JPG","72.0"
"RS_Late.B 5228.JPG","72.0"
"RS_Late.B 5231.JPG","73.0"
"RS_Late.B 5232.JPG","73.0"
"RS_Late.B 5233.JPG","73.0"
"RS_Late.B 5234.JPG","73.0"
"RS_Late.B 5237.JPG","74.0"
"RS_Late.B 5238.JPG","74.0"
"RS_Late.B 5239.JPG","74.0"
"RS_Late.B 5240.JPG","74.0"
"RS_Late.B 5282.JPG","75.0"
"RS_Late.B 5284.JPG","75.0"
"RS_Late.B 5286.JPG","75.0"
"RS_Late.B 5287.JPG","75.0"
"RS_Late.B 5288.JPG","76.0"
"RS_Late.B 5290.JPG","76.0"
"RS_Late.B 5291.JPG","76.0"
"RS_Late.B 5293.JPG","76.0"
"RS_Late.B 5305.JPG","77.0"
"RS_Late.B 5307.JPG","77.0"
"RS_Late.B 5309.JPG","77.0"
"RS_Late.B 5310.JPG","77.0"
"RS_Late.B 5311.JPG","78.0"
"RS_Late.B 5312.JPG","78.0"
"RS_Late.B 5314.JPG","78.0"
"RS_Late.B 5315.JPG","78.0"
"RS_Late.B 5317.JPG","79.0"
"RS_Late.B 5319.JPG","79.0"
"RS_Late.B 5320.JPG","79.0"
"RS_Late.B 5322.JPG","79.0"
"RS_Late.B 5323.JPG","80.0"
"RS_Late.B 5324.JPG","80.0"
"RS_Late.B 5327.JPG","80.0"
"RS_Late.B 5328.JPG","80.0"
"RS_Late.B 5329.JPG","81.0"
"RS_Late.B 5330.JPG","81.0"
"RS_Late.B 5331.JPG","81.0"
"RS_Late.B 5332.JPG","81.0"
"RS_Late.B 5340.JPG","82.0"
"RS_Late.B 5342.JPG","82.0"
"RS_Late.B 5343.JPG","82.0"
"RS_Late.B 5344.JPG","82.0"
"RS_Late.B 5347.JPG","83.0"
"RS_Late.B 5348.JPG","83.0"
"RS_Late.B 5349.JPG","83.0"
"RS_Late.B 5350.JPG","83.0"
"RS_Late.B 5352.JPG","84.0"
"RS_Late.B 5355.JPG","84.0"
"RS_Late.B 5356.JPG","84.0"
"RS_Late.B 5357.JPG","84.0"
"RS_Late.B 5375.JPG","85.0"
"RS_Late.B 5377.JPG","85.0"
"RS_Late.B 5378.JPG","85.0"
"RS_Late.B 5380.JPG","85.0"
"RS_Late.B 5381.JPG","86.0"
"RS_Late.B 5382.JPG","86.0"
"RS_Late.B 5384.JPG","86.0"
"RS_Late.B 5385.JPG","86.0"
"RS_Late.B 5387.JPG","87.0"
"RS_Late.B 5388.JPG","87.0"
"RS_Late.B 5389.JPG","87.0"
"RS_Late.B 5390.JPG","87.0"
"RS_Late.B 5391.JPG","88.0"
"RS_Late.B 5392.JPG","88.0"
"RS_Late.B 5395.JPG","88.0"
"RS_Late.B 5396.JPG","88.0"
"RS_Late.B 5397.JPG","89.0"
"RS_Late.B 5398.JPG","89.0"
"RS_Late.B 5400.JPG","89.0"
"RS_Late.B 5401.JPG","89.0"
"RS_Late.B 5404.JPG","90.0"
"RS_Late.B 5405.JPG","90.0"
"RS_Late.B 5406.JPG","90.0"
"RS_Late.B 5407.JPG","90.0"
"RS_Late.B 5409.JPG","91.0"
"RS_Late.B 5412.JPG","91.0"
"RS_Late.B 5413.JPG","91.0"
"RS_Late.B 5414.JPG","91.0"
"RS_Late.B 5417.JPG","92.0"
"RS_Late.B 5418.JPG","92.0"
"RS_Late.B 5419.JPG","92.0"
"RS_Late.B 5420.JPG","92.0"
"RS_Late.B 5421.JPG","93.0"
"RS_Late.B 5423.JPG","93.0"
"RS_Late.B 5425.JPG","93.0"
"RS_Late.B 5426.JPG","93.0"
"RS_Late.B 5432.JPG","94.0"
"RS_Late.B 5433.JPG","94.0"
"RS_Late.B 5436.JPG","94.0"
"RS_Late.B 5437.JPG","94.0"
"RS_Late.B 5439.JPG","95.0"
"RS_Late.B 5441.JPG","95.0"
"RS_Late.B 5442.JPG","95.0"
"RS_Late.B 5444.JPG","95.0"
"RS_Late.B 5447.JPG","96.0"
"RS_Late.B 5448.JPG","96.0"
"RS_Late.B 5449.JPG","96.0"
"RS_Late.B 5450.JPG","96.0"
"RS_Late.B 5452.JPG","97.0"
"RS_Late.B 5454.JPG","97.0"
"RS_Late.B 5455.JPG","97.0"
"RS_Late.B 5456.JPG","97.0"
"RS_Late.B 5457.JPG","98.0"
"RS_Late.B 5458.JPG","98.0"
"RS_Late.B 5459.JPG","98.0"
"RS_Late.B 5461.JPG","98.0"
"RS_Late.B 5463.JPG","99.0"
"RS_Late.B 5464.JPG","99.0"
"RS_Late.B 5465.JPG","99.0"
"RS_Late.B 5466.JPG","99.0"
"RS_Late.B 5478.JPG","100.0"
"RS_Late.B 5479.JPG","100.0"
"RS_Late.B 5481.JPG","100.0"
"RS_Late.B 5483.JPG","100.0"
"RS_Late.B 5485.JPG","101.0"
"RS_Late.B 5487.JPG","101.0"
"RS_Late.B 5488.JPG","101.0"
"RS_Late.B 5489.JPG","101.0"
"RS_Late.B 5490.JPG","102.0"
"RS_Late.B 5491.JPG","102.0"
"RS_Late.B 5493.JPG","102.0"
"RS_Late.B 5495.JPG","102.0"
"RS_Late.B 5496.JPG","103.0"
"RS_Late.B 5498.JPG","103.0"
"RS_Late.B 5499.JPG","103.0"
"RS_Late.B 5500.JPG","103.0"
"RS_Late.B 5519.JPG","104.0"
"RS_Late.B 5520.JPG","104.0"
"RS_Late.B 5521.JPG","104.0"
"RS_Late.B 5522.JPG","104.0"
"RS_Late.B 5530.JPG","105.0"
"RS_Late.B 5532.JPG","105.0"
"RS_Late.B 5534.JPG","105.0"
"RS_Late.B 5535.JPG","105.0"
"RS_Late.B 5537.JPG","106.0"
"RS_Late.B 5538.JPG","106.0"
"RS_Late.B 5539.JPG","106.0"
"RS_Late.B 5541.JPG","106.0"
"RS_Late.B 5542.JPG","107.0"
"RS_Late.B 5545.JPG","107.0"
"RS_Late.B 5546.JPG","107.0"
"RS_Late.B 5547.JPG","107.0"
"RS_Late.B 5556.JPG","108.0"
"RS_Late.B 5557.JPG","108.0"
"RS_Late.B 5558.JPG","108.0"
"RS_Late.B 5559.JPG","108.0"
"RS_Late.B 5560.JPG","109.0"
"RS_Late.B 5561.JPG","109.0"
"RS_Late.B 5562.JPG","109.0"
"RS_Late.B 5565.JPG","109.0"
"RS_Late.B 5567.JPG","110.0"
"RS_Late.B 5568.JPG","110.0"
"RS_Late.B 5569.JPG","110.0"
"RS_Late.B 5571.JPG","110.0"
"RS_Late.B 5572.JPG","111.0"
"RS_Late.B 5574.JPG","111.0"
"RS_Late.B 5575.JPG","111.0"
"RS_Late.B 5576.JPG","111.0"
"RS_Late.B 5578.JPG","112.0"
"RS_Late.B 5579.JPG","112.0"
"RS_Late.B 5582.JPG","112.0"
"RS_Late.B 5583.JPG","112.0"
"RS_Late.B 5584.JPG","113.0"
"RS_Late.B 5585.JPG","113.0"
"RS_Late.B 5586.JPG","113.0"
"RS_Late.B 5587.JPG","113.0"
"RS_Late.B 5589.JPG","114.0"
"RS_Late.B 5590.JPG","114.0"
"RS_Late.B 5591.JPG","114.0"
"RS_Late.B 5592.JPG","114.0"
"RS_Late.B 5593.JPG","115.0"
"RS_Late.B 5594.JPG","115.0"
"RS_Late.B 5595.JPG","115.0"
"RS_Late.B 5596.JPG","115.0"
"RS_Late.B 5599.JPG","116.0"
"RS_Late.B 5600.JPG","116.0"
"RS_Late.B 5601.JPG","116.0"
"RS_Late.B 5602.JPG","116.0"
"RS_Late.B 5604.JPG","117.0"
"RS_Late.B 5605.JPG","117.0"
"RS_Late.B 5609.JPG","117.0"
"RS_Late.B 5612.JPG","117.0"
"RS_Late.B 5614.JPG","118.0"
"RS_Late.B 5615.JPG","118.0"
"RS_Late.B 5616.JPG","118.0"
"RS_Late.B 5618.JPG","118.0"
"RS_Late.B 5626.JPG","119.0"
"RS_Late.B 5629.JPG","119.0"
"RS_Late.B 5630.JPG","119.0"
"RS_Late.B 5631.JPG","119.0"
"RS_Late.B 5633.JPG","120.0"
"RS_Late.B 5634.JPG","120.0"
"RS_Late.B 5636.JPG","120.0"
"RS_Late.B 5637.JPG","120.0"
"RS_Late.B 5983.JPG","121.0"
"RS_Late.B 5984.JPG","121.0"
"RS_Late.B 5985.JPG","121.0"
"RS_Late.B 5987.JPG","121.0"
"RS_Late.B 6023.JPG","122.0"
"RS_Late.B 6024.JPG","122.0"
"RS_Late.B 6025.JPG","122.0"
"RS_Late.B 6027.JPG","122.0"
"RS_Late.B 6028.JPG","123.0"
"RS_Late.B 6029.JPG","123.0"
"RS_Late.B 6030.JPG","123.0"
"RS_Late.B 6032.JPG","123.0"
"RS_Late.B 6034.JPG","124.0"
"RS_Late.B 6037.JPG","124.0"
"RS_Late.B 6038.JPG","124.0"
"RS_Late.B 6039.JPG","124.0"
"RS_Late.B 6041.JPG","125.0"
"RS_Late.B 6042.JPG","125.0"
"RS_Late.B 6043.JPG","125.0"
"RS_Late.B 6045.JPG","125.0"
"RS_Late.B 6048.JPG","126.0"
"RS_Late.B 6049.JPG","126.0"
"RS_Late.B 6050.JPG","126.0"
"RS_Late.B 6052.JPG","126.0"
"RS_Late.B 6061.JPG","127.0"
"RS_Late.B 6062.JPG","127.0"
"RS_Late.B 6064.JPG","127.0"
"RS_Late.B 6065.JPG","127.0"
"RS_Late.B 6067.JPG","128.0"
"RS_Late.B 6068.JPG","128.0"
"RS_Late.B 6069.JPG","128.0"
"RS_Late.B 6070.JPG","128.0"
"RS_Late.B 6074.JPG","129.0"
"RS_Late.B 6075.JPG","129.0"
"RS_Late.B 6076.JPG","129.0"
"RS_Late.B 6077.JPG","129.0"
"RS_Late.B 6079.JPG","130.0"
"RS_Late.B 6080.JPG","130.0"
"RS_Late.B 6082.JPG","130.0"
"RS_Late.B 6084.JPG","130.0"
"RS_Late.B 6085.JPG","131.0"
"RS_Late.B 6087.JPG","131.0"
"RS_Late.B 6088.JPG","131.0"
"RS_Late.B 6089.JPG","131.0"
"RS_Late.B 6096.JPG","132.0"
"RS_Late.B 6097.JPG","132.0"
"RS_Late.B 6099.JPG","132.0"
"RS_Late.B 6101.JPG","132.0"
"RS_Late.B 6113.JPG","133.0"
"RS_Late.B 6114.JPG","133.0"
"RS_Late.B 6116.JPG","133.0"
"RS_Late.B 6118.JPG","133.0"
"RS_Late.B 6119.JPG","134.0"
"RS_Late.B 6120.JPG","134.0"
"RS_Late.B 6123.JPG","134.0"
"RS_Late.B 6124.JPG","134.0"
"RS_Late.B 6125.JPG","135.0"
"RS_Late.B 6126.JPG","135.0"
"RS_Late.B 6127.JPG","135.0"
"RS_Late.B 6129.JPG","135.0"
"RS_Late.B 6131.JPG","136.0"
"RS_Late.B 6132.JPG","136.0"
"RS_Late.B 6134.JPG","136.0"
"RS_Late.B 6137.JPG","136.0"
"RS_Late.B 6138.JPG","137.0"
"RS_Late.B 6140.JPG","137.0"
"RS_Late.B 6141.JPG","137.0"
"RS_Late.B 6143.JPG","137.0"
"RS_Late.B 6144.JPG","138.0"
"RS_Late.B 6145.JPG","138.0"
"RS_Late.B 6146.JPG","138.0"
"RS_Late.B 6149.JPG","138.0"
"RS_Late.B 6157.JPG","139.0"
"RS_Late.B 6159.JPG","139.0"
"RS_Late.B 6161.JPG","139.0"
"RS_Late.B 6162.JPG","139.0"
"RS_Late.B 6166.JPG","140.0"
"RS_Late.B 6167.JPG","140.0"
"RS_Late.B 6168.JPG","140.0"
"RS_Late.B 6170.JPG","140.0"
"RS_Late.B 6172.JPG","141.0"
"RS_Late.B 6173.JPG","141.0"
"RS_Late.B 6175.JPG","141.0"
"RS_Late.B 6176.JPG","141.0"
"RS_Late.B 6177.JPG","142.0"
"RS_Late.B 6179.JPG","142.0"
"RS_Late.B 6181.JPG","142.0"
"RS_Late.B 6183.JPG","142.0"
"RS_Late.B 6191.JPG","143.0"
"RS_Late.B 6192.JPG","143.0"
"RS_Late.B 6193.JPG","143.0"
"RS_Late.B 6195.JPG","143.0"
"RS_Late.B 6196.JPG","144.0"
"RS_Late.B 6197.JPG","144.0"
"RS_Late.B 6199.JPG","144.0"
"RS_Late.B 6202.JPG","144.0"
"RS_Late.B 6204.JPG","145.0"
"RS_Late.B 6206.JPG","145.0"
"RS_Late.B 6207.JPG","145.0"
"RS_Late.B 6208.JPG","145.0"
"RS_Late.B 6215.JPG","146.0"
"RS_Late.B 6216.JPG","146.0"
"RS_Late.B 6220.JPG","146.0"
"RS_Late.B 6221.JPG","146.0"
"RS_Late.B 6222.JPG","147.0"
"RS_Late.B 6223.JPG","147.0"
"RS_Late.B 6227.JPG","147.0"
"RS_Late.B 6228.JPG","147.0"
"RS_Late.B 6229.JPG","148.0"
"RS_Late.B 6230.JPG","148.0"
"RS_Late.B 6231.JPG","148.0"
"RS_Late.B 6233.JPG","148.0"
"RS_Late.B 6243.JPG","149.0"
"RS_Late.B 6245.JPG","149.0"
"RS_Late.B 6248.JPG","149.0"
"RS_Late.B 6249.JPG","149.0"
"RS_Late.B 6253.JPG","150.0"
"RS_Late.B 6255.JPG","150.0"
"RS_Late.B 6257.JPG","150.0"
"RS_Late.B 6258.JPG","150.0"
"RS_Late.B 6260.JPG","151.0"
"RS_Late.B 6261.JPG","151.0"
"RS_Late.B 6263.JPG","151.0"
"RS_Late.B 6265.JPG","151.0"
"RS_Late.B 6266.JPG","152.0"
"RS_Late.B 6268.JPG","152.0"
"RS_Late.B 6269.JPG","152.0"
"RS_Late.B 6271.JPG","152.0"
"RS_Late.B 6272.JPG","153.0"
"RS_Late.B 6276.JPG","153.0"
"RS_Late.B 6277.JPG","153.0"
"RS_Late.B 6278.JPG","153.0"
"RS_Late.B 6279.JPG","154.0"
"RS_Late.B 6281.JPG","154.0"
"RS_Late.B 6282.JPG","154.0"
"RS_Late.B 6284.JPG","154.0"
"RS_Late.B 6285.JPG","155.0"
"RS_Late.B 6287.JPG","155.0"
"RS_Late.B 6289.JPG","155.0"
"RS_Late.B 6290.JPG","155.0"
"RS_Late.B 6291.JPG","156.0"
"RS_Late.B 6292.JPG","156.0"
"RS_Late.B 6293.JPG","156.0"
"RS_Late.B 6296.JPG","156.0"
"RS_Late.B 6311.JPG","157.0"
"RS_Late.B 6312.JPG","157.0"
"RS_Late.B 6314.JPG","157.0"
"RS_Late.B 6316.JPG","157.0"
"RS_Late.B 6319.JPG","158.0"
"RS_Late.B 6320.JPG","158.0"
"RS_Late.B 6323.JPG","158.0"
"RS_Late.B 6324.JPG","158.0"
"RS_Late.B 6343.JPG","159.0"
"RS_Late.B 6345.JPG","159.0"
"RS_Late.B 6347.JPG","159.0"
"RS_Late.B 6349.JPG","159.0"
"RS_Late.B 6350.JPG","160.0"
"RS_Late.B 6353.JPG","160.0"
"RS_Late.B 6356.JPG","160.0"
"RS_Late.B 6357.JPG","160.0"
"RS_Late.B 6360.JPG","161.0"
"RS_Late.B 6362.JPG","161.0"
"RS_Late.B 6363.JPG","161.0"
"RS_Late.B 6365.JPG","161.0"
"RS_Late.B 6367.JPG","162.0"
"RS_Late.B 6368.JPG","162.0"
"RS_Late.B 6371.JPG","162.0"
"RS_Late.B 6372.JPG","162.0"
"RS_Late.B 6399.JPG","163.0"
"RS_Late.B 6401.JPG","163.0"
"RS_Late.B 6403.JPG","163.0"
"RS_Late.B 6405.JPG","163.0"
"RS_Late.B 6414.JPG","164.0"
"RS_Late.B 6416.JPG","164.0"
"RS_Late.B 6417.JPG","164.0"
"RS_Late.B 6419.JPG","164.0"
"RS_Late.B 6424.JPG","165.0"
"RS_Late.B 6425.JPG","165.0"
"RS_Late.B 6426.JPG","165.0"
"RS_Late.B 6430.JPG","165.0"
"RS_Late.B 6434.JPG","166.0"
"RS_Late.B 6437.JPG","166.0"
"RS_Late.B 6439.JPG","166.0"
"RS_Late.B 6443.JPG","166.0"
"RS_Late.B 6444.JPG","167.0"
"RS_Late.B 6449.JPG","167.0"
"RS_Late.B 6450.JPG","167.0"
"RS_Late.B 6451.JPG","167.0"
"RS_Late.B 6454.JPG","168.0"
"RS_Late.B 6455.JPG","168.0"
"RS_Late.B 6458.JPG","168.0"
"RS_Late.B 6461.JPG","168.0"
"RS_Late.B 6462.JPG","169.0"
"RS_Late.B 6464.JPG","169.0"
"RS_Late.B 6465.JPG","169.0"
"RS_Late.B 6470.JPG","169.0"
"RS_Late.B 6481.JPG","170.0"
"RS_Late.B 6486.JPG","170.0"
"RS_Late.B 6487.JPG","170.0"
"RS_Late.B 6488.JPG","170.0"
"RS_Late.B 6490.JPG","171.0"
"RS_Late.B 6495.JPG","171.0"
"RS_Late.B 6496.JPG","171.0"
"RS_Late.B 6497.JPG","171.0"
"RS_Late.B 6498.JPG","172.0"
"RS_Late.B 6501.JPG","172.0"
"RS_Late.B 6502.JPG","172.0"
"RS_Late.B 6506.JPG","172.0"
"RS_Late.B 6536.JPG","173.0"
"RS_Late.B 6541.JPG","173.0"
"RS_Late.B 6542.JPG","173.0"
"RS_Late.B 6545.JPG","173.0"
"RS_Late.B 6546.JPG","174.0"
"RS_Late.B 6547.JPG","174.0"
"RS_Late.B 6548.JPG","174.0"
"RS_Late.B 6555.JPG","174.0"
"RS_Late.B 6569.JPG","175.0"
"RS_Late.B 6571.JPG","175.0"
"RS_Late.B 6574.JPG","175.0"
"RS_Late.B 6577.JPG","175.0"
"RS_Late.B 6581.JPG","176.0"
"RS_Late.B 6586.JPG","176.0"
"RS_Late.B 6587.JPG","176.0"
"RS_Late.B 6588.JPG","176.0"
"RS_Late.B 6590.JPG","177.0"
"RS_Late.B 6591.JPG","177.0"
"RS_Late.B 6595.JPG","177.0"
"RS_Late.B 6596.JPG","177.0"
"RS_Late.B 6597.JPG","178.0"
"RS_Late.B 6600.JPG","178.0"
"RS_Late.B 6603.JPG","178.0"
"RS_Late.B 6605.JPG","178.0"
"RS_Late.B 6616.JPG","179.0"
"RS_Late.B 6617.JPG","179.0"
"RS_Late.B 6621.JPG","179.0"
"RS_Late.B 6624.JPG","179.0"
"RS_Late.B 6628.JPG","180.0"
"RS_Late.B 6629.JPG","180.0"
"RS_Late.B 6630.JPG","180.0"
"RS_Late.B 6633.JPG","180.0"
"RS_Late.B 6640.JPG","181.0"
"RS_Late.B 6641.JPG","181.0"
"RS_Late.B 6642.JPG","181.0"
"RS_Late.B 6650.JPG","181.0"
"RS_Late.B 6651.JPG","182.0"
"RS_Late.B 6652.JPG","182.0"
"RS_Late.B 6654.JPG","182.0"
"RS_Late.B 6660.JPG","182.0"
"RS_Late.B 6670.JPG","183.0"
"RS_Late.B 6671.JPG","183.0"
"RS_Late.B 6672.JPG","183.0"
"RS_Late.B 6678.JPG","183.0"
"RS_Late.B 6684.JPG","184.0"
"RS_Late.B 6686.JPG","184.0"
"RS_Late.B 6687.JPG","184.0"
"RS_Late.B 6688.JPG","184.0"
"RS_Late.B 6707.JPG","185.0"
"RS_Late.B 6711.JPG","185.0"
"RS_Late.B 6712.JPG","185.0"
"RS_Late.B 6713.JPG","185.0"
"RS_Late.B 6714.JPG","186.0"
"RS_Late.B 6715.JPG","186.0"
"RS_Late.B 6717.JPG","186.0"
"RS_Late.B 6718.JPG","186.0"
"RS_Late.B 6721.JPG","187.0"
"RS_Late.B 6723.JPG","187.0"
"RS_Late.B 6724.JPG","187.0"
"RS_Late.B 6725.JPG","187.0"
"RS_Late.B 6740.JPG","188.0"
"RS_Late.B 6742.JPG","188.0"
"RS_Late.B 6745.JPG","188.0"
"RS_Late.B 6746.JPG","188.0"
"RS_Late.B 6754.JPG","189.0"
"RS_Late.B 6756.JPG","189.0"
"RS_Late.B 6757.JPG","189.0"
"RS_Late.B 6758.JPG","189.0"
"RS_Late.B 6768.JPG","190.0"
"RS_Late.B 6771.JPG","190.0"
"RS_Late.B 6773.JPG","190.0"
"RS_Late.B 6774.JPG","190.0"
"RS_Late.B 6775.JPG","191.0"
"RS_Late.B 6777.JPG","191.0"
"RS_Late.B 6779.JPG","191.0"
"RS_Late.B 6781.JPG","191.0"
"RS_Late.B 6785.JPG","192.0"
"RS_Late.B 6786.JPG","192.0"
"RS_Late.B 6787.JPG","192.0"
"RS_Late.B 6789.JPG","192.0"
"RS_Late.B 6795.JPG","193.0"
"RS_Late.B 6798.JPG","193.0"
"RS_Late.B 6800.JPG","193.0"
"RS_Late.B 6801.JPG","193.0"
"RS_Late.B 6802.JPG","194.0"
"RS_Late.B 6804.JPG","194.0"
"RS_Late.B 6805.JPG","194.0"
"RS_Late.B 6810.JPG","194.0"
"RS_Late.B 6816.JPG","195.0"
"RS_Late.B 6817.JPG","195.0"
"RS_Late.B 6818.JPG","195.0"
"RS_Late.B 6819.JPG","195.0"
"RS_Late.B 6825.JPG","196.0"
"RS_Late.B 6826.JPG","196.0"
"RS_Late.B 6828.JPG","196.0"
"RS_Late.B 6830.JPG","196.0"
"RS_Late.B 6851.JPG","197.0"
"RS_Late.B 6854.JPG","197.0"
"RS_Late.B 6856.JPG","197.0"
"RS_Late.B 6857.JPG","197.0"
"RS_Late.B 6868.JPG","198.0"
"RS_Late.B 6869.JPG","198.0"
"RS_Late.B 6870.JPG","198.0"
"RS_Late.B 6872.JPG","198.0"
"RS_Late.B 6874.JPG","199.0"
"RS_Late.B 6875.JPG","199.0"
"RS_Late.B 6876.JPG","199.0"
"RS_Late.B 6878.JPG","199.0"
"RS_Late.B 6881.JPG","200.0"
"RS_Late.B 6883.JPG","200.0"
"RS_Late.B 6884.JPG","200.0"
"RS_Late.B 6885.JPG","200.0"
"RS_Late.B 6886.JPG","201.0"
"RS_Late.B 6887.JPG","201.0"
"RS_Late.B 6888.JPG","201.0"
"RS_Late.B 6890.JPG","201.0"
"RS_Late.B 6901.JPG","202.0"
"RS_Late.B 6902.JPG","202.0"
"RS_Late.B 6903.JPG","202.0"
"RS_Late.B 6904.JPG","202.0"
"RS_Late.B 6906.JPG","203.0"
"RS_Late.B 6907.JPG","203.0"
"RS_Late.B 6908.JPG","203.0"
"RS_Late.B 6909.JPG","203.0"
"RS_Late.B 6912.JPG","204.0"
"RS_Late.B 6913.JPG","204.0"
"RS_Late.B 6914.JPG","204.0"
"RS_Late.B 6918.JPG","204.0"
"RS_Late.B 6926.JPG","205.0"
"RS_Late.B 6928.JPG","205.0"
"RS_Late.B 6932.JPG","205.0"
"RS_Late.B 6933.JPG","205.0"
"RS_Late.B 6934.JPG","206.0"
"RS_Late.B 6936.JPG","206.0"
"RS_Late.B 6938.JPG","206.0"
"RS_Late.B 6939.JPG","206.0"
"RS_Late.B 6956.JPG","207.0"
"RS_Late.B 6957.JPG","207.0"
"RS_Late.B 6958.JPG","207.0"
"RS_Late.B 6961.JPG","207.0"
"RS_Late.B 6962.JPG","208.0"
"RS_Late.B 6968.JPG","208.0"
"RS_Late.B 6969.JPG","208.0"
"RS_Late.B 6970.JPG","208.0"
"RS_Late.B 6972.JPG","209.0"
"RS_Late.B 6973.JPG","209.0"
"RS_Late.B 6974.JPG","209.0"
"RS_Late.B 6979.JPG","209.0"
"RS_Late.B 6981.JPG","210.0"
"RS_Late.B 6984.JPG","210.0"
"RS_Late.B 6985.JPG","210.0"
"RS_Late.B 6986.JPG","210.0"
"RS_Late.B 6993.JPG","211.0"
"RS_Late.B 6995.JPG","211.0"
"RS_Late.B 6996.JPG","211.0"
"RS_Late.B 6997.JPG","211.0"
"RS_Late.B 6999.JPG","212.0"
"RS_Late.B 7002.JPG","212.0"
"RS_Late.B 7003.JPG","212.0"
"RS_Late.B 7004.JPG","212.0"
"RS_Late.B 7005.JPG","213.0"
"RS_Late.B 7006.JPG","213.0"
"RS_Late.B 7009.JPG","213.0"
"RS_Late.B 7010.JPG","213.0"
"RS_Late.B 7029.JPG","214.0"
"RS_Late.B 7032.JPG","214.0"
"RS_Late.B 7036.JPG","214.0"
"RS_Late.B 7038.JPG","214.0"
"RS_Late.B 7040.JPG","215.0"
"RS_Late.B 7043.JPG","215.0"
"RS_Late.B 7044.JPG","215.0"
"RS_Late.B 7048.JPG","215.0"
"RS_Late.B 7049.JPG","216.0"
"RS_Late.B 7050.JPG","216.0"
"RS_Late.B 7051.JPG","216.0"
"RS_Late.B 7055.JPG","216.0"
"RS_Late.B 7057.JPG","217.0"
"RS_Late.B 7059.JPG","217.0"
"RS_Late.B 7061.JPG","217.0"
"RS_Late.B 7063.JPG","217.0"
"RS_Late.B 7064.JPG","218.0"
"RS_Late.B 7065.JPG","218.0"
"RS_Late.B 7066.JPG","218.0"
"RS_Late.B 7069.JPG","218.0"
"RS_Late.B 7070.JPG","219.0"
"RS_Late.B 7075.JPG","219.0"
"RS_Late.B 7077.JPG","219.0"
"RS_Late.B 7079.JPG","219.0"
"RS_Late.B 7080.JPG","220.0"
"RS_Late.B 7081.JPG","220.0"
"RS_Late.B 7086.JPG","220.0"
"RS_Late.B 7088.JPG","220.0"
"RS_Late.B 7089.JPG","221.0"
"RS_Late.B 7093.JPG","221.0"
"RS_Late.B 7094.JPG","221.0"
"RS_Late.B 7095.JPG","221.0"
"RS_Late.B 7097.JPG","222.0"
"RS_Late.B 7098.JPG","222.0"
"RS_Late.B 7100.JPG","222.0"
"RS_Late.B 7102.JPG","222.0"
"RS_Late.B 7104.JPG","223.0"
"RS_Late.B 7105.JPG","223.0"
"RS_Late.B 7108.JPG","223.0"
"RS_Late.B 7109.JPG","223.0"
"RS_Late.B 7111.JPG","224.0"
"RS_Late.B 7114.JPG","224.0"
"RS_Late.B 7115.JPG","224.0"
"RS_Late.B 7116.JPG","224.0"
"RS_Late.B 7123.JPG","225.0"
"RS_Late.B 7126.JPG","225.0"
"RS_Late.B 7127.JPG","225.0"
"RS_Late.B 7128.JPG","225.0"
"RS_Late.B 7131.JPG","226.0"
"RS_Late.B 7132.JPG","226.0"
"RS_Late.B 7134.JPG","226.0"
"RS_Late.B 7135.JPG","226.0"
"RS_Late.B 7139.JPG","227.0"
"RS_Late.B 7140.JPG","227.0"
"RS_Late.B 7141.JPG","227.0"
"RS_Late.B 7142.JPG","227.0"
"RS_Late.B 7143.JPG","228.0"
"RS_Late.B 7146.JPG","228.0"
"RS_Late.B 7147.JPG","228.0"
"RS_Late.B 7149.JPG","228.0"
"RS_Late.B 7157.JPG","229.0"
"RS_Late.B 7158.JPG","229.0"
"RS_Late.B 7161.JPG","229.0"
"RS_Late.B 7162.JPG","229.0"
"RS_Late.B 7191.JPG","230.0"
"RS_Late.B 7192.JPG","230.0"
"RS_Late.B 7193.JPG","230.0"
"RS_Late.B 7194.JPG","230.0"
