"File Name","Leaf #"
"YLCV_GCREC 1895.JPG","1.0"
"YLCV_GCREC 1896.JPG","1.0"
"YLCV_GCREC 1897.JPG","1.0"
"YLCV_GCREC 1898.JPG","1.0"
"YLCV_GCREC 1899.JPG","2.0"
"YLCV_GCREC 1900.JPG","2.0"
"YLCV_GCREC 1901.JPG","2.0"
"YLCV_GCREC 1902.JPG","2.0"
"YLCV_GCREC 1903.JPG","3.0"
"YLCV_GCREC 1904.JPG","3.0"
"YLCV_GCREC 1905.JPG","3.0"
"YLCV_GCREC 1906.JPG","3.0"
"YLCV_GCREC 1907.JPG","4.0"
"YLCV_GCREC 1908.JPG","4.0"
"YLCV_GCREC 1909.JPG","4.0"
"YLCV_GCREC 1910.JPG","4.0"
"YLCV_GCREC 1911.JPG","5.0"
"YLCV_GCREC 1912.JPG","5.0"
"YLCV_GCREC 1913.JPG","5.0"
"YLCV_GCREC 1914.JPG","5.0"
"YLCV_GCREC 1915.JPG","6.0"
"YLCV_GCREC 1916.JPG","6.0"
"YLCV_GCREC 1917.JPG","6.0"
"YLCV_GCREC 1918.JPG","6.0"
"YLCV_GCREC 1919.JPG","7.0"
"YLCV_GCREC 1920.JPG","7.0"
"YLCV_GCREC 1921.JPG","7.0"
"YLCV_GCREC 1922.JPG","7.0"
"YLCV_GCREC 1923.JPG","8.0"
"YLCV_GCREC 1924.JPG","8.0"
"YLCV_GCREC 1925.JPG","8.0"
"YLCV_GCREC 1926.JPG","8.0"
"YLCV_GCREC 1927.JPG","9.0"
"YLCV_GCREC 1928.JPG","9.0"
"YLCV_GCREC 1929.JPG","9.0"
"YLCV_GCREC 1930.JPG","9.0"
"YLCV_GCREC 1931.JPG","10.0"
"YLCV_GCREC 1932.JPG","10.0"
"YLCV_GCREC 1933.JPG","10.0"
"YLCV_GCREC 1934.JPG","10.0"
"YLCV_GCREC 1935.JPG","11.0"
"YLCV_GCREC 1936.JPG","11.0"
"YLCV_GCREC 1937.JPG","11.0"
"YLCV_GCREC 1938.JPG","11.0"
"YLCV_GCREC 1939.JPG","12.0"
"YLCV_GCREC 1940.JPG","12.0"
"YLCV_GCREC 1941.JPG","12.0"
"YLCV_GCREC 1942.JPG","12.0"
"YLCV_GCREC 1943.JPG","13.0"
"YLCV_GCREC 1944.JPG","13.0"
"YLCV_GCREC 1945.JPG","13.0"
"YLCV_GCREC 1946.JPG","13.0"
"YLCV_GCREC 1947.JPG","14.0"
"YLCV_GCREC 1948.JPG","14.0"
"YLCV_GCREC 1949.JPG","14.0"
"YLCV_GCREC 1950.JPG","14.0"
"YLCV_GCREC 1951.JPG","15.0"
"YLCV_GCREC 1952.JPG","15.0"
"YLCV_GCREC 1953.JPG","15.0"
"YLCV_GCREC 1954.JPG","15.0"
"YLCV_GCREC 1955.JPG","16.0"
"YLCV_GCREC 1956.JPG","16.0"
"YLCV_GCREC 1957.JPG","16.0"
"YLCV_GCREC 1958.JPG","16.0"
"YLCV_GCREC 1959.JPG","17.0"
"YLCV_GCREC 1960.JPG","17.0"
"YLCV_GCREC 1961.JPG","17.0"
"YLCV_GCREC 1962.JPG","17.0"
"YLCV_GCREC 1963.JPG","18.0"
"YLCV_GCREC 1964.JPG","18.0"
"YLCV_GCREC 1965.JPG","18.0"
"YLCV_GCREC 1966.JPG","18.0"
"YLCV_GCREC 1967.JPG","19.0"
"YLCV_GCREC 1968.JPG","19.0"
"YLCV_GCREC 1969.JPG","19.0"
"YLCV_GCREC 1970.JPG","19.0"
"YLCV_GCREC 1971.JPG","20.0"
"YLCV_GCREC 1972.JPG","20.0"
"YLCV_GCREC 1973.JPG","20.0"
"YLCV_GCREC 1974.JPG","20.0"
"YLCV_GCREC 1975.JPG","21.0"
"YLCV_GCREC 1976.JPG","21.0"
"YLCV_GCREC 1977.JPG","21.0"
"YLCV_GCREC 1978.JPG","21.0"
"YLCV_GCREC 1979.JPG","22.0"
"YLCV_GCREC 1980.JPG","22.0"
"YLCV_GCREC 1981.JPG","22.0"
"YLCV_GCREC 1982.JPG","22.0"
"YLCV_GCREC 1983.JPG","23.0"
"YLCV_GCREC 1984.JPG","23.0"
"YLCV_GCREC 1985.JPG","23.0"
"YLCV_GCREC 1986.JPG","23.0"
"YLCV_GCREC 1987.JPG","24.0"
"YLCV_GCREC 1988.JPG","24.0"
"YLCV_GCREC 1989.JPG","24.0"
"YLCV_GCREC 1990.JPG","24.0"
"YLCV_GCREC 1991.JPG","25.0"
"YLCV_GCREC 1992.JPG","25.0"
"YLCV_GCREC 1993.JPG","25.0"
"YLCV_GCREC 1994.JPG","25.0"
"YLCV_GCREC 1995.JPG","26.0"
"YLCV_GCREC 1996.JPG","26.0"
"YLCV_GCREC 1997.JPG","26.0"
"YLCV_GCREC 1998.JPG","26.0"
"YLCV_GCREC 1999.JPG","27.0"
"YLCV_GCREC 2000.JPG","27.0"
"YLCV_GCREC 2001.JPG","27.0"
"YLCV_GCREC 2002.JPG","27.0"
"YLCV_GCREC 2003.JPG","28.0"
"YLCV_GCREC 2004.JPG","28.0"
"YLCV_GCREC 2005.JPG","28.0"
"YLCV_GCREC 2006.JPG","28.0"
"YLCV_GCREC 2007.JPG","29.0"
"YLCV_GCREC 2008.JPG","29.0"
"YLCV_GCREC 2009.JPG","29.0"
"YLCV_GCREC 2010.JPG","29.0"
"YLCV_GCREC 2011.JPG","30.0"
"YLCV_GCREC 2012.JPG","30.0"
"YLCV_GCREC 2013.JPG","30.0"
"YLCV_GCREC 2014.JPG","30.0"
"YLCV_GCREC 2015.JPG","31.0"
"YLCV_GCREC 2016.JPG","31.0"
"YLCV_GCREC 2017.JPG","31.0"
"YLCV_GCREC 2018.JPG","31.0"
"YLCV_GCREC 2019.JPG","32.0"
"YLCV_GCREC 2020.JPG","32.0"
"YLCV_GCREC 2021.JPG","32.0"
"YLCV_GCREC 2022.JPG","32.0"
"YLCV_GCREC 2023.JPG","33.0"
"YLCV_GCREC 2024.JPG","33.0"
"YLCV_GCREC 2025.JPG","33.0"
"YLCV_GCREC 2026.JPG","33.0"
"YLCV_GCREC 2027.JPG","34.0"
"YLCV_GCREC 2028.JPG","34.0"
"YLCV_GCREC 2029.JPG","34.0"
"YLCV_GCREC 2030.JPG","34.0"
"YLCV_GCREC 2031.JPG","35.0"
"YLCV_GCREC 2032.JPG","35.0"
"YLCV_GCREC 2033.JPG","35.0"
"YLCV_GCREC 2034.JPG","35.0"
"YLCV_GCREC 2035.JPG","36.0"
"YLCV_GCREC 2036.JPG","36.0"
"YLCV_GCREC 2037.JPG","36.0"
"YLCV_GCREC 2038.JPG","36.0"
"YLCV_GCREC 2039.JPG","37.0"
"YLCV_GCREC 2040.JPG","37.0"
"YLCV_GCREC 2041.JPG","37.0"
"YLCV_GCREC 2042.JPG","37.0"
"YLCV_GCREC 2043.JPG","38.0"
"YLCV_GCREC 2044.JPG","38.0"
"YLCV_GCREC 2045.JPG","38.0"
"YLCV_GCREC 2046.JPG","38.0"
"YLCV_GCREC 2047.JPG","39.0"
"YLCV_GCREC 2048.JPG","39.0"
"YLCV_GCREC 2049.JPG","39.0"
"YLCV_GCREC 2050.JPG","39.0"
"YLCV_GCREC 2052.JPG","40.0"
"YLCV_GCREC 2053.JPG","40.0"
"YLCV_GCREC 2054.JPG","40.0"
"YLCV_GCREC 2055.JPG","40.0"
"YLCV_GCREC 2056.JPG","41.0"
"YLCV_GCREC 2057.JPG","41.0"
"YLCV_GCREC 2058.JPG","41.0"
"YLCV_GCREC 2059.JPG","41.0"
"YLCV_GCREC 2060.JPG","42.0"
"YLCV_GCREC 2061.JPG","42.0"
"YLCV_GCREC 2062.JPG","42.0"
"YLCV_GCREC 2063.JPG","42.0"
"YLCV_GCREC 2064.JPG","43.0"
"YLCV_GCREC 2065.JPG","43.0"
"YLCV_GCREC 2066.JPG","43.0"
"YLCV_GCREC 2067.JPG","43.0"
"YLCV_GCREC 2068.JPG","44.0"
"YLCV_GCREC 2069.JPG","44.0"
"YLCV_GCREC 2070.JPG","44.0"
"YLCV_GCREC 2071.JPG","44.0"
"YLCV_GCREC 2072.JPG","45.0"
"YLCV_GCREC 2073.JPG","45.0"
"YLCV_GCREC 2075.JPG","45.0"
"YLCV_GCREC 2076.JPG","45.0"
"YLCV_GCREC 2077.JPG","46.0"
"YLCV_GCREC 2078.JPG","46.0"
"YLCV_GCREC 2079.JPG","46.0"
"YLCV_GCREC 2080.JPG","46.0"
"YLCV_GCREC 2081.JPG","47.0"
"YLCV_GCREC 2082.JPG","47.0"
"YLCV_GCREC 2083.JPG","47.0"
"YLCV_GCREC 2084.JPG","47.0"
"YLCV_GCREC 2085.JPG","48.0"
"YLCV_GCREC 2086.JPG","48.0"
"YLCV_GCREC 2087.JPG","48.0"
"YLCV_GCREC 2088.JPG","48.0"
"YLCV_GCREC 2089.JPG","49.0"
"YLCV_GCREC 2090.JPG","49.0"
"YLCV_GCREC 2091.JPG","49.0"
"YLCV_GCREC 2092.JPG","49.0"
"YLCV_GCREC 2093.JPG","50.0"
"YLCV_GCREC 2094.JPG","50.0"
"YLCV_GCREC 2095.JPG","50.0"
"YLCV_GCREC 2096.JPG","50.0"
"YLCV_GCREC 2097.JPG","51.0"
"YLCV_GCREC 2098.JPG","51.0"
"YLCV_GCREC 2099.JPG","51.0"
"YLCV_GCREC 2100.JPG","51.0"
"YLCV_GCREC 2101.JPG","52.0"
"YLCV_GCREC 2102.JPG","52.0"
"YLCV_GCREC 2103.JPG","52.0"
"YLCV_GCREC 2104.JPG","52.0"
"YLCV_GCREC 2105.JPG","53.0"
"YLCV_GCREC 2106.JPG","53.0"
"YLCV_GCREC 2107.JPG","53.0"
"YLCV_GCREC 2108.JPG","53.0"
"YLCV_GCREC 2109.JPG","54.0"
"YLCV_GCREC 2110.JPG","54.0"
"YLCV_GCREC 2111.JPG","54.0"
"YLCV_GCREC 2112.JPG","54.0"
"YLCV_GCREC 2113.JPG","55.0"
"YLCV_GCREC 2114.JPG","55.0"
"YLCV_GCREC 2115.JPG","55.0"
"YLCV_GCREC 2116.JPG","55.0"
"YLCV_GCREC 2117.JPG","56.0"
"YLCV_GCREC 2118.JPG","56.0"
"YLCV_GCREC 2119.JPG","56.0"
"YLCV_GCREC 2120.JPG","56.0"
"YLCV_GCREC 2121.JPG","57.0"
"YLCV_GCREC 2122.JPG","57.0"
"YLCV_GCREC 2123.JPG","57.0"
"YLCV_GCREC 2124.JPG","57.0"
"YLCV_GCREC 2125.JPG","58.0"
"YLCV_GCREC 2126.JPG","58.0"
"YLCV_GCREC 2127.JPG","58.0"
"YLCV_GCREC 2128.JPG","58.0"
"YLCV_GCREC 2129.JPG","59.0"
"YLCV_GCREC 2130.JPG","59.0"
"YLCV_GCREC 2131.JPG","59.0"
"YLCV_GCREC 2132.JPG","59.0"
"YLCV_GCREC 2133.JPG","60.0"
"YLCV_GCREC 2134.JPG","60.0"
"YLCV_GCREC 2135.JPG","60.0"
"YLCV_GCREC 2136.JPG","60.0"
"YLCV_GCREC 2137.JPG","61.0"
"YLCV_GCREC 2138.JPG","61.0"
"YLCV_GCREC 2139.JPG","61.0"
"YLCV_GCREC 2140.JPG","61.0"
"YLCV_GCREC 2141.JPG","62.0"
"YLCV_GCREC 2142.JPG","62.0"
"YLCV_GCREC 2143.JPG","62.0"
"YLCV_GCREC 2144.JPG","62.0"
"YLCV_GCREC 2145.JPG","63.0"
"YLCV_GCREC 2146.JPG","63.0"
"YLCV_GCREC 2147.JPG","63.0"
"YLCV_GCREC 2148.JPG","63.0"
"YLCV_GCREC 2149.JPG","64.0"
"YLCV_GCREC 2150.JPG","64.0"
"YLCV_GCREC 2151.JPG","64.0"
"YLCV_GCREC 2152.JPG","64.0"
"YLCV_GCREC 2153.JPG","65.0"
"YLCV_GCREC 2154.JPG","65.0"
"YLCV_GCREC 2155.JPG","65.0"
"YLCV_GCREC 2156.JPG","65.0"
"YLCV_GCREC 2157.JPG","66.0"
"YLCV_GCREC 2158.JPG","66.0"
"YLCV_GCREC 2159.JPG","66.0"
"YLCV_GCREC 2160.JPG","66.0"
"YLCV_GCREC 2161.JPG","67.0"
"YLCV_GCREC 2162.JPG","67.0"
"YLCV_GCREC 2163.JPG","67.0"
"YLCV_GCREC 2164.JPG","67.0"
"YLCV_GCREC 2165.JPG","68.0"
"YLCV_GCREC 2166.JPG","68.0"
"YLCV_GCREC 2167.JPG","68.0"
"YLCV_GCREC 2168.JPG","68.0"
"YLCV_GCREC 2169.JPG","69.0"
"YLCV_GCREC 2170.JPG","69.0"
"YLCV_GCREC 2171.JPG","69.0"
"YLCV_GCREC 2172.JPG","69.0"
"YLCV_GCREC 2173.JPG","70.0"
"YLCV_GCREC 2174.JPG","70.0"
"YLCV_GCREC 2175.JPG","70.0"
"YLCV_GCREC 2176.JPG","70.0"
"YLCV_GCREC 2177.JPG","71.0"
"YLCV_GCREC 2178.JPG","71.0"
"YLCV_GCREC 2179.JPG","71.0"
"YLCV_GCREC 2180.JPG","71.0"
"YLCV_GCREC 2181.JPG","72.0"
"YLCV_GCREC 2182.JPG","72.0"
"YLCV_GCREC 2183.JPG","72.0"
"YLCV_GCREC 2184.JPG","72.0"
"YLCV_GCREC 2185.JPG","73.0"
"YLCV_GCREC 2186.JPG","73.0"
"YLCV_GCREC 2187.JPG","73.0"
"YLCV_GCREC 2188.JPG","73.0"
"YLCV_GCREC 2189.JPG","74.0"
"YLCV_GCREC 2190.JPG","74.0"
"YLCV_GCREC 2191.JPG","74.0"
"YLCV_GCREC 2192.JPG","74.0"
"YLCV_GCREC 2193.JPG","75.0"
"YLCV_GCREC 2194.JPG","75.0"
"YLCV_GCREC 2195.JPG","75.0"
"YLCV_GCREC 2196.JPG","75.0"
"YLCV_GCREC 2197.JPG","76.0"
"YLCV_GCREC 2198.JPG","76.0"
"YLCV_GCREC 2199.JPG","76.0"
"YLCV_GCREC 2200.JPG","76.0"
"YLCV_GCREC 2201.JPG","77.0"
"YLCV_GCREC 2202.JPG","77.0"
"YLCV_GCREC 2203.JPG","77.0"
"YLCV_GCREC 2204.JPG","77.0"
"YLCV_GCREC 2205.JPG","78.0"
"YLCV_GCREC 2206.JPG","78.0"
"YLCV_GCREC 2207.JPG","78.0"
"YLCV_GCREC 2208.JPG","78.0"
"YLCV_GCREC 2209.JPG","79.0"
"YLCV_GCREC 2210.JPG","79.0"
"YLCV_GCREC 2211.JPG","79.0"
"YLCV_GCREC 2212.JPG","79.0"
"YLCV_GCREC 2213.JPG","80.0"
"YLCV_GCREC 2214.JPG","80.0"
"YLCV_GCREC 2215.JPG","80.0"
"YLCV_GCREC 2216.JPG","80.0"
"YLCV_GCREC 2217.JPG","81.0"
"YLCV_GCREC 2218.JPG","81.0"
"YLCV_GCREC 2219.JPG","81.0"
"YLCV_GCREC 2220.JPG","81.0"
"YLCV_GCREC 2221.JPG","82.0"
"YLCV_GCREC 2222.JPG","82.0"
"YLCV_GCREC 2223.JPG","82.0"
"YLCV_GCREC 2224.JPG","82.0"
"YLCV_GCREC 2225.JPG","83.0"
"YLCV_GCREC 2226.JPG","83.0"
"YLCV_GCREC 2227.JPG","83.0"
"YLCV_GCREC 2228.JPG","83.0"
"YLCV_GCREC 2229.JPG","84.0"
"YLCV_GCREC 2230.JPG","84.0"
"YLCV_GCREC 2231.JPG","84.0"
"YLCV_GCREC 2232.JPG","84.0"
"YLCV_GCREC 2233.JPG","85.0"
"YLCV_GCREC 2234.JPG","85.0"
"YLCV_GCREC 2235.JPG","85.0"
"YLCV_GCREC 2236.JPG","85.0"
"YLCV_GCREC 2237.JPG","86.0"
"YLCV_GCREC 2238.JPG","86.0"
"YLCV_GCREC 2239.JPG","86.0"
"YLCV_GCREC 2240.JPG","86.0"
"YLCV_GCREC 2241.JPG","87.0"
"YLCV_GCREC 2242.JPG","87.0"
"YLCV_GCREC 2243.JPG","87.0"
"YLCV_GCREC 2244.JPG","87.0"
"YLCV_GCREC 2245.JPG","88.0"
"YLCV_GCREC 2246.JPG","88.0"
"YLCV_GCREC 2247.JPG","88.0"
"YLCV_GCREC 2248.JPG","88.0"
"YLCV_GCREC 2249.JPG","89.0"
"YLCV_GCREC 2250.JPG","89.0"
"YLCV_GCREC 2251.JPG","89.0"
"YLCV_GCREC 2252.JPG","89.0"
"YLCV_GCREC 2253.JPG","90.0"
"YLCV_GCREC 2254.JPG","90.0"
"YLCV_GCREC 2255.JPG","90.0"
"YLCV_GCREC 2256.JPG","90.0"
"YLCV_GCREC 2257.JPG","91.0"
"YLCV_GCREC 2258.JPG","91.0"
"YLCV_GCREC 2259.JPG","91.0"
"YLCV_GCREC 2260.JPG","91.0"
"YLCV_GCREC 2261.JPG","92.0"
"YLCV_GCREC 2262.JPG","92.0"
"YLCV_GCREC 2263.JPG","92.0"
"YLCV_GCREC 2264.JPG","92.0"
"YLCV_GCREC 2265.JPG","93.0"
"YLCV_GCREC 2266.JPG","93.0"
"YLCV_GCREC 2267.JPG","93.0"
"YLCV_GCREC 2268.JPG","93.0"
"YLCV_GCREC 2269.JPG","94.0"
"YLCV_GCREC 2270.JPG","94.0"
"YLCV_GCREC 2271.JPG","94.0"
"YLCV_GCREC 2272.JPG","94.0"
"YLCV_GCREC 2273.JPG","95.0"
"YLCV_GCREC 2274.JPG","95.0"
"YLCV_GCREC 2275.JPG","95.0"
"YLCV_GCREC 2276.JPG","95.0"
"YLCV_GCREC 2277.JPG","96.0"
"YLCV_GCREC 2278.JPG","96.0"
"YLCV_GCREC 2279.JPG","96.0"
"YLCV_GCREC 2280.JPG","96.0"
"YLCV_GCREC 2281.JPG","97.0"
"YLCV_GCREC 2282.JPG","97.0"
"YLCV_GCREC 2283.JPG","97.0"
"YLCV_GCREC 2284.JPG","97.0"
"YLCV_GCREC 2285.JPG","98.0"
"YLCV_GCREC 2286.JPG","98.0"
"YLCV_GCREC 2287.JPG","98.0"
"YLCV_GCREC 2288.JPG","98.0"
"YLCV_GCREC 2289.JPG","99.0"
"YLCV_GCREC 2290.JPG","99.0"
"YLCV_GCREC 2291.JPG","99.0"
"YLCV_GCREC 2292.JPG","99.0"
"YLCV_GCREC 2293.JPG","100.0"
"YLCV_GCREC 2294.JPG","100.0"
"YLCV_GCREC 2295.JPG","100.0"
"YLCV_GCREC 2296.JPG","100.0"
"YLCV_GCREC 2297.JPG","101.0"
"YLCV_GCREC 2298.JPG","101.0"
"YLCV_GCREC 2299.JPG","101.0"
"YLCV_GCREC 2300.JPG","101.0"
"YLCV_GCREC 2301.JPG","102.0"
"YLCV_GCREC 2302.JPG","102.0"
"YLCV_GCREC 2303.JPG","102.0"
"YLCV_GCREC 2304.JPG","102.0"
"YLCV_GCREC 2305.JPG","103.0"
"YLCV_GCREC 2306.JPG","103.0"
"YLCV_GCREC 2307.JPG","103.0"
"YLCV_GCREC 2308.JPG","103.0"
"YLCV_GCREC 2309.JPG","104.0"
"YLCV_GCREC 2310.JPG","104.0"
"YLCV_GCREC 2311.JPG","104.0"
"YLCV_GCREC 2312.JPG","104.0"
"YLCV_GCREC 2313.JPG","105.0"
"YLCV_GCREC 2314.JPG","105.0"
"YLCV_GCREC 2315.JPG","105.0"
"YLCV_GCREC 2316.JPG","105.0"
"YLCV_GCREC 2317.JPG","106.0"
"YLCV_GCREC 2318.JPG","106.0"
"YLCV_GCREC 2319.JPG","106.0"
"YLCV_GCREC 2320.JPG","106.0"
"YLCV_GCREC 2321.JPG","107.0"
"YLCV_GCREC 2322.JPG","107.0"
"YLCV_GCREC 2323.JPG","107.0"
"YLCV_GCREC 2324.JPG","107.0"
"YLCV_GCREC 2325.JPG","108.0"
"YLCV_GCREC 2326.JPG","108.0"
"YLCV_GCREC 2327.JPG","108.0"
"YLCV_GCREC 2328.JPG","108.0"
"YLCV_GCREC 2329.JPG","109.0"
"YLCV_GCREC 2330.JPG","109.0"
"YLCV_GCREC 2331.JPG","109.0"
"YLCV_GCREC 2332.JPG","109.0"
"YLCV_GCREC 2333.JPG","110.0"
"YLCV_GCREC 2334.JPG","110.0"
"YLCV_GCREC 2336.JPG","110.0"
"YLCV_GCREC 2337.JPG","110.0"
"YLCV_GCREC 2338.JPG","111.0"
"YLCV_GCREC 2339.JPG","111.0"
"YLCV_GCREC 2340.JPG","111.0"
"YLCV_GCREC 2341.JPG","111.0"
"YLCV_GCREC 2342.JPG","112.0"
"YLCV_GCREC 2343.JPG","112.0"
"YLCV_GCREC 2344.JPG","112.0"
"YLCV_GCREC 2345.JPG","112.0"
"YLCV_GCREC 2346.JPG","113.0"
"YLCV_GCREC 2347.JPG","113.0"
"YLCV_GCREC 2348.JPG","113.0"
"YLCV_GCREC 2349.JPG","113.0"
"YLCV_GCREC 2350.JPG","114.0"
"YLCV_GCREC 2351.JPG","114.0"
"YLCV_GCREC 2352.JPG","114.0"
"YLCV_GCREC 2353.JPG","114.0"
"YLCV_GCREC 2354.JPG","115.0"
"YLCV_GCREC 2355.JPG","115.0"
"YLCV_GCREC 2356.JPG","115.0"
"YLCV_GCREC 2357.JPG","115.0"
"YLCV_GCREC 2358.JPG","116.0"
"YLCV_GCREC 2359.JPG","116.0"
"YLCV_GCREC 2360.JPG","116.0"
"YLCV_GCREC 2361.JPG","116.0"
"YLCV_GCREC 2362.JPG","117.0"
"YLCV_GCREC 2363.JPG","117.0"
"YLCV_GCREC 2364.JPG","117.0"
"YLCV_GCREC 2365.JPG","117.0"
"YLCV_GCREC 2366.JPG","118.0"
"YLCV_GCREC 2367.JPG","118.0"
"YLCV_GCREC 2368.JPG","118.0"
"YLCV_GCREC 2369.JPG","118.0"
"YLCV_GCREC 2370.JPG","119.0"
"YLCV_GCREC 2371.JPG","119.0"
"YLCV_GCREC 2372.JPG","119.0"
"YLCV_GCREC 2373.JPG","119.0"
"YLCV_GCREC 2374.JPG","120.0"
"YLCV_GCREC 2375.JPG","120.0"
"YLCV_GCREC 2376.JPG","120.0"
"YLCV_GCREC 2377.JPG","120.0"
"YLCV_GCREC 2378.JPG","121.0"
"YLCV_GCREC 2379.JPG","121.0"
"YLCV_GCREC 2380.JPG","121.0"
"YLCV_GCREC 2381.JPG","121.0"
"YLCV_GCREC 2382.JPG","122.0"
"YLCV_GCREC 2383.JPG","122.0"
"YLCV_GCREC 2384.JPG","122.0"
"YLCV_GCREC 2385.JPG","122.0"
"YLCV_GCREC 2386.JPG","123.0"
"YLCV_GCREC 2387.JPG","123.0"
"YLCV_GCREC 2388.JPG","123.0"
"YLCV_GCREC 2389.JPG","123.0"
"YLCV_GCREC 2390.JPG","124.0"
"YLCV_GCREC 2391.JPG","124.0"
"YLCV_GCREC 2392.JPG","124.0"
"YLCV_GCREC 2393.JPG","124.0"
"YLCV_GCREC 2394.JPG","125.0"
"YLCV_GCREC 2395.JPG","125.0"
"YLCV_GCREC 2396.JPG","125.0"
"YLCV_GCREC 2397.JPG","125.0"
"YLCV_GCREC 2398.JPG","126.0"
"YLCV_GCREC 2399.JPG","126.0"
"YLCV_GCREC 2400.JPG","126.0"
"YLCV_GCREC 2401.JPG","126.0"
"YLCV_GCREC 2402.JPG","127.0"
"YLCV_GCREC 2403.JPG","127.0"
"YLCV_GCREC 2404.JPG","127.0"
"YLCV_GCREC 2405.JPG","127.0"
"YLCV_GCREC 2406.JPG","128.0"
"YLCV_GCREC 2407.JPG","128.0"
"YLCV_GCREC 2408.JPG","128.0"
"YLCV_GCREC 2409.JPG","128.0"
"YLCV_GCREC 2410.JPG","129.0"
"YLCV_GCREC 2411.JPG","129.0"
"YLCV_GCREC 2412.JPG","129.0"
"YLCV_GCREC 2413.JPG","129.0"
"YLCV_GCREC 2414.JPG","130.0"
"YLCV_GCREC 2415.JPG","130.0"
"YLCV_GCREC 2416.JPG","130.0"
"YLCV_GCREC 2417.JPG","130.0"
"YLCV_GCREC 2418.JPG","131.0"
"YLCV_GCREC 2419.JPG","131.0"
"YLCV_GCREC 2420.JPG","131.0"
"YLCV_GCREC 2421.JPG","131.0"
"YLCV_GCREC 2422.JPG","132.0"
"YLCV_GCREC 2423.JPG","132.0"
"YLCV_GCREC 2424.JPG","132.0"
"YLCV_GCREC 2425.JPG","132.0"
"YLCV_GCREC 2426.JPG","133.0"
"YLCV_GCREC 2427.JPG","133.0"
"YLCV_GCREC 2428.JPG","133.0"
"YLCV_GCREC 2429.JPG","133.0"
"YLCV_GCREC 2430.JPG","134.0"
"YLCV_GCREC 2431.JPG","134.0"
"YLCV_GCREC 2432.JPG","134.0"
"YLCV_GCREC 2433.JPG","134.0"
"YLCV_GCREC 2434.JPG","135.0"
"YLCV_GCREC 2435.JPG","135.0"
"YLCV_GCREC 2436.JPG","135.0"
"YLCV_GCREC 2437.JPG","135.0"
"YLCV_GCREC 2438.JPG","136.0"
"YLCV_GCREC 2439.JPG","136.0"
"YLCV_GCREC 2440.JPG","136.0"
"YLCV_GCREC 2441.JPG","136.0"
"YLCV_GCREC 2442.JPG","137.0"
"YLCV_GCREC 2443.JPG","137.0"
"YLCV_GCREC 2444.JPG","137.0"
"YLCV_GCREC 2445.JPG","137.0"
"YLCV_GCREC 2446.JPG","138.0"
"YLCV_GCREC 2447.JPG","138.0"
"YLCV_GCREC 2448.JPG","138.0"
"YLCV_GCREC 2449.JPG","138.0"
"YLCV_GCREC 2450.JPG","139.0"
"YLCV_GCREC 2451.JPG","139.0"
"YLCV_GCREC 2452.JPG","139.0"
"YLCV_GCREC 2453.JPG","139.0"
"YLCV_GCREC 2454.JPG","140.0"
"YLCV_GCREC 2455.JPG","140.0"
"YLCV_GCREC 2456.JPG","140.0"
"YLCV_GCREC 2457.JPG","140.0"
"YLCV_GCREC 2458.JPG","141.0"
"YLCV_GCREC 2459.JPG","141.0"
"YLCV_GCREC 2460.JPG","141.0"
"YLCV_GCREC 2461.JPG","141.0"
"YLCV_GCREC 2462.JPG","142.0"
"YLCV_GCREC 2463.JPG","142.0"
"YLCV_GCREC 2464.JPG","142.0"
"YLCV_GCREC 2465.JPG","142.0"
"YLCV_GCREC 2466.JPG","143.0"
"YLCV_GCREC 2467.JPG","143.0"
"YLCV_GCREC 2468.JPG","143.0"
"YLCV_GCREC 2469.JPG","143.0"
"YLCV_GCREC 2470.JPG","144.0"
"YLCV_GCREC 2471.JPG","144.0"
"YLCV_GCREC 2472.JPG","144.0"
"YLCV_GCREC 2473.JPG","144.0"
"YLCV_GCREC 2474.JPG","145.0"
"YLCV_GCREC 2475.JPG","145.0"
"YLCV_GCREC 2476.JPG","145.0"
"YLCV_GCREC 2477.JPG","145.0"
"YLCV_GCREC 2478.JPG","146.0"
"YLCV_GCREC 2479.JPG","146.0"
"YLCV_GCREC 2480.JPG","146.0"
"YLCV_GCREC 2481.JPG","146.0"
"YLCV_GCREC 2482.JPG","147.0"
"YLCV_GCREC 2483.JPG","147.0"
"YLCV_GCREC 2484.JPG","147.0"
"YLCV_GCREC 2485.JPG","147.0"
"YLCV_GCREC 2486.JPG","148.0"
"YLCV_GCREC 2487.JPG","148.0"
"YLCV_GCREC 2488.JPG","148.0"
"YLCV_GCREC 2489.JPG","148.0"
"YLCV_GCREC 2490.JPG","149.0"
"YLCV_GCREC 2491.JPG","149.0"
"YLCV_GCREC 2492.JPG","149.0"
"YLCV_GCREC 2493.JPG","149.0"
"YLCV_GCREC 2494.JPG","150.0"
"YLCV_GCREC 2495.JPG","150.0"
"YLCV_GCREC 2496.JPG","150.0"
"YLCV_GCREC 2497.JPG","150.0"
"YLCV_GCREC 2498.JPG","151.0"
"YLCV_GCREC 2499.JPG","151.0"
"YLCV_GCREC 2500.JPG","151.0"
"YLCV_GCREC 2501.JPG","151.0"
"YLCV_GCREC 2502.JPG","152.0"
"YLCV_GCREC 2503.JPG","152.0"
"YLCV_GCREC 2504.JPG","152.0"
"YLCV_GCREC 2505.JPG","152.0"
"YLCV_GCREC 2506.JPG","153.0"
"YLCV_GCREC 2507.JPG","153.0"
"YLCV_GCREC 2508.JPG","153.0"
"YLCV_GCREC 2509.JPG","153.0"
"YLCV_GCREC 2510.JPG","154.0"
"YLCV_GCREC 2511.JPG","154.0"
"YLCV_GCREC 2512.JPG","154.0"
"YLCV_GCREC 2513.JPG","154.0"
"YLCV_GCREC 2514.JPG","155.0"
"YLCV_GCREC 2515.JPG","155.0"
"YLCV_GCREC 2516.JPG","155.0"
"YLCV_GCREC 2517.JPG","155.0"
"YLCV_GCREC 2518.JPG","156.0"
"YLCV_GCREC 2519.JPG","156.0"
"YLCV_GCREC 2520.JPG","156.0"
"YLCV_GCREC 2521.JPG","156.0"
"YLCV_GCREC 2522.JPG","157.0"
"YLCV_GCREC 2523.JPG","157.0"
"YLCV_GCREC 2524.JPG","157.0"
"YLCV_GCREC 2525.JPG","157.0"
"YLCV_GCREC 2526.JPG","158.0"
"YLCV_GCREC 2527.JPG","158.0"
"YLCV_GCREC 2528.JPG","158.0"
"YLCV_GCREC 2529.JPG","158.0"
"YLCV_GCREC 2530.JPG","159.0"
"YLCV_GCREC 2531.JPG","159.0"
"YLCV_GCREC 2532.JPG","159.0"
"YLCV_GCREC 2533.JPG","159.0"
"YLCV_GCREC 2534.JPG","160.0"
"YLCV_GCREC 2535.JPG","160.0"
"YLCV_GCREC 2536.JPG","160.0"
"YLCV_GCREC 2537.JPG","160.0"
"YLCV_GCREC 2538.JPG","161.0"
"YLCV_GCREC 2539.JPG","161.0"
"YLCV_GCREC 2540.JPG","161.0"
"YLCV_GCREC 2541.JPG","161.0"
"YLCV_GCREC 2542.JPG","162.0"
"YLCV_GCREC 2543.JPG","162.0"
"YLCV_GCREC 2544.JPG","162.0"
"YLCV_GCREC 2545.JPG","162.0"
"YLCV_GCREC 2546.JPG","163.0"
"YLCV_GCREC 2547.JPG","163.0"
"YLCV_GCREC 2548.JPG","163.0"
"YLCV_GCREC 2549.JPG","163.0"
"YLCV_GCREC 2550.JPG","164.0"
"YLCV_GCREC 2551.JPG","164.0"
"YLCV_GCREC 2552.JPG","164.0"
"YLCV_GCREC 2553.JPG","164.0"
"YLCV_GCREC 2554.JPG","165.0"
"YLCV_GCREC 2555.JPG","165.0"
"YLCV_GCREC 2556.JPG","165.0"
"YLCV_GCREC 2557.JPG","165.0"
"YLCV_GCREC 2558.JPG","166.0"
"YLCV_GCREC 2559.JPG","166.0"
"YLCV_GCREC 2560.JPG","166.0"
"YLCV_GCREC 2561.JPG","166.0"
"YLCV_GCREC 2562.JPG","167.0"
"YLCV_GCREC 2563.JPG","167.0"
"YLCV_GCREC 2564.JPG","167.0"
"YLCV_GCREC 2565.JPG","167.0"
"YLCV_GCREC 2566.JPG","168.0"
"YLCV_GCREC 2567.JPG","168.0"
"YLCV_GCREC 2568.JPG","168.0"
"YLCV_GCREC 2569.JPG","168.0"
"YLCV_GCREC 2570.JPG","169.0"
"YLCV_GCREC 2571.JPG","169.0"
"YLCV_GCREC 2572.JPG","169.0"
"YLCV_GCREC 2573.JPG","169.0"
"YLCV_GCREC 2574.JPG","170.0"
"YLCV_GCREC 2575.JPG","170.0"
"YLCV_GCREC 2576.JPG","170.0"
"YLCV_GCREC 2577.JPG","170.0"
"YLCV_GCREC 2578.JPG","171.0"
"YLCV_GCREC 2579.JPG","171.0"
"YLCV_GCREC 2580.JPG","171.0"
"YLCV_GCREC 2581.JPG","171.0"
"YLCV_GCREC 2582.JPG","172.0"
"YLCV_GCREC 2583.JPG","172.0"
"YLCV_GCREC 2584.JPG","172.0"
"YLCV_GCREC 2585.JPG","172.0"
"YLCV_GCREC 2586.JPG","173.0"
"YLCV_GCREC 2587.JPG","173.0"
"YLCV_GCREC 2588.JPG","173.0"
"YLCV_GCREC 2589.JPG","173.0"
"YLCV_GCREC 2590.JPG","174.0"
"YLCV_GCREC 2591.JPG","174.0"
"YLCV_GCREC 2592.JPG","174.0"
"YLCV_GCREC 2593.JPG","174.0"
"YLCV_GCREC 2594.JPG","175.0"
"YLCV_GCREC 2595.JPG","175.0"
"YLCV_GCREC 2596.JPG","175.0"
"YLCV_GCREC 2597.JPG","175.0"
"YLCV_GCREC 2598.JPG","176.0"
"YLCV_GCREC 2599.JPG","176.0"
"YLCV_GCREC 2600.JPG","176.0"
"YLCV_GCREC 2601.JPG","176.0"
"YLCV_GCREC 2602.JPG","177.0"
"YLCV_GCREC 2603.JPG","177.0"
"YLCV_GCREC 2604.JPG","177.0"
"YLCV_GCREC 2605.JPG","177.0"
"YLCV_GCREC 2606.JPG","178.0"
"YLCV_GCREC 2607.JPG","178.0"
"YLCV_GCREC 2608.JPG","178.0"
"YLCV_GCREC 2609.JPG","178.0"
"YLCV_GCREC 2610.JPG","179.0"
"YLCV_GCREC 2611.JPG","179.0"
"YLCV_GCREC 2612.JPG","179.0"
"YLCV_GCREC 2613.JPG","179.0"
"YLCV_GCREC 2614.JPG","180.0"
"YLCV_GCREC 2615.JPG","180.0"
"YLCV_GCREC 2616.JPG","180.0"
"YLCV_GCREC 2617.JPG","180.0"
"YLCV_GCREC 2618.JPG","181.0"
"YLCV_GCREC 2619.JPG","181.0"
"YLCV_GCREC 2620.JPG","181.0"
"YLCV_GCREC 2621.JPG","181.0"
"YLCV_GCREC 2622.JPG","182.0"
"YLCV_GCREC 2623.JPG","182.0"
"YLCV_GCREC 2624.JPG","182.0"
"YLCV_GCREC 2625.JPG","182.0"
"YLCV_GCREC 2626.JPG","183.0"
"YLCV_GCREC 2627.JPG","183.0"
"YLCV_GCREC 2628.JPG","183.0"
"YLCV_GCREC 2629.JPG","183.0"
"YLCV_GCREC 2630.JPG","184.0"
"YLCV_GCREC 2631.JPG","184.0"
"YLCV_GCREC 2632.JPG","184.0"
"YLCV_GCREC 2633.JPG","184.0"
"YLCV_GCREC 2634.JPG","185.0"
"YLCV_GCREC 2635.JPG","185.0"
"YLCV_GCREC 2636.JPG","185.0"
"YLCV_GCREC 2637.JPG","185.0"
"YLCV_GCREC 2638.JPG","186.0"
"YLCV_GCREC 2639.JPG","186.0"
"YLCV_GCREC 2640.JPG","186.0"
"YLCV_GCREC 2641.JPG","186.0"
"YLCV_GCREC 2642.JPG","187.0"
"YLCV_GCREC 2643.JPG","187.0"
"YLCV_GCREC 2644.JPG","187.0"
"YLCV_GCREC 2645.JPG","187.0"
"YLCV_GCREC 2646.JPG","188.0"
"YLCV_GCREC 2647.JPG","188.0"
"YLCV_GCREC 2648.JPG","188.0"
"YLCV_GCREC 2649.JPG","188.0"
"YLCV_GCREC 2650.JPG","189.0"
"YLCV_GCREC 2651.JPG","189.0"
"YLCV_GCREC 2652.JPG","189.0"
"YLCV_GCREC 2653.JPG","189.0"
"YLCV_GCREC 2654.JPG","190.0"
"YLCV_GCREC 2655.JPG","190.0"
"YLCV_GCREC 2656.JPG","190.0"
"YLCV_GCREC 2657.JPG","190.0"
"YLCV_GCREC 2658.JPG","191.0"
"YLCV_GCREC 2659.JPG","191.0"
"YLCV_GCREC 2660.JPG","191.0"
"YLCV_GCREC 2661.JPG","191.0"
"YLCV_GCREC 2662.JPG","192.0"
"YLCV_GCREC 2663.JPG","192.0"
"YLCV_GCREC 2664.JPG","192.0"
"YLCV_GCREC 2665.JPG","192.0"
"YLCV_GCREC 2666.JPG","193.0"
"YLCV_GCREC 2667.JPG","193.0"
"YLCV_GCREC 2668.JPG","193.0"
"YLCV_GCREC 2669.JPG","193.0"
"YLCV_GCREC 2670.JPG","194.0"
"YLCV_GCREC 2671.JPG","194.0"
"YLCV_GCREC 2672.JPG","194.0"
"YLCV_GCREC 2673.JPG","194.0"
"YLCV_GCREC 2674.JPG","195.0"
"YLCV_GCREC 2675.JPG","195.0"
"YLCV_GCREC 2676.JPG","195.0"
"YLCV_GCREC 2677.JPG","195.0"
"YLCV_GCREC 2678.JPG","196.0"
"YLCV_GCREC 2679.JPG","196.0"
"YLCV_GCREC 2680.JPG","196.0"
"YLCV_GCREC 2681.JPG","196.0"
"YLCV_GCREC 2682.JPG","197.0"
"YLCV_GCREC 2683.JPG","197.0"
"YLCV_GCREC 2684.JPG","197.0"
"YLCV_GCREC 2685.JPG","197.0"
"YLCV_GCREC 2686.JPG","198.0"
"YLCV_GCREC 2687.JPG","198.0"
"YLCV_GCREC 2688.JPG","198.0"
"YLCV_GCREC 2689.JPG","198.0"
"YLCV_GCREC 2690.JPG","199.0"
"YLCV_GCREC 2691.JPG","199.0"
"YLCV_GCREC 2692.JPG","199.0"
"YLCV_GCREC 2693.JPG","199.0"
"YLCV_GCREC 2694.JPG","200.0"
"YLCV_GCREC 2695.JPG","200.0"
"YLCV_GCREC 2696.JPG","200.0"
"YLCV_GCREC 2697.JPG","200.0"
"YLCV_GCREC 2698.JPG","201.0"
"YLCV_GCREC 2699.JPG","201.0"
"YLCV_GCREC 2700.JPG","201.0"
"YLCV_GCREC 2701.JPG","201.0"
"YLCV_GCREC 2702.JPG","202.0"
"YLCV_GCREC 2703.JPG","202.0"
"YLCV_GCREC 2704.JPG","202.0"
"YLCV_GCREC 2705.JPG","202.0"
"YLCV_GCREC 2706.JPG","203.0"
"YLCV_GCREC 2707.JPG","203.0"
"YLCV_GCREC 2708.JPG","203.0"
"YLCV_GCREC 2709.JPG","203.0"
"YLCV_GCREC 2710.JPG","204.0"
"YLCV_GCREC 2711.JPG","204.0"
"YLCV_GCREC 2712.JPG","204.0"
"YLCV_GCREC 2713.JPG","204.0"
"YLCV_GCREC 2714.JPG","205.0"
"YLCV_GCREC 2715.JPG","205.0"
"YLCV_GCREC 2716.JPG","205.0"
"YLCV_GCREC 2717.JPG","205.0"
"YLCV_GCREC 2718.JPG","206.0"
"YLCV_GCREC 2719.JPG","206.0"
"YLCV_GCREC 2720.JPG","206.0"
"YLCV_GCREC 2721.JPG","206.0"
"YLCV_GCREC 2722.JPG","207.0"
"YLCV_GCREC 2723.JPG","207.0"
"YLCV_GCREC 2724.JPG","207.0"
"YLCV_GCREC 2725.JPG","207.0"
"YLCV_GCREC 2726.JPG","208.0"
"YLCV_GCREC 2727.JPG","208.0"
"YLCV_GCREC 2728.JPG","208.0"
"YLCV_GCREC 2729.JPG","208.0"
"YLCV_GCREC 2730.JPG","209.0"
"YLCV_GCREC 2731.JPG","209.0"
"YLCV_GCREC 2732.JPG","209.0"
"YLCV_GCREC 2733.JPG","209.0"
"YLCV_GCREC 2734.JPG","210.0"
"YLCV_GCREC 2735.JPG","210.0"
"YLCV_GCREC 2736.JPG","210.0"
"YLCV_GCREC 2737.JPG","210.0"
"YLCV_GCREC 2738.JPG","211.0"
"YLCV_GCREC 2739.JPG","211.0"
"YLCV_GCREC 2740.JPG","211.0"
"YLCV_GCREC 2741.JPG","211.0"
"YLCV_GCREC 2742.JPG","212.0"
"YLCV_GCREC 2743.JPG","212.0"
"YLCV_GCREC 2744.JPG","212.0"
"YLCV_GCREC 2745.JPG","212.0"
"YLCV_GCREC 2746.JPG","213.0"
"YLCV_GCREC 2747.JPG","213.0"
"YLCV_GCREC 2748.JPG","213.0"
"YLCV_GCREC 2749.JPG","213.0"
"YLCV_GCREC 2750.JPG","214.0"
"YLCV_GCREC 2751.JPG","214.0"
"YLCV_GCREC 2752.JPG","214.0"
"YLCV_GCREC 2753.JPG","214.0"
"YLCV_GCREC 2754.JPG","215.0"
"YLCV_GCREC 2755.JPG","215.0"
"YLCV_GCREC 2756.JPG","215.0"
"YLCV_GCREC 2757.JPG","215.0"
"YLCV_GCREC 2758.JPG","216.0"
"YLCV_GCREC 2759.JPG","216.0"
"YLCV_GCREC 2760.JPG","216.0"
"YLCV_GCREC 2761.JPG","216.0"
"YLCV_GCREC 2762.JPG","217.0"
"YLCV_GCREC 2763.JPG","217.0"
"YLCV_GCREC 2764.JPG","217.0"
"YLCV_GCREC 2765.JPG","217.0"
"YLCV_GCREC 2766.JPG","218.0"
"YLCV_GCREC 2767.JPG","218.0"
"YLCV_GCREC 2768.JPG","218.0"
"YLCV_GCREC 2769.JPG","218.0"
"YLCV_GCREC 2770.JPG","219.0"
"YLCV_GCREC 2771.JPG","219.0"
"YLCV_GCREC 2772.JPG","219.0"
"YLCV_GCREC 2773.JPG","219.0"
"YLCV_GCREC 2774.JPG","220.0"
"YLCV_GCREC 2775.JPG","220.0"
"YLCV_GCREC 2776.JPG","220.0"
"YLCV_GCREC 2777.JPG","220.0"
"YLCV_GCREC 2778.JPG","221.0"
"YLCV_GCREC 2779.JPG","221.0"
"YLCV_GCREC 2780.JPG","221.0"
"YLCV_GCREC 2781.JPG","221.0"
"YLCV_GCREC 2782.JPG","222.0"
"YLCV_GCREC 2783.JPG","222.0"
"YLCV_GCREC 2784.JPG","222.0"
"YLCV_GCREC 2785.JPG","222.0"
"YLCV_GCREC 2786.JPG","223.0"
"YLCV_GCREC 2787.JPG","223.0"
"YLCV_GCREC 2788.JPG","223.0"
"YLCV_GCREC 2789.JPG","223.0"
"YLCV_GCREC 2790.JPG","224.0"
"YLCV_GCREC 2791.JPG","224.0"
"YLCV_GCREC 2792.JPG","224.0"
"YLCV_GCREC 2793.JPG","224.0"
"YLCV_GCREC 2794.JPG","225.0"
"YLCV_GCREC 2795.JPG","225.0"
"YLCV_GCREC 2796.JPG","225.0"
"YLCV_GCREC 2797.JPG","225.0"
"YLCV_GCREC 2798.JPG","226.0"
"YLCV_GCREC 2799.JPG","226.0"
"YLCV_GCREC 2800.JPG","226.0"
"YLCV_GCREC 2801.JPG","226.0"
"YLCV_GCREC 2802.JPG","227.0"
"YLCV_GCREC 2803.JPG","227.0"
"YLCV_GCREC 2804.JPG","227.0"
"YLCV_GCREC 2805.JPG","227.0"
"YLCV_GCREC 2806.JPG","228.0"
"YLCV_GCREC 2807.JPG","228.0"
"YLCV_GCREC 2808.JPG","228.0"
"YLCV_GCREC 2809.JPG","228.0"
"YLCV_GCREC 2810.JPG","229.0"
"YLCV_GCREC 2811.JPG","229.0"
"YLCV_GCREC 2812.JPG","229.0"
"YLCV_GCREC 2813.JPG","229.0"
"YLCV_GCREC 2814.JPG","230.0"
"YLCV_GCREC 2815.JPG","230.0"
"YLCV_GCREC 2816.JPG","230.0"
"YLCV_GCREC 2817.JPG","230.0"
"YLCV_GCREC 2818.JPG","231.0"
"YLCV_GCREC 2819.JPG","231.0"
"YLCV_GCREC 2820.JPG","231.0"
"YLCV_GCREC 2821.JPG","231.0"
"YLCV_GCREC 2822.JPG","232.0"
"YLCV_GCREC 2823.JPG","232.0"
"YLCV_GCREC 2824.JPG","232.0"
"YLCV_GCREC 2825.JPG","232.0"
"YLCV_GCREC 2826.JPG","233.0"
"YLCV_GCREC 2827.JPG","233.0"
"YLCV_GCREC 2828.JPG","233.0"
"YLCV_GCREC 2829.JPG","233.0"
"YLCV_GCREC 2830.JPG","234.0"
"YLCV_GCREC 2831.JPG","234.0"
"YLCV_GCREC 2832.JPG","234.0"
"YLCV_GCREC 2833.JPG","234.0"
"YLCV_GCREC 2834.JPG","235.0"
"YLCV_GCREC 2835.JPG","235.0"
"YLCV_GCREC 2836.JPG","235.0"
"YLCV_GCREC 2837.JPG","235.0"
"YLCV_GCREC 2838.JPG","236.0"
"YLCV_GCREC 2839.JPG","236.0"
"YLCV_GCREC 2840.JPG","236.0"
"YLCV_GCREC 2841.JPG","236.0"
"YLCV_GCREC 2842.JPG","237.0"
"YLCV_GCREC 2843.JPG","237.0"
"YLCV_GCREC 2844.JPG","237.0"
"YLCV_GCREC 2845.JPG","237.0"
"YLCV_GCREC 2846.JPG","238.0"
"YLCV_GCREC 2847.JPG","238.0"
"YLCV_GCREC 2848.JPG","238.0"
"YLCV_GCREC 2849.JPG","238.0"
"YLCV_GCREC 2850.JPG","239.0"
"YLCV_GCREC 2851.JPG","239.0"
"YLCV_GCREC 2852.JPG","239.0"
"YLCV_GCREC 2853.JPG","239.0"
"YLCV_GCREC 2854.JPG","240.0"
"YLCV_GCREC 2855.JPG","240.0"
"YLCV_GCREC 2856.JPG","240.0"
"YLCV_GCREC 2857.JPG","240.0"
"YLCV_GCREC 2858.JPG","241.0"
"YLCV_GCREC 2859.JPG","241.0"
"YLCV_GCREC 2860.JPG","241.0"
"YLCV_GCREC 2861.JPG","241.0"
"YLCV_GCREC 2862.JPG","242.0"
"YLCV_GCREC 2863.JPG","242.0"
"YLCV_GCREC 2864.JPG","242.0"
"YLCV_GCREC 2865.JPG","242.0"
"YLCV_GCREC 2866.JPG","243.0"
"YLCV_GCREC 2867.JPG","243.0"
"YLCV_GCREC 2868.JPG","243.0"
"YLCV_GCREC 2869.JPG","243.0"
"YLCV_GCREC 2870.JPG","244.0"
"YLCV_GCREC 2871.JPG","244.0"
"YLCV_GCREC 2872.JPG","244.0"
"YLCV_GCREC 2873.JPG","244.0"
"YLCV_GCREC 2874.JPG","245.0"
"YLCV_GCREC 2875.JPG","245.0"
"YLCV_GCREC 2876.JPG","245.0"
"YLCV_GCREC 2877.JPG","245.0"
"YLCV_GCREC 2878.JPG","246.0"
"YLCV_GCREC 2879.JPG","246.0"
"YLCV_GCREC 2880.JPG","246.0"
"YLCV_GCREC 2881.JPG","246.0"
"YLCV_GCREC 2882.JPG","247.0"
"YLCV_GCREC 2883.JPG","247.0"
"YLCV_GCREC 2884.JPG","247.0"
"YLCV_GCREC 2885.JPG","247.0"
"YLCV_GCREC 2886.JPG","248.0"
"YLCV_GCREC 2887.JPG","248.0"
"YLCV_GCREC 2888.JPG","248.0"
"YLCV_GCREC 2889.JPG","248.0"
"YLCV_GCREC 2890.JPG","249.0"
"YLCV_GCREC 2891.JPG","249.0"
"YLCV_GCREC 2892.JPG","249.0"
"YLCV_GCREC 2893.JPG","249.0"
"YLCV_GCREC 2894.JPG","250.0"
"YLCV_GCREC 2895.JPG","250.0"
"YLCV_GCREC 2896.JPG","250.0"
"YLCV_GCREC 2897.JPG","250.0"
"YLCV_GCREC 2898.JPG","251.0"
"YLCV_GCREC 2899.JPG","251.0"
"YLCV_GCREC 2900.JPG","251.0"
"YLCV_GCREC 2901.JPG","251.0"
"YLCV_GCREC 2902.JPG","252.0"
"YLCV_GCREC 2903.JPG","252.0"
"YLCV_GCREC 2904.JPG","252.0"
"YLCV_GCREC 2905.JPG","252.0"
"YLCV_GCREC 2906.JPG","253.0"
"YLCV_GCREC 2907.JPG","253.0"
"YLCV_GCREC 2908.JPG","253.0"
"YLCV_GCREC 2909.JPG","253.0"
"YLCV_GCREC 2910.JPG","254.0"
"YLCV_GCREC 2911.JPG","254.0"
"YLCV_GCREC 2912.JPG","254.0"
"YLCV_GCREC 2913.JPG","254.0"
"YLCV_GCREC 2914.JPG","255.0"
"YLCV_GCREC 2915.JPG","255.0"
"YLCV_GCREC 2916.JPG","255.0"
"YLCV_GCREC 2917.JPG","255.0"
"YLCV_GCREC 2918.JPG","256.0"
"YLCV_GCREC 2919.JPG","256.0"
"YLCV_GCREC 2920.JPG","256.0"
"YLCV_GCREC 2921.JPG","256.0"
"YLCV_GCREC 2922.JPG","257.0"
"YLCV_GCREC 2923.JPG","257.0"
"YLCV_GCREC 2924.JPG","257.0"
"YLCV_GCREC 2925.JPG","257.0"
"YLCV_GCREC 2926.JPG","258.0"
"YLCV_GCREC 2927.JPG","258.0"
"YLCV_GCREC 2928.JPG","258.0"
"YLCV_GCREC 2929.JPG","258.0"
"YLCV_GCREC 2930.JPG","259.0"
"YLCV_GCREC 2931.JPG","259.0"
"YLCV_GCREC 2932.JPG","259.0"
"YLCV_GCREC 2933.JPG","259.0"
"YLCV_GCREC 2934.JPG","260.0"
"YLCV_GCREC 2935.JPG","260.0"
"YLCV_GCREC 2936.JPG","260.0"
"YLCV_GCREC 2937.JPG","260.0"
"YLCV_GCREC 2938.JPG","261.0"
"YLCV_GCREC 2939.JPG","261.0"
"YLCV_GCREC 2940.JPG","261.0"
"YLCV_GCREC 2941.JPG","261.0"
"YLCV_GCREC 2942.JPG","262.0"
"YLCV_GCREC 2943.JPG","262.0"
"YLCV_GCREC 2944.JPG","262.0"
"YLCV_GCREC 2945.JPG","262.0"
"YLCV_GCREC 5112.JPG","263.0"
"YLCV_GCREC 5113.JPG","263.0"
"YLCV_GCREC 5114.JPG","263.0"
"YLCV_GCREC 5115.JPG","263.0"
"YLCV_GCREC 5116.JPG","264.0"
"YLCV_GCREC 5117.JPG","264.0"
"YLCV_GCREC 5118.JPG","264.0"
"YLCV_GCREC 5119.JPG","264.0"
"YLCV_GCREC 5120.JPG","265.0"
"YLCV_GCREC 5121.JPG","265.0"
"YLCV_GCREC 5122.JPG","265.0"
"YLCV_GCREC 5123.JPG","265.0"
"YLCV_GCREC 5124.JPG","266.0"
"YLCV_GCREC 5125.JPG","266.0"
"YLCV_GCREC 5126.JPG","266.0"
"YLCV_GCREC 5127.JPG","266.0"
"YLCV_GCREC 5128.JPG","267.0"
"YLCV_GCREC 5129.JPG","267.0"
"YLCV_GCREC 5130.JPG","267.0"
"YLCV_GCREC 5131.JPG","267.0"
"YLCV_GCREC 5132.JPG","268.0"
"YLCV_GCREC 5133.JPG","268.0"
"YLCV_GCREC 5134.JPG","268.0"
"YLCV_GCREC 5135.JPG","268.0"
"YLCV_GCREC 5136.JPG","269.0"
"YLCV_GCREC 5137.JPG","269.0"
"YLCV_GCREC 5138.JPG","269.0"
"YLCV_GCREC 5139.JPG","269.0"
"YLCV_GCREC 5140.JPG","270.0"
"YLCV_GCREC 5141.JPG","270.0"
"YLCV_GCREC 5142.JPG","270.0"
"YLCV_GCREC 5143.JPG","270.0"
"YLCV_GCREC 5144.JPG","271.0"
"YLCV_GCREC 5145.JPG","271.0"
"YLCV_GCREC 5146.JPG","271.0"
"YLCV_GCREC 5147.JPG","271.0"
"YLCV_GCREC 5148.JPG","272.0"
"YLCV_GCREC 5149.JPG","272.0"
"YLCV_GCREC 5150.JPG","272.0"
"YLCV_GCREC 5151.JPG","272.0"
"YLCV_GCREC 5152.JPG","273.0"
"YLCV_GCREC 5153.JPG","273.0"
"YLCV_GCREC 5154.JPG","273.0"
"YLCV_GCREC 5155.JPG","273.0"
"YLCV_GCREC 5156.JPG","274.0"
"YLCV_GCREC 5157.JPG","274.0"
"YLCV_GCREC 5158.JPG","274.0"
"YLCV_GCREC 5159.JPG","274.0"
"YLCV_GCREC 5160.JPG","275.0"
"YLCV_GCREC 5161.JPG","275.0"
"YLCV_GCREC 5162.JPG","275.0"
"YLCV_GCREC 5163.JPG","275.0"
"YLCV_GCREC 5164.JPG","276.0"
"YLCV_GCREC 5165.JPG","276.0"
"YLCV_GCREC 5166.JPG","276.0"
"YLCV_GCREC 5167.JPG","276.0"
"YLCV_GCREC 5168.JPG","277.0"
"YLCV_GCREC 5169.JPG","277.0"
"YLCV_GCREC 5170.JPG","277.0"
"YLCV_GCREC 5171.JPG","277.0"
"YLCV_GCREC 5172.JPG","278.0"
"YLCV_GCREC 5173.JPG","278.0"
"YLCV_GCREC 5174.JPG","278.0"
"YLCV_GCREC 5175.JPG","278.0"
"YLCV_GCREC 5176.JPG","279.0"
"YLCV_GCREC 5177.JPG","279.0"
"YLCV_GCREC 5178.JPG","279.0"
"YLCV_GCREC 5179.JPG","279.0"
"YLCV_GCREC 5180.JPG","280.0"
"YLCV_GCREC 5181.JPG","280.0"
"YLCV_GCREC 5182.JPG","280.0"
"YLCV_GCREC 5183.JPG","280.0"
"YLCV_GCREC 5184.JPG","281.0"
"YLCV_GCREC 5185.JPG","281.0"
"YLCV_GCREC 5186.JPG","281.0"
"YLCV_GCREC 5187.JPG","281.0"
"YLCV_GCREC 5188.JPG","282.0"
"YLCV_GCREC 5189.JPG","282.0"
"YLCV_GCREC 5190.JPG","282.0"
"YLCV_GCREC 5191.JPG","282.0"
"YLCV_GCREC 5192.JPG","283.0"
"YLCV_GCREC 5193.JPG","283.0"
"YLCV_GCREC 5194.JPG","283.0"
"YLCV_GCREC 5195.JPG","283.0"
"YLCV_GCREC 5196.JPG","284.0"
"YLCV_GCREC 5197.JPG","284.0"
"YLCV_GCREC 5198.JPG","284.0"
"YLCV_GCREC 5199.JPG","284.0"
"YLCV_GCREC 5200.JPG","285.0"
"YLCV_GCREC 5201.JPG","285.0"
"YLCV_GCREC 5202.JPG","285.0"
"YLCV_GCREC 5203.JPG","285.0"
"YLCV_GCREC 5204.JPG","286.0"
"YLCV_GCREC 5205.JPG","286.0"
"YLCV_GCREC 5206.JPG","286.0"
"YLCV_GCREC 5207.JPG","286.0"
"YLCV_GCREC 5208.JPG","287.0"
"YLCV_GCREC 5209.JPG","287.0"
"YLCV_GCREC 5210.JPG","287.0"
"YLCV_GCREC 5211.JPG","287.0"
"YLCV_GCREC 5212.JPG","288.0"
"YLCV_GCREC 5213.JPG","288.0"
"YLCV_GCREC 5214.JPG","288.0"
"YLCV_GCREC 5215.JPG","288.0"
"YLCV_GCREC 5216.JPG","289.0"
"YLCV_GCREC 5217.JPG","289.0"
"YLCV_GCREC 5218.JPG","289.0"
"YLCV_GCREC 5219.JPG","289.0"
"YLCV_GCREC 5220.JPG","290.0"
"YLCV_GCREC 5221.JPG","290.0"
"YLCV_GCREC 5222.JPG","290.0"
"YLCV_GCREC 5223.JPG","290.0"
"YLCV_GCREC 5224.JPG","291.0"
"YLCV_GCREC 5225.JPG","291.0"
"YLCV_GCREC 5226.JPG","291.0"
"YLCV_GCREC 5227.JPG","291.0"
"YLCV_GCREC 5228.JPG","292.0"
"YLCV_GCREC 5229.JPG","292.0"
"YLCV_GCREC 5230.JPG","292.0"
"YLCV_GCREC 5231.JPG","292.0"
"YLCV_GCREC 5232.JPG","293.0"
"YLCV_GCREC 5233.JPG","293.0"
"YLCV_GCREC 5234.JPG","293.0"
"YLCV_GCREC 5235.JPG","293.0"
"YLCV_GCREC 5236.JPG","294.0"
"YLCV_GCREC 5237.JPG","294.0"
"YLCV_GCREC 5238.JPG","294.0"
"YLCV_GCREC 5239.JPG","294.0"
"YLCV_GCREC 5240.JPG","295.0"
"YLCV_GCREC 5241.JPG","295.0"
"YLCV_GCREC 5242.JPG","295.0"
"YLCV_GCREC 5243.JPG","295.0"
"YLCV_GCREC 5244.JPG","296.0"
"YLCV_GCREC 5245.JPG","296.0"
"YLCV_GCREC 5246.JPG","296.0"
"YLCV_GCREC 5247.JPG","296.0"
"YLCV_GCREC 5248.JPG","297.0"
"YLCV_GCREC 5249.JPG","297.0"
"YLCV_GCREC 5250.JPG","297.0"
"YLCV_GCREC 5251.JPG","297.0"
"YLCV_GCREC 5252.JPG","298.0"
"YLCV_GCREC 5253.JPG","298.0"
"YLCV_GCREC 5254.JPG","298.0"
"YLCV_GCREC 5255.JPG","298.0"
"YLCV_GCREC 5256.JPG","299.0"
"YLCV_GCREC 5257.JPG","299.0"
"YLCV_GCREC 5258.JPG","299.0"
"YLCV_GCREC 5259.JPG","299.0"
"YLCV_GCREC 5260.JPG","300.0"
"YLCV_GCREC 5261.JPG","300.0"
"YLCV_GCREC 5262.JPG","300.0"
"YLCV_GCREC 5263.JPG","300.0"
"YLCV_GCREC 5264.JPG","301.0"
"YLCV_GCREC 5265.JPG","301.0"
"YLCV_GCREC 5266.JPG","301.0"
"YLCV_GCREC 5267.JPG","301.0"
"YLCV_GCREC 5268.JPG","302.0"
"YLCV_GCREC 5269.JPG","302.0"
"YLCV_GCREC 5270.JPG","302.0"
"YLCV_GCREC 5271.JPG","302.0"
"YLCV_GCREC 5272.JPG","303.0"
"YLCV_GCREC 5273.JPG","303.0"
"YLCV_GCREC 5274.JPG","303.0"
"YLCV_GCREC 5275.JPG","303.0"
"YLCV_GCREC 5276.JPG","304.0"
"YLCV_GCREC 5277.JPG","304.0"
"YLCV_GCREC 5278.JPG","304.0"
"YLCV_GCREC 5279.JPG","304.0"
"YLCV_GCREC 5280.JPG","305.0"
"YLCV_GCREC 5281.JPG","305.0"
"YLCV_GCREC 5282.JPG","305.0"
"YLCV_GCREC 5283.JPG","305.0"
"YLCV_GCREC 5284.JPG","306.0"
"YLCV_GCREC 5285.JPG","306.0"
"YLCV_GCREC 5286.JPG","306.0"
"YLCV_GCREC 5287.JPG","306.0"
"YLCV_GCREC 5288.JPG","307.0"
"YLCV_GCREC 5289.JPG","307.0"
"YLCV_GCREC 5290.JPG","307.0"
"YLCV_GCREC 5291.JPG","307.0"
"YLCV_GCREC 5292.JPG","308.0"
"YLCV_GCREC 5293.JPG","308.0"
"YLCV_GCREC 5294.JPG","308.0"
"YLCV_GCREC 5295.JPG","308.0"
"YLCV_GCREC 5296.JPG","309.0"
"YLCV_GCREC 5297.JPG","309.0"
"YLCV_GCREC 5298.JPG","309.0"
"YLCV_GCREC 5299.JPG","309.0"
"YLCV_GCREC 5300.JPG","310.0"
"YLCV_GCREC 5301.JPG","310.0"
"YLCV_GCREC 5302.JPG","310.0"
"YLCV_GCREC 5303.JPG","310.0"
"YLCV_GCREC 5304.JPG","311.0"
"YLCV_GCREC 5305.JPG","311.0"
"YLCV_GCREC 5306.JPG","311.0"
"YLCV_GCREC 5307.JPG","311.0"
"YLCV_GCREC 5312.JPG","312.0"
"YLCV_GCREC 5313.JPG","312.0"
"YLCV_GCREC 5314.JPG","312.0"
"YLCV_GCREC 5315.JPG","312.0"
"YLCV_GCREC 5316.JPG","313.0"
"YLCV_GCREC 5317.JPG","313.0"
"YLCV_GCREC 5318.JPG","313.0"
"YLCV_GCREC 5319.JPG","313.0"
"YLCV_GCREC 5320.JPG","314.0"
"YLCV_GCREC 5321.JPG","314.0"
"YLCV_GCREC 5322.JPG","314.0"
"YLCV_GCREC 5323.JPG","314.0"
"YLCV_GCREC 5324.JPG","315.0"
"YLCV_GCREC 5325.JPG","315.0"
"YLCV_GCREC 5326.JPG","315.0"
"YLCV_GCREC 5327.JPG","315.0"
"YLCV_GCREC 5328.JPG","316.0"
"YLCV_GCREC 5329.JPG","316.0"
"YLCV_GCREC 5330.JPG","316.0"
"YLCV_GCREC 5331.JPG","316.0"
"YLCV_GCREC 5332.JPG","317.0"
"YLCV_GCREC 5333.JPG","317.0"
"YLCV_GCREC 5334.JPG","317.0"
"YLCV_GCREC 5335.JPG","317.0"
"YLCV_GCREC 5336.JPG","318.0"
"YLCV_GCREC 5337.JPG","318.0"
"YLCV_GCREC 5338.JPG","318.0"
"YLCV_GCREC 5339.JPG","318.0"
"YLCV_GCREC 5340.JPG","319.0"
"YLCV_GCREC 5341.JPG","319.0"
"YLCV_GCREC 5342.JPG","319.0"
"YLCV_GCREC 5343.JPG","319.0"
"YLCV_GCREC 5344.JPG","320.0"
"YLCV_GCREC 5345.JPG","320.0"
"YLCV_GCREC 5346.JPG","320.0"
"YLCV_GCREC 5347.JPG","320.0"
"YLCV_GCREC 5351.JPG","321.0"
"YLCV_GCREC 5352.JPG","321.0"
"YLCV_GCREC 5353.JPG","321.0"
"YLCV_GCREC 5354.JPG","321.0"
"YLCV_GCREC 5355.JPG","322.0"
"YLCV_GCREC 5356.JPG","322.0"
"YLCV_GCREC 5357.JPG","322.0"
"YLCV_GCREC 5358.JPG","322.0"
"YLCV_GCREC 5359.JPG","323.0"
"YLCV_GCREC 5360.JPG","323.0"
"YLCV_GCREC 5361.JPG","323.0"
"YLCV_GCREC 5362.JPG","323.0"
"YLCV_GCREC 5363.JPG","324.0"
"YLCV_GCREC 5364.JPG","324.0"
"YLCV_GCREC 5365.JPG","324.0"
"YLCV_GCREC 5366.JPG","324.0"
"YLCV_GCREC 5367.JPG","325.0"
"YLCV_GCREC 5368.JPG","325.0"
"YLCV_GCREC 5369.JPG","325.0"
"YLCV_GCREC 5370.JPG","325.0"
"YLCV_GCREC 5371.JPG","326.0"
"YLCV_GCREC 5372.JPG","326.0"
"YLCV_GCREC 5373.JPG","326.0"
"YLCV_GCREC 5374.JPG","326.0"
"YLCV_GCREC 5375.JPG","327.0"
"YLCV_GCREC 5376.JPG","327.0"
"YLCV_GCREC 5377.JPG","327.0"
"YLCV_GCREC 5378.JPG","327.0"
"YLCV_GCREC 5379.JPG","328.0"
"YLCV_GCREC 5380.JPG","328.0"
"YLCV_GCREC 5381.JPG","328.0"
"YLCV_GCREC 5382.JPG","328.0"
"YLCV_GCREC 5383.JPG","329.0"
"YLCV_GCREC 5384.JPG","329.0"
"YLCV_GCREC 5385.JPG","329.0"
"YLCV_GCREC 5386.JPG","329.0"
"YLCV_GCREC 5387.JPG","330.0"
"YLCV_GCREC 5388.JPG","330.0"
"YLCV_GCREC 5389.JPG","330.0"
"YLCV_GCREC 5390.JPG","330.0"
"YLCV_GCREC 5391.JPG","331.0"
"YLCV_GCREC 5392.JPG","331.0"
"YLCV_GCREC 5393.JPG","331.0"
"YLCV_GCREC 5394.JPG","331.0"
"YLCV_GCREC 5395.JPG","332.0"
"YLCV_GCREC 5396.JPG","332.0"
"YLCV_GCREC 5397.JPG","332.0"
"YLCV_GCREC 5398.JPG","332.0"
"YLCV_GCREC 5399.JPG","333.0"
"YLCV_GCREC 5400.JPG","333.0"
"YLCV_GCREC 5401.JPG","333.0"
"YLCV_GCREC 5402.JPG","333.0"
"YLCV_GCREC 5403.JPG","334.0"
"YLCV_GCREC 5404.JPG","334.0"
"YLCV_GCREC 5405.JPG","334.0"
"YLCV_GCREC 5406.JPG","334.0"
"YLCV_GCREC 5407.JPG","335.0"
"YLCV_GCREC 5408.JPG","335.0"
"YLCV_GCREC 5409.JPG","335.0"
"YLCV_GCREC 5410.JPG","335.0"
"YLCV_GCREC 5411.JPG","336.0"
"YLCV_GCREC 5412.JPG","336.0"
"YLCV_GCREC 5413.JPG","336.0"
"YLCV_GCREC 5414.JPG","336.0"
"YLCV_GCREC 5415.JPG","337.0"
"YLCV_GCREC 5416.JPG","337.0"
"YLCV_GCREC 5417.JPG","337.0"
"YLCV_GCREC 5418.JPG","337.0"
"YLCV_GCREC 5419.JPG","338.0"
"YLCV_GCREC 5420.JPG","338.0"
"YLCV_GCREC 5421.JPG","338.0"
"YLCV_GCREC 5422.JPG","338.0"
"YLCV_GCREC 5423.JPG","339.0"
"YLCV_GCREC 5424.JPG","339.0"
"YLCV_GCREC 5425.JPG","339.0"
"YLCV_GCREC 5426.JPG","339.0"
"YLCV_GCREC 5427.JPG","340.0"
"YLCV_GCREC 5428.JPG","340.0"
"YLCV_GCREC 5429.JPG","340.0"
"YLCV_GCREC 5430.JPG","340.0"
"YLCV_GCREC 5431.JPG","341.0"
"YLCV_GCREC 5432.JPG","341.0"
"YLCV_GCREC 5433.JPG","341.0"
"YLCV_GCREC 5434.JPG","341.0"
"YLCV_GCREC 5435.JPG","342.0"
"YLCV_GCREC 5436.JPG","342.0"
"YLCV_GCREC 5437.JPG","342.0"
"YLCV_GCREC 5438.JPG","342.0"
"YLCV_GCREC 5439.JPG","343.0"
"YLCV_GCREC 5440.JPG","343.0"
"YLCV_GCREC 5441.JPG","343.0"
"YLCV_GCREC 5442.JPG","343.0"
"YLCV_GCREC 5443.JPG","344.0"
"YLCV_GCREC 5444.JPG","344.0"
"YLCV_GCREC 5445.JPG","344.0"
"YLCV_GCREC 5446.JPG","344.0"
"YLCV_GCREC 5447.JPG","345.0"
"YLCV_GCREC 5448.JPG","345.0"
"YLCV_GCREC 5449.JPG","345.0"
"YLCV_GCREC 5450.JPG","345.0"
"YLCV_GCREC 5451.JPG","346.0"
"YLCV_GCREC 5452.JPG","346.0"
"YLCV_GCREC 5453.JPG","346.0"
"YLCV_GCREC 5454.JPG","346.0"
"YLCV_GCREC 5455.JPG","347.0"
"YLCV_GCREC 5456.JPG","347.0"
"YLCV_GCREC 5457.JPG","347.0"
"YLCV_GCREC 5458.JPG","347.0"
"YLCV_GCREC 5459.JPG","348.0"
"YLCV_GCREC 5460.JPG","348.0"
"YLCV_GCREC 5461.JPG","348.0"
"YLCV_GCREC 5462.JPG","348.0"
"YLCV_GCREC 5463.JPG","349.0"
"YLCV_GCREC 5464.JPG","349.0"
"YLCV_GCREC 5465.JPG","349.0"
"YLCV_GCREC 5466.JPG","349.0"
"YLCV_GCREC 5467.JPG","350.0"
"YLCV_GCREC 5468.JPG","350.0"
"YLCV_GCREC 5469.JPG","350.0"
"YLCV_GCREC 5470.JPG","350.0"
"YLCV_GCREC 5471.JPG","351.0"
"YLCV_GCREC 5472.JPG","351.0"
"YLCV_GCREC 5473.JPG","351.0"
"YLCV_GCREC 5474.JPG","351.0"
"YLCV_GCREC 5475.JPG","352.0"
"YLCV_GCREC 5476.JPG","352.0"
"YLCV_GCREC 5477.JPG","352.0"
"YLCV_GCREC 5478.JPG","352.0"
"YLCV_GCREC 5479.JPG","353.0"
"YLCV_GCREC 5480.JPG","353.0"
"YLCV_GCREC 5481.JPG","353.0"
"YLCV_GCREC 5482.JPG","353.0"
"YLCV_GCREC 5483.JPG","354.0"
"YLCV_GCREC 5484.JPG","354.0"
"YLCV_GCREC 5485.JPG","354.0"
"YLCV_GCREC 5486.JPG","354.0"
"YLCV_GCREC 5487.JPG","355.0"
"YLCV_GCREC 5488.JPG","355.0"
"YLCV_GCREC 5489.JPG","355.0"
"YLCV_GCREC 5490.JPG","355.0"
"YLCV_GCREC 5491.JPG","356.0"
"YLCV_GCREC 5492.JPG","356.0"
"YLCV_GCREC 5493.JPG","356.0"
"YLCV_GCREC 5494.JPG","356.0"
"YLCV_GCREC 5495.JPG","357.0"
"YLCV_GCREC 5496.JPG","357.0"
"YLCV_GCREC 5497.JPG","357.0"
"YLCV_GCREC 5498.JPG","357.0"
"YLCV_GCREC 5499.JPG","358.0"
"YLCV_GCREC 5500.JPG","358.0"
"YLCV_GCREC 5501.JPG","358.0"
"YLCV_GCREC 5502.JPG","358.0"
"YLCV_GCREC 5503.JPG","359.0"
"YLCV_GCREC 5504.JPG","359.0"
"YLCV_GCREC 5505.JPG","359.0"
"YLCV_GCREC 5506.JPG","359.0"
"YLCV_GCREC 5507.JPG","360.0"
"YLCV_GCREC 5508.JPG","360.0"
"YLCV_GCREC 5509.JPG","360.0"
"YLCV_GCREC 5510.JPG","360.0"
"YLCV_GCREC 5511.JPG","361.0"
"YLCV_GCREC 5512.JPG","361.0"
"YLCV_GCREC 5513.JPG","361.0"
"YLCV_GCREC 5514.JPG","361.0"
"YLCV_GCREC 5515.JPG","362.0"
"YLCV_GCREC 5516.JPG","362.0"
"YLCV_GCREC 5517.JPG","362.0"
"YLCV_GCREC 5518.JPG","362.0"
"YLCV_GCREC 5519.JPG","363.0"
"YLCV_GCREC 5520.JPG","363.0"
"YLCV_GCREC 5521.JPG","363.0"
"YLCV_GCREC 5522.JPG","363.0"
"YLCV_GCREC 5523.JPG","364.0"
"YLCV_GCREC 5524.JPG","364.0"
"YLCV_GCREC 5525.JPG","364.0"
"YLCV_GCREC 5526.JPG","364.0"
"YLCV_GCREC 5527.JPG","365.0"
"YLCV_GCREC 5528.JPG","365.0"
"YLCV_GCREC 5529.JPG","365.0"
"YLCV_GCREC 5530.JPG","365.0"
"YLCV_GCREC 5531.JPG","366.0"
"YLCV_GCREC 5532.JPG","366.0"
"YLCV_GCREC 5533.JPG","366.0"
"YLCV_GCREC 5534.JPG","366.0"
"YLCV_GCREC 5535.JPG","367.0"
"YLCV_GCREC 5536.JPG","367.0"
"YLCV_GCREC 5537.JPG","367.0"
"YLCV_GCREC 5538.JPG","367.0"
"YLCV_GCREC 5539.JPG","368.0"
"YLCV_GCREC 5540.JPG","368.0"
"YLCV_GCREC 5541.JPG","368.0"
"YLCV_GCREC 5542.JPG","368.0"
"YLCV_NREC 0053.JPG","369.0"
"YLCV_NREC 0054.JPG","369.0"
"YLCV_NREC 0055.JPG","369.0"
"YLCV_NREC 0056.JPG","369.0"
"YLCV_NREC 0057.JPG","370.0"
"YLCV_NREC 0058.JPG","370.0"
"YLCV_NREC 0059.JPG","370.0"
"YLCV_NREC 0060.JPG","370.0"
"YLCV_NREC 0061.JPG","371.0"
"YLCV_NREC 0062.JPG","371.0"
"YLCV_NREC 0063.JPG","371.0"
"YLCV_NREC 0064.JPG","371.0"
"YLCV_NREC 0065.JPG","372.0"
"YLCV_NREC 0066.JPG","372.0"
"YLCV_NREC 0067.JPG","372.0"
"YLCV_NREC 0068.JPG","372.0"
"YLCV_NREC 0069.JPG","373.0"
"YLCV_NREC 0070.JPG","373.0"
"YLCV_NREC 0071.JPG","373.0"
"YLCV_NREC 0072.JPG","373.0"
"YLCV_NREC 0073.JPG","374.0"
"YLCV_NREC 0074.JPG","374.0"
"YLCV_NREC 0075.JPG","374.0"
"YLCV_NREC 0076.JPG","374.0"
"YLCV_NREC 0077.JPG","375.0"
"YLCV_NREC 0078.JPG","375.0"
"YLCV_NREC 0079.JPG","375.0"
"YLCV_NREC 0080.JPG","375.0"
"YLCV_NREC 0081.JPG","376.0"
"YLCV_NREC 0082.JPG","376.0"
"YLCV_NREC 0083.JPG","376.0"
"YLCV_NREC 0084.JPG","376.0"
"YLCV_NREC 0085.JPG","377.0"
"YLCV_NREC 0086.JPG","377.0"
"YLCV_NREC 0087.JPG","377.0"
"YLCV_NREC 0088.JPG","377.0"
"YLCV_NREC 0089.JPG","378.0"
"YLCV_NREC 0090.JPG","378.0"
"YLCV_NREC 0091.JPG","378.0"
"YLCV_NREC 0092.JPG","378.0"
"YLCV_NREC 0093.JPG","379.0"
"YLCV_NREC 0094.JPG","379.0"
"YLCV_NREC 0095.JPG","379.0"
"YLCV_NREC 0096.JPG","379.0"
"YLCV_NREC 0097.JPG","380.0"
"YLCV_NREC 0098.JPG","380.0"
"YLCV_NREC 0099.JPG","380.0"
"YLCV_NREC 0100.JPG","380.0"
"YLCV_NREC 0101.JPG","381.0"
"YLCV_NREC 0102.JPG","381.0"
"YLCV_NREC 0103.JPG","381.0"
"YLCV_NREC 0104.JPG","381.0"
"YLCV_NREC 0105.JPG","382.0"
"YLCV_NREC 0106.JPG","382.0"
"YLCV_NREC 0107.JPG","382.0"
"YLCV_NREC 0108.JPG","382.0"
"YLCV_NREC 0109.JPG","383.0"
"YLCV_NREC 0110.JPG","383.0"
"YLCV_NREC 0111.JPG","383.0"
"YLCV_NREC 0112.JPG","383.0"
"YLCV_NREC 0113.JPG","384.0"
"YLCV_NREC 0114.JPG","384.0"
"YLCV_NREC 0115.JPG","384.0"
"YLCV_NREC 0116.JPG","384.0"
"YLCV_NREC 0118.JPG","385.0"
"YLCV_NREC 0119.JPG","385.0"
"YLCV_NREC 0120.JPG","385.0"
"YLCV_NREC 0121.JPG","385.0"
"YLCV_NREC 0122.JPG","386.0"
"YLCV_NREC 0123.JPG","386.0"
"YLCV_NREC 0124.JPG","386.0"
"YLCV_NREC 0125.JPG","386.0"
"YLCV_NREC 0126.JPG","387.0"
"YLCV_NREC 0127.JPG","387.0"
"YLCV_NREC 0128.JPG","387.0"
"YLCV_NREC 0129.JPG","387.0"
"YLCV_NREC 0130.JPG","388.0"
"YLCV_NREC 0131.JPG","388.0"
"YLCV_NREC 0132.JPG","388.0"
"YLCV_NREC 0133.JPG","388.0"
"YLCV_NREC 0134.JPG","389.0"
"YLCV_NREC 0135.JPG","389.0"
"YLCV_NREC 0136.JPG","389.0"
"YLCV_NREC 0137.JPG","389.0"
"YLCV_NREC 0138.JPG","390.0"
"YLCV_NREC 0139.JPG","390.0"
"YLCV_NREC 0140.JPG","390.0"
"YLCV_NREC 0141.JPG","390.0"
"YLCV_NREC 0142.JPG","391.0"
"YLCV_NREC 0143.JPG","391.0"
"YLCV_NREC 0144.JPG","391.0"
"YLCV_NREC 0145.JPG","391.0"
"YLCV_NREC 0146.JPG","392.0"
"YLCV_NREC 0147.JPG","392.0"
"YLCV_NREC 0148.JPG","392.0"
"YLCV_NREC 0149.JPG","392.0"
"YLCV_NREC 0150.JPG","393.0"
"YLCV_NREC 0151.JPG","393.0"
"YLCV_NREC 0152.JPG","393.0"
"YLCV_NREC 0153.JPG","393.0"
"YLCV_NREC 0154.JPG","394.0"
"YLCV_NREC 0155.JPG","394.0"
"YLCV_NREC 0156.JPG","394.0"
"YLCV_NREC 0157.JPG","394.0"
"YLCV_NREC 0158.JPG","395.0"
"YLCV_NREC 0159.JPG","395.0"
"YLCV_NREC 0160.JPG","395.0"
"YLCV_NREC 0161.JPG","395.0"
"YLCV_NREC 0162.JPG","396.0"
"YLCV_NREC 0163.JPG","396.0"
"YLCV_NREC 0164.JPG","396.0"
"YLCV_NREC 0165.JPG","396.0"
"YLCV_NREC 0166.JPG","397.0"
"YLCV_NREC 0167.JPG","397.0"
"YLCV_NREC 0168.JPG","397.0"
"YLCV_NREC 0169.JPG","397.0"
"YLCV_NREC 0170.JPG","398.0"
"YLCV_NREC 0171.JPG","398.0"
"YLCV_NREC 0172.JPG","398.0"
"YLCV_NREC 0173.JPG","398.0"
"YLCV_NREC 0174.JPG","399.0"
"YLCV_NREC 0175.JPG","399.0"
"YLCV_NREC 0176.JPG","399.0"
"YLCV_NREC 0177.JPG","399.0"
"YLCV_NREC 0178.JPG","400.0"
"YLCV_NREC 0179.JPG","400.0"
"YLCV_NREC 0180.JPG","400.0"
"YLCV_NREC 0181.JPG","400.0"
"YLCV_NREC 0182.JPG","401.0"
"YLCV_NREC 0183.JPG","401.0"
"YLCV_NREC 0184.JPG","401.0"
"YLCV_NREC 0185.JPG","401.0"
"YLCV_NREC 0186.JPG","402.0"
"YLCV_NREC 0187.JPG","402.0"
"YLCV_NREC 0188.JPG","402.0"
"YLCV_NREC 0189.JPG","402.0"
"YLCV_NREC 0190.JPG","403.0"
"YLCV_NREC 0191.JPG","403.0"
"YLCV_NREC 0192.JPG","403.0"
"YLCV_NREC 0193.JPG","403.0"
"YLCV_NREC 0194.JPG","404.0"
"YLCV_NREC 0195.JPG","404.0"
"YLCV_NREC 0196.JPG","404.0"
"YLCV_NREC 0197.JPG","404.0"
"YLCV_NREC 0198.JPG","405.0"
"YLCV_NREC 0199.JPG","405.0"
"YLCV_NREC 0200.JPG","405.0"
"YLCV_NREC 0201.JPG","405.0"
"YLCV_NREC 0202.JPG","406.0"
"YLCV_NREC 0203.JPG","406.0"
"YLCV_NREC 0204.JPG","406.0"
"YLCV_NREC 0205.JPG","406.0"
"YLCV_NREC 0206.JPG","407.0"
"YLCV_NREC 0207.JPG","407.0"
"YLCV_NREC 0208.JPG","407.0"
"YLCV_NREC 0209.JPG","407.0"
"YLCV_NREC 0210.JPG","408.0"
"YLCV_NREC 0211.JPG","408.0"
"YLCV_NREC 0212.JPG","408.0"
"YLCV_NREC 0213.JPG","408.0"
"YLCV_NREC 0214.JPG","409.0"
"YLCV_NREC 0215.JPG","409.0"
"YLCV_NREC 0216.JPG","409.0"
"YLCV_NREC 0217.JPG","409.0"
"YLCV_NREC 0218.JPG","410.0"
"YLCV_NREC 0219.JPG","410.0"
"YLCV_NREC 0220.JPG","410.0"
"YLCV_NREC 0221.JPG","410.0"
"YLCV_NREC 0222.JPG","411.0"
"YLCV_NREC 0223.JPG","411.0"
"YLCV_NREC 0224.JPG","411.0"
"YLCV_NREC 0225.JPG","411.0"
"YLCV_NREC 0226.JPG","412.0"
"YLCV_NREC 0227.JPG","412.0"
"YLCV_NREC 0228.JPG","412.0"
"YLCV_NREC 0229.JPG","412.0"
"YLCV_NREC 0230.JPG","413.0"
"YLCV_NREC 0231.JPG","413.0"
"YLCV_NREC 0232.JPG","413.0"
"YLCV_NREC 0233.JPG","413.0"
"YLCV_NREC 0234.JPG","414.0"
"YLCV_NREC 0235.JPG","414.0"
"YLCV_NREC 0236.JPG","414.0"
"YLCV_NREC 0237.JPG","414.0"
"YLCV_NREC 0238.JPG","415.0"
"YLCV_NREC 0239.JPG","415.0"
"YLCV_NREC 0240.JPG","415.0"
"YLCV_NREC 0241.JPG","415.0"
"YLCV_NREC 0242.JPG","416.0"
"YLCV_NREC 0243.JPG","416.0"
"YLCV_NREC 0244.JPG","416.0"
"YLCV_NREC 0245.JPG","416.0"
"YLCV_NREC 0246.JPG","417.0"
"YLCV_NREC 0247.JPG","417.0"
"YLCV_NREC 0248.JPG","417.0"
"YLCV_NREC 0249.JPG","417.0"
"YLCV_NREC 0250.JPG","418.0"
"YLCV_NREC 0251.JPG","418.0"
"YLCV_NREC 0252.JPG","418.0"
"YLCV_NREC 0253.JPG","418.0"
"YLCV_NREC 0254.JPG","419.0"
"YLCV_NREC 0255.JPG","419.0"
"YLCV_NREC 0256.JPG","419.0"
"YLCV_NREC 0257.JPG","419.0"
"YLCV_NREC 0258.JPG","420.0"
"YLCV_NREC 0259.JPG","420.0"
"YLCV_NREC 0260.JPG","420.0"
"YLCV_NREC 0261.JPG","420.0"
"YLCV_NREC 0262.JPG","421.0"
"YLCV_NREC 0263.JPG","421.0"
"YLCV_NREC 0264.JPG","421.0"
"YLCV_NREC 0265.JPG","421.0"
"YLCV_NREC 0266.JPG","422.0"
"YLCV_NREC 0267.JPG","422.0"
"YLCV_NREC 0268.JPG","422.0"
"YLCV_NREC 0269.JPG","422.0"
"YLCV_NREC 0270.JPG","423.0"
"YLCV_NREC 0271.JPG","423.0"
"YLCV_NREC 0272.JPG","423.0"
"YLCV_NREC 0273.JPG","423.0"
"YLCV_NREC 0274.JPG","424.0"
"YLCV_NREC 0275.JPG","424.0"
"YLCV_NREC 0276.JPG","424.0"
"YLCV_NREC 0277.JPG","424.0"
"YLCV_NREC 0278.JPG","425.0"
"YLCV_NREC 0279.JPG","425.0"
"YLCV_NREC 0280.JPG","425.0"
"YLCV_NREC 0281.JPG","425.0"
"YLCV_NREC 0282.JPG","426.0"
"YLCV_NREC 0283.JPG","426.0"
"YLCV_NREC 0284.JPG","426.0"
"YLCV_NREC 0285.JPG","426.0"
"YLCV_NREC 0286.JPG","427.0"
"YLCV_NREC 0287.JPG","427.0"
"YLCV_NREC 0288.JPG","427.0"
"YLCV_NREC 0289.JPG","427.0"
"YLCV_NREC 0290.JPG","428.0"
"YLCV_NREC 0291.JPG","428.0"
"YLCV_NREC 0292.JPG","428.0"
"YLCV_NREC 0293.JPG","428.0"
"YLCV_NREC 0294.JPG","429.0"
"YLCV_NREC 0295.JPG","429.0"
"YLCV_NREC 0296.JPG","429.0"
"YLCV_NREC 0297.JPG","429.0"
"YLCV_NREC 0298.JPG","430.0"
"YLCV_NREC 0299.JPG","430.0"
"YLCV_NREC 0300.JPG","430.0"
"YLCV_NREC 0301.JPG","430.0"
"YLCV_NREC 0302.JPG","431.0"
"YLCV_NREC 0303.JPG","431.0"
"YLCV_NREC 0304.JPG","431.0"
"YLCV_NREC 0305.JPG","431.0"
"YLCV_NREC 0306.JPG","432.0"
"YLCV_NREC 0307.JPG","432.0"
"YLCV_NREC 0308.JPG","432.0"
"YLCV_NREC 0309.JPG","432.0"
"YLCV_NREC 0310.JPG","433.0"
"YLCV_NREC 0311.JPG","433.0"
"YLCV_NREC 0312.JPG","433.0"
"YLCV_NREC 0313.JPG","433.0"
"YLCV_NREC 0314.JPG","434.0"
"YLCV_NREC 0315.JPG","434.0"
"YLCV_NREC 0317.JPG","434.0"
"YLCV_NREC 0318.JPG","434.0"
"YLCV_NREC 1987.JPG","435.0"
"YLCV_NREC 1988.JPG","435.0"
"YLCV_NREC 1989.JPG","435.0"
"YLCV_NREC 1990.JPG","435.0"
"YLCV_NREC 1991.JPG","436.0"
"YLCV_NREC 1992.JPG","436.0"
"YLCV_NREC 1993.JPG","436.0"
"YLCV_NREC 1994.JPG","436.0"
"YLCV_NREC 1995.JPG","437.0"
"YLCV_NREC 1996.JPG","437.0"
"YLCV_NREC 1997.JPG","437.0"
"YLCV_NREC 1998.JPG","437.0"
"YLCV_NREC 1999.JPG","438.0"
"YLCV_NREC 2000.JPG","438.0"
"YLCV_NREC 2001.JPG","438.0"
"YLCV_NREC 2002.JPG","438.0"
"YLCV_NREC 2003.JPG","439.0"
"YLCV_NREC 2004.JPG","439.0"
"YLCV_NREC 2005.JPG","439.0"
"YLCV_NREC 2006.JPG","439.0"
"YLCV_NREC 2007.JPG","440.0"
"YLCV_NREC 2008.JPG","440.0"
"YLCV_NREC 2009.JPG","440.0"
"YLCV_NREC 2010.JPG","440.0"
"YLCV_NREC 2011.JPG","441.0"
"YLCV_NREC 2012.JPG","441.0"
"YLCV_NREC 2013.JPG","441.0"
"YLCV_NREC 2014.JPG","441.0"
"YLCV_NREC 2015.JPG","442.0"
"YLCV_NREC 2016.JPG","442.0"
"YLCV_NREC 2017.JPG","442.0"
"YLCV_NREC 2018.JPG","442.0"
"YLCV_NREC 2019.JPG","443.0"
"YLCV_NREC 2020.JPG","443.0"
"YLCV_NREC 2021.JPG","443.0"
"YLCV_NREC 2022.JPG","443.0"
"YLCV_NREC 2023.JPG","444.0"
"YLCV_NREC 2024.JPG","444.0"
"YLCV_NREC 2025.JPG","444.0"
"YLCV_NREC 2026.JPG","444.0"
"YLCV_NREC 2027.JPG","445.0"
"YLCV_NREC 2028.JPG","445.0"
"YLCV_NREC 2029.JPG","445.0"
"YLCV_NREC 2030.JPG","445.0"
"YLCV_NREC 2031.JPG","446.0"
"YLCV_NREC 2032.JPG","446.0"
"YLCV_NREC 2033.JPG","446.0"
"YLCV_NREC 2034.JPG","446.0"
"YLCV_NREC 2035.JPG","447.0"
"YLCV_NREC 2036.JPG","447.0"
"YLCV_NREC 2037.JPG","447.0"
"YLCV_NREC 2038.JPG","447.0"
"YLCV_NREC 2039.JPG","448.0"
"YLCV_NREC 2040.JPG","448.0"
"YLCV_NREC 2041.JPG","448.0"
"YLCV_NREC 2042.JPG","448.0"
"YLCV_NREC 2043.JPG","449.0"
"YLCV_NREC 2044.JPG","449.0"
"YLCV_NREC 2045.JPG","449.0"
"YLCV_NREC 2046.JPG","449.0"
"YLCV_NREC 2047.JPG","450.0"
"YLCV_NREC 2048.JPG","450.0"
"YLCV_NREC 2049.JPG","450.0"
"YLCV_NREC 2050.JPG","450.0"
"YLCV_NREC 2051.JPG","451.0"
"YLCV_NREC 2052.JPG","451.0"
"YLCV_NREC 2053.JPG","451.0"
"YLCV_NREC 2054.JPG","451.0"
"YLCV_NREC 2055.JPG","452.0"
"YLCV_NREC 2056.JPG","452.0"
"YLCV_NREC 2057.JPG","452.0"
"YLCV_NREC 2058.JPG","452.0"
"YLCV_NREC 2059.JPG","453.0"
"YLCV_NREC 2060.JPG","453.0"
"YLCV_NREC 2061.JPG","453.0"
"YLCV_NREC 2062.JPG","453.0"
"YLCV_NREC 2063.JPG","454.0"
"YLCV_NREC 2064.JPG","454.0"
"YLCV_NREC 2065.JPG","454.0"
"YLCV_NREC 2066.JPG","454.0"
"YLCV_NREC 2067.JPG","455.0"
"YLCV_NREC 2068.JPG","455.0"
"YLCV_NREC 2069.JPG","455.0"
"YLCV_NREC 2070.JPG","455.0"
"YLCV_NREC 2071.JPG","456.0"
"YLCV_NREC 2072.JPG","456.0"
"YLCV_NREC 2073.JPG","456.0"
"YLCV_NREC 2074.JPG","456.0"
"YLCV_NREC 2075.JPG","457.0"
"YLCV_NREC 2076.JPG","457.0"
"YLCV_NREC 2077.JPG","457.0"
"YLCV_NREC 2078.JPG","457.0"
"YLCV_NREC 2079.JPG","458.0"
"YLCV_NREC 2080.JPG","458.0"
"YLCV_NREC 2081.JPG","458.0"
"YLCV_NREC 2082.JPG","458.0"
"YLCV_NREC 2083.JPG","459.0"
"YLCV_NREC 2084.JPG","459.0"
"YLCV_NREC 2085.JPG","459.0"
"YLCV_NREC 2086.JPG","459.0"
"YLCV_NREC 2087.JPG","460.0"
"YLCV_NREC 2088.JPG","460.0"
"YLCV_NREC 2089.JPG","460.0"
"YLCV_NREC 2090.JPG","460.0"
"YLCV_NREC 2091.JPG","461.0"
"YLCV_NREC 2092.JPG","461.0"
"YLCV_NREC 2093.JPG","461.0"
"YLCV_NREC 2094.JPG","461.0"
"YLCV_NREC 2095.JPG","462.0"
"YLCV_NREC 2096.JPG","462.0"
"YLCV_NREC 2097.JPG","462.0"
"YLCV_NREC 2098.JPG","462.0"
"YLCV_NREC 2099.JPG","463.0"
"YLCV_NREC 2100.JPG","463.0"
"YLCV_NREC 2101.JPG","463.0"
"YLCV_NREC 2102.JPG","463.0"
"YLCV_NREC 2103.JPG","464.0"
"YLCV_NREC 2104.JPG","464.0"
"YLCV_NREC 2105.JPG","464.0"
"YLCV_NREC 2106.JPG","464.0"
"YLCV_NREC 2107.JPG","465.0"
"YLCV_NREC 2108.JPG","465.0"
"YLCV_NREC 2109.JPG","465.0"
"YLCV_NREC 2110.JPG","465.0"
"YLCV_NREC 2111.JPG","466.0"
"YLCV_NREC 2112.JPG","466.0"
"YLCV_NREC 2113.JPG","466.0"
"YLCV_NREC 2114.JPG","466.0"
"YLCV_NREC 2115.JPG","467.0"
"YLCV_NREC 2116.JPG","467.0"
"YLCV_NREC 2117.JPG","467.0"
"YLCV_NREC 2118.JPG","467.0"
"YLCV_NREC 2119.JPG","468.0"
"YLCV_NREC 2120.JPG","468.0"
"YLCV_NREC 2121.JPG","468.0"
"YLCV_NREC 2122.JPG","468.0"
"YLCV_NREC 2123.JPG","469.0"
"YLCV_NREC 2124.JPG","469.0"
"YLCV_NREC 2125.JPG","469.0"
"YLCV_NREC 2126.JPG","469.0"
"YLCV_NREC 2127.JPG","470.0"
"YLCV_NREC 2128.JPG","470.0"
"YLCV_NREC 2129.JPG","470.0"
"YLCV_NREC 2130.JPG","470.0"
"YLCV_NREC 2131.JPG","471.0"
"YLCV_NREC 2132.JPG","471.0"
"YLCV_NREC 2133.JPG","471.0"
"YLCV_NREC 2134.JPG","471.0"
"YLCV_NREC 2135.JPG","472.0"
"YLCV_NREC 2136.JPG","472.0"
"YLCV_NREC 2137.JPG","472.0"
"YLCV_NREC 2138.JPG","472.0"
"YLCV_NREC 2139.JPG","473.0"
"YLCV_NREC 2140.JPG","473.0"
"YLCV_NREC 2141.JPG","473.0"
"YLCV_NREC 2142.JPG","473.0"
"YLCV_NREC 2143.JPG","474.0"
"YLCV_NREC 2144.JPG","474.0"
"YLCV_NREC 2145.JPG","474.0"
"YLCV_NREC 2146.JPG","474.0"
"YLCV_NREC 2147.JPG","475.0"
"YLCV_NREC 2148.JPG","475.0"
"YLCV_NREC 2149.JPG","475.0"
"YLCV_NREC 2150.JPG","475.0"
"YLCV_NREC 2151.JPG","476.0"
"YLCV_NREC 2152.JPG","476.0"
"YLCV_NREC 2153.JPG","476.0"
"YLCV_NREC 2154.JPG","476.0"
"YLCV_NREC 2155.JPG","477.0"
"YLCV_NREC 2156.JPG","477.0"
"YLCV_NREC 2157.JPG","477.0"
"YLCV_NREC 2158.JPG","477.0"
"YLCV_NREC 2159.JPG","478.0"
"YLCV_NREC 2160.JPG","478.0"
"YLCV_NREC 2161.JPG","478.0"
"YLCV_NREC 2162.JPG","478.0"
"YLCV_NREC 2163.JPG","479.0"
"YLCV_NREC 2164.JPG","479.0"
"YLCV_NREC 2165.JPG","479.0"
"YLCV_NREC 2166.JPG","479.0"
"YLCV_NREC 2167.JPG","480.0"
"YLCV_NREC 2168.JPG","480.0"
"YLCV_NREC 2169.JPG","480.0"
"YLCV_NREC 2170.JPG","480.0"
"YLCV_NREC 2171.JPG","481.0"
"YLCV_NREC 2172.JPG","481.0"
"YLCV_NREC 2173.JPG","481.0"
"YLCV_NREC 2174.JPG","481.0"
"YLCV_NREC 2176.JPG","482.0"
"YLCV_NREC 2177.JPG","482.0"
"YLCV_NREC 2178.JPG","482.0"
"YLCV_NREC 2179.JPG","482.0"
"YLCV_NREC 2180.JPG","483.0"
"YLCV_NREC 2181.JPG","483.0"
"YLCV_NREC 2182.JPG","483.0"
"YLCV_NREC 2183.JPG","483.0"
"YLCV_NREC 2184.JPG","484.0"
"YLCV_NREC 2185.JPG","484.0"
"YLCV_NREC 2186.JPG","484.0"
"YLCV_NREC 2187.JPG","484.0"
"YLCV_NREC 2188.JPG","485.0"
"YLCV_NREC 2189.JPG","485.0"
"YLCV_NREC 2190.JPG","485.0"
"YLCV_NREC 2191.JPG","485.0"
"YLCV_NREC 2192.JPG","486.0"
"YLCV_NREC 2193.JPG","486.0"
"YLCV_NREC 2194.JPG","486.0"
"YLCV_NREC 2195.JPG","486.0"
"YLCV_NREC 2196.JPG","487.0"
"YLCV_NREC 2197.JPG","487.0"
"YLCV_NREC 2198.JPG","487.0"
"YLCV_NREC 2199.JPG","487.0"
"YLCV_NREC 2200.JPG","488.0"
"YLCV_NREC 2201.JPG","488.0"
"YLCV_NREC 2202.JPG","488.0"
"YLCV_NREC 2203.JPG","488.0"
"YLCV_NREC 2204.JPG","489.0"
"YLCV_NREC 2205.JPG","489.0"
"YLCV_NREC 2206.JPG","489.0"
"YLCV_NREC 2207.JPG","489.0"
"YLCV_NREC 2208.JPG","490.0"
"YLCV_NREC 2209.JPG","490.0"
"YLCV_NREC 2210.JPG","490.0"
"YLCV_NREC 2211.JPG","490.0"
"YLCV_NREC 2212.JPG","491.0"
"YLCV_NREC 2213.JPG","491.0"
"YLCV_NREC 2214.JPG","491.0"
"YLCV_NREC 2215.JPG","491.0"
"YLCV_NREC 2216.JPG","492.0"
"YLCV_NREC 2217.JPG","492.0"
"YLCV_NREC 2218.JPG","492.0"
"YLCV_NREC 2219.JPG","492.0"
"YLCV_NREC 2220.JPG","493.0"
"YLCV_NREC 2221.JPG","493.0"
"YLCV_NREC 2222.JPG","493.0"
"YLCV_NREC 2223.JPG","493.0"
"YLCV_NREC 2224.JPG","494.0"
"YLCV_NREC 2225.JPG","494.0"
"YLCV_NREC 2226.JPG","494.0"
"YLCV_NREC 2227.JPG","494.0"
"YLCV_NREC 2228.JPG","495.0"
"YLCV_NREC 2229.JPG","495.0"
"YLCV_NREC 2230.JPG","495.0"
"YLCV_NREC 2231.JPG","495.0"
"YLCV_NREC 2232.JPG","496.0"
"YLCV_NREC 2233.JPG","496.0"
"YLCV_NREC 2234.JPG","496.0"
"YLCV_NREC 2235.JPG","496.0"
"YLCV_NREC 2236.JPG","497.0"
"YLCV_NREC 2237.JPG","497.0"
"YLCV_NREC 2238.JPG","497.0"
"YLCV_NREC 2239.JPG","497.0"
"YLCV_NREC 2240.JPG","498.0"
"YLCV_NREC 2241.JPG","498.0"
"YLCV_NREC 2242.JPG","498.0"
"YLCV_NREC 2243.JPG","498.0"
"YLCV_NREC 2244.JPG","499.0"
"YLCV_NREC 2245.JPG","499.0"
"YLCV_NREC 2246.JPG","499.0"
"YLCV_NREC 2247.JPG","499.0"
"YLCV_NREC 2248.JPG","500.0"
"YLCV_NREC 2249.JPG","500.0"
"YLCV_NREC 2250.JPG","500.0"
"YLCV_NREC 2251.JPG","500.0"
"YLCV_NREC 2252.JPG","501.0"
"YLCV_NREC 2253.JPG","501.0"
"YLCV_NREC 2254.JPG","501.0"
"YLCV_NREC 2255.JPG","501.0"
"YLCV_NREC 2256.JPG","502.0"
"YLCV_NREC 2257.JPG","502.0"
"YLCV_NREC 2258.JPG","502.0"
"YLCV_NREC 2259.JPG","502.0"
"YLCV_NREC 2260.JPG","503.0"
"YLCV_NREC 2261.JPG","503.0"
"YLCV_NREC 2262.JPG","503.0"
"YLCV_NREC 2263.JPG","503.0"
"YLCV_NREC 2264.JPG","504.0"
"YLCV_NREC 2265.JPG","504.0"
"YLCV_NREC 2266.JPG","504.0"
"YLCV_NREC 2267.JPG","504.0"
"YLCV_NREC 2268.JPG","505.0"
"YLCV_NREC 2269.JPG","505.0"
"YLCV_NREC 2270.JPG","505.0"
"YLCV_NREC 2271.JPG","505.0"
"YLCV_NREC 2272.JPG","506.0"
"YLCV_NREC 2273.JPG","506.0"
"YLCV_NREC 2274.JPG","506.0"
"YLCV_NREC 2275.JPG","506.0"
"YLCV_NREC 2276.JPG","507.0"
"YLCV_NREC 2277.JPG","507.0"
"YLCV_NREC 2278.JPG","507.0"
"YLCV_NREC 2279.JPG","507.0"
"YLCV_NREC 2280.JPG","508.0"
"YLCV_NREC 2281.JPG","508.0"
"YLCV_NREC 2282.JPG","508.0"
"YLCV_NREC 2283.JPG","508.0"
"YLCV_NREC 2284.JPG","509.0"
"YLCV_NREC 2285.JPG","509.0"
"YLCV_NREC 2286.JPG","509.0"
"YLCV_NREC 2287.JPG","509.0"
"YLCV_NREC 2288.JPG","510.0"
"YLCV_NREC 2289.JPG","510.0"
"YLCV_NREC 2290.JPG","510.0"
"YLCV_NREC 2291.JPG","510.0"
"YLCV_NREC 2292.JPG","511.0"
"YLCV_NREC 2293.JPG","511.0"
"YLCV_NREC 2294.JPG","511.0"
"YLCV_NREC 2295.JPG","511.0"
"YLCV_NREC 2296.JPG","512.0"
"YLCV_NREC 2297.JPG","512.0"
"YLCV_NREC 2298.JPG","512.0"
"YLCV_NREC 2299.JPG","512.0"
"YLCV_NREC 2300.JPG","513.0"
"YLCV_NREC 2301.JPG","513.0"
"YLCV_NREC 2302.JPG","513.0"
"YLCV_NREC 2303.JPG","513.0"
"YLCV_NREC 2304.JPG","514.0"
"YLCV_NREC 2305.JPG","514.0"
"YLCV_NREC 2306.JPG","514.0"
"YLCV_NREC 2307.JPG","514.0"
"YLCV_NREC 2308.JPG","515.0"
"YLCV_NREC 2309.JPG","515.0"
"YLCV_NREC 2310.JPG","515.0"
"YLCV_NREC 2311.JPG","515.0"
"YLCV_NREC 2312.JPG","516.0"
"YLCV_NREC 2313.JPG","516.0"
"YLCV_NREC 2314.JPG","516.0"
"YLCV_NREC 2315.JPG","516.0"
"YLCV_NREC 2316.JPG","517.0"
"YLCV_NREC 2317.JPG","517.0"
"YLCV_NREC 2318.JPG","517.0"
"YLCV_NREC 2319.JPG","517.0"
"YLCV_NREC 2320.JPG","518.0"
"YLCV_NREC 2321.JPG","518.0"
"YLCV_NREC 2322.JPG","518.0"
"YLCV_NREC 2323.JPG","518.0"
"YLCV_NREC 2324.JPG","519.0"
"YLCV_NREC 2325.JPG","519.0"
"YLCV_NREC 2326.JPG","519.0"
"YLCV_NREC 2327.JPG","519.0"
"YLCV_NREC 2328.JPG","520.0"
"YLCV_NREC 2329.JPG","520.0"
"YLCV_NREC 2330.JPG","520.0"
"YLCV_NREC 2331.JPG","520.0"
"YLCV_NREC 2332.JPG","521.0"
"YLCV_NREC 2333.JPG","521.0"
"YLCV_NREC 2334.JPG","521.0"
"YLCV_NREC 2335.JPG","521.0"
"YLCV_NREC 2336.JPG","522.0"
"YLCV_NREC 2337.JPG","522.0"
"YLCV_NREC 2338.JPG","522.0"
"YLCV_NREC 2339.JPG","522.0"
"YLCV_NREC 2340.JPG","523.0"
"YLCV_NREC 2341.JPG","523.0"
"YLCV_NREC 2342.JPG","523.0"
"YLCV_NREC 2343.JPG","523.0"
"YLCV_NREC 2344.JPG","524.0"
"YLCV_NREC 2345.JPG","524.0"
"YLCV_NREC 2346.JPG","524.0"
"YLCV_NREC 2347.JPG","524.0"
"YLCV_NREC 2348.JPG","525.0"
"YLCV_NREC 2349.JPG","525.0"
"YLCV_NREC 2350.JPG","525.0"
"YLCV_NREC 2351.JPG","525.0"
"YLCV_NREC 2352.JPG","526.0"
"YLCV_NREC 2353.JPG","526.0"
"YLCV_NREC 2354.JPG","526.0"
"YLCV_NREC 2355.JPG","526.0"
"YLCV_NREC 2356.JPG","527.0"
"YLCV_NREC 2357.JPG","527.0"
"YLCV_NREC 2358.JPG","527.0"
"YLCV_NREC 2359.JPG","527.0"
"YLCV_NREC 2360.JPG","528.0"
"YLCV_NREC 2361.JPG","528.0"
"YLCV_NREC 2362.JPG","528.0"
"YLCV_NREC 2363.JPG","528.0"
"YLCV_NREC 2364.JPG","529.0"
"YLCV_NREC 2365.JPG","529.0"
"YLCV_NREC 2366.JPG","529.0"
"YLCV_NREC 2367.JPG","529.0"
"YLCV_NREC 2368.JPG","530.0"
"YLCV_NREC 2369.JPG","530.0"
"YLCV_NREC 2370.JPG","530.0"
"YLCV_NREC 2371.JPG","530.0"
"YLCV_NREC 2372.JPG","531.0"
"YLCV_NREC 2373.JPG","531.0"
"YLCV_NREC 2374.JPG","531.0"
"YLCV_NREC 2375.JPG","531.0"
"YLCV_NREC 2376.JPG","532.0"
"YLCV_NREC 2377.JPG","532.0"
"YLCV_NREC 2378.JPG","532.0"
"YLCV_NREC 2379.JPG","532.0"
"YLCV_NREC 2380.JPG","533.0"
"YLCV_NREC 2381.JPG","533.0"
"YLCV_NREC 2382.JPG","533.0"
"YLCV_NREC 2383.JPG","533.0"
"YLCV_NREC 2384.JPG","534.0"
"YLCV_NREC 2385.JPG","534.0"
"YLCV_NREC 2386.JPG","534.0"
"YLCV_NREC 2387.JPG","534.0"
"YLCV_NREC 2388.JPG","535.0"
"YLCV_NREC 2389.JPG","535.0"
"YLCV_NREC 2390.JPG","535.0"
"YLCV_NREC 2391.JPG","535.0"
"YLCV_NREC 2392.JPG","536.0"
"YLCV_NREC 2393.JPG","536.0"
"YLCV_NREC 2394.JPG","536.0"
"YLCV_NREC 2395.JPG","536.0"
"YLCV_NREC 2396.JPG","537.0"
"YLCV_NREC 2397.JPG","537.0"
"YLCV_NREC 2398.JPG","537.0"
"YLCV_NREC 2399.JPG","537.0"
"YLCV_NREC 2400.JPG","538.0"
"YLCV_NREC 2401.JPG","538.0"
"YLCV_NREC 2402.JPG","538.0"
"YLCV_NREC 2403.JPG","538.0"
"YLCV_NREC 2404.JPG","539.0"
"YLCV_NREC 2405.JPG","539.0"
"YLCV_NREC 2406.JPG","539.0"
"YLCV_NREC 2407.JPG","539.0"
"YLCV_NREC 2408.JPG","540.0"
"YLCV_NREC 2409.JPG","540.0"
"YLCV_NREC 2410.JPG","540.0"
"YLCV_NREC 2411.JPG","540.0"
"YLCV_NREC 2412.JPG","541.0"
"YLCV_NREC 2413.JPG","541.0"
"YLCV_NREC 2414.JPG","541.0"
"YLCV_NREC 2415.JPG","541.0"
"YLCV_NREC 2416.JPG","542.0"
"YLCV_NREC 2417.JPG","542.0"
"YLCV_NREC 2418.JPG","542.0"
"YLCV_NREC 2419.JPG","542.0"
"YLCV_NREC 2420.JPG","543.0"
"YLCV_NREC 2421.JPG","543.0"
"YLCV_NREC 2422.JPG","543.0"
"YLCV_NREC 2423.JPG","543.0"
"YLCV_NREC 2424.JPG","544.0"
"YLCV_NREC 2425.JPG","544.0"
"YLCV_NREC 2426.JPG","544.0"
"YLCV_NREC 2427.JPG","544.0"
"YLCV_NREC 2428.JPG","545.0"
"YLCV_NREC 2429.JPG","545.0"
"YLCV_NREC 2430.JPG","545.0"
"YLCV_NREC 2431.JPG","545.0"
"YLCV_NREC 2432.JPG","546.0"
"YLCV_NREC 2433.JPG","546.0"
"YLCV_NREC 2434.JPG","546.0"
"YLCV_NREC 2435.JPG","546.0"
"YLCV_NREC 2436.JPG","547.0"
"YLCV_NREC 2437.JPG","547.0"
"YLCV_NREC 2438.JPG","547.0"
"YLCV_NREC 2439.JPG","547.0"
"YLCV_NREC 2440.JPG","548.0"
"YLCV_NREC 2441.JPG","548.0"
"YLCV_NREC 2442.JPG","548.0"
"YLCV_NREC 2443.JPG","548.0"
"YLCV_NREC 2444.JPG","549.0"
"YLCV_NREC 2445.JPG","549.0"
"YLCV_NREC 2446.JPG","549.0"
"YLCV_NREC 2447.JPG","549.0"
"YLCV_NREC 2448.JPG","550.0"
"YLCV_NREC 2449.JPG","550.0"
"YLCV_NREC 2450.JPG","550.0"
"YLCV_NREC 2451.JPG","550.0"
"YLCV_NREC 2452.JPG","551.0"
"YLCV_NREC 2453.JPG","551.0"
"YLCV_NREC 2454.JPG","551.0"
"YLCV_NREC 2455.JPG","551.0"
"YLCV_NREC 2456.JPG","552.0"
"YLCV_NREC 2457.JPG","552.0"
"YLCV_NREC 2458.JPG","552.0"
"YLCV_NREC 2459.JPG","552.0"
"YLCV_NREC 2460.JPG","553.0"
"YLCV_NREC 2461.JPG","553.0"
"YLCV_NREC 2462.JPG","553.0"
"YLCV_NREC 2463.JPG","553.0"
"YLCV_NREC 2464.JPG","554.0"
"YLCV_NREC 2465.JPG","554.0"
"YLCV_NREC 2466.JPG","554.0"
"YLCV_NREC 2467.JPG","554.0"
"YLCV_NREC 2468.JPG","555.0"
"YLCV_NREC 2469.JPG","555.0"
"YLCV_NREC 2470.JPG","555.0"
"YLCV_NREC 2471.JPG","555.0"
"YLCV_NREC 2472.JPG","556.0"
"YLCV_NREC 2473.JPG","556.0"
"YLCV_NREC 2474.JPG","556.0"
"YLCV_NREC 2475.JPG","556.0"
"YLCV_NREC 2476.JPG","557.0"
"YLCV_NREC 2477.JPG","557.0"
"YLCV_NREC 2478.JPG","557.0"
"YLCV_NREC 2479.JPG","557.0"
"YLCV_NREC 2480.JPG","558.0"
"YLCV_NREC 2481.JPG","558.0"
"YLCV_NREC 2482.JPG","558.0"
"YLCV_NREC 2483.JPG","558.0"
"YLCV_NREC 2484.JPG","559.0"
"YLCV_NREC 2485.JPG","559.0"
"YLCV_NREC 2486.JPG","559.0"
"YLCV_NREC 2487.JPG","559.0"
"YLCV_NREC 2488.JPG","560.0"
"YLCV_NREC 2489.JPG","560.0"
"YLCV_NREC 2490.JPG","560.0"
"YLCV_NREC 2491.JPG","560.0"
"YLCV_NREC 2492.JPG","561.0"
"YLCV_NREC 2493.JPG","561.0"
"YLCV_NREC 2494.JPG","561.0"
"YLCV_NREC 2495.JPG","561.0"
"YLCV_NREC 2496.JPG","562.0"
"YLCV_NREC 2497.JPG","562.0"
"YLCV_NREC 2498.JPG","562.0"
"YLCV_NREC 2499.JPG","562.0"
"YLCV_NREC 2500.JPG","563.0"
"YLCV_NREC 2501.JPG","563.0"
"YLCV_NREC 2502.JPG","563.0"
"YLCV_NREC 2503.JPG","563.0"
"YLCV_NREC 2504.JPG","564.0"
"YLCV_NREC 2505.JPG","564.0"
"YLCV_NREC 2506.JPG","564.0"
"YLCV_NREC 2507.JPG","564.0"
"YLCV_NREC 2508.JPG","565.0"
"YLCV_NREC 2509.JPG","565.0"
"YLCV_NREC 2510.JPG","565.0"
"YLCV_NREC 2511.JPG","565.0"
"YLCV_NREC 2512.JPG","566.0"
"YLCV_NREC 2513.JPG","566.0"
"YLCV_NREC 2514.JPG","566.0"
"YLCV_NREC 2515.JPG","566.0"
"YLCV_NREC 2516.JPG","567.0"
"YLCV_NREC 2517.JPG","567.0"
"YLCV_NREC 2518.JPG","567.0"
"YLCV_NREC 2519.JPG","567.0"
"YLCV_NREC 2520.JPG","568.0"
"YLCV_NREC 2521.JPG","568.0"
"YLCV_NREC 2522.JPG","568.0"
"YLCV_NREC 2523.JPG","568.0"
"YLCV_NREC 2524.JPG","569.0"
"YLCV_NREC 2525.JPG","569.0"
"YLCV_NREC 2526.JPG","569.0"
"YLCV_NREC 2527.JPG","569.0"
"YLCV_NREC 2528.JPG","570.0"
"YLCV_NREC 2529.JPG","570.0"
"YLCV_NREC 2530.JPG","570.0"
"YLCV_NREC 2531.JPG","570.0"
"YLCV_NREC 2532.JPG","571.0"
"YLCV_NREC 2533.JPG","571.0"
"YLCV_NREC 2534.JPG","571.0"
"YLCV_NREC 2535.JPG","571.0"
"YLCV_NREC 2536.JPG","572.0"
"YLCV_NREC 2537.JPG","572.0"
"YLCV_NREC 2538.JPG","572.0"
"YLCV_NREC 2539.JPG","572.0"
"YLCV_NREC 2540.JPG","573.0"
"YLCV_NREC 2541.JPG","573.0"
"YLCV_NREC 2542.JPG","573.0"
"YLCV_NREC 2543.JPG","573.0"
"YLCV_NREC 2544.JPG","574.0"
"YLCV_NREC 2545.JPG","574.0"
"YLCV_NREC 2546.JPG","574.0"
"YLCV_NREC 2547.JPG","574.0"
"YLCV_NREC 2548.JPG","575.0"
"YLCV_NREC 2549.JPG","575.0"
"YLCV_NREC 2550.JPG","575.0"
"YLCV_NREC 2551.JPG","575.0"
"YLCV_NREC 2552.JPG","576.0"
"YLCV_NREC 2553.JPG","576.0"
"YLCV_NREC 2554.JPG","576.0"
"YLCV_NREC 2555.JPG","576.0"
"YLCV_NREC 2556.JPG","577.0"
"YLCV_NREC 2557.JPG","577.0"
"YLCV_NREC 2558.JPG","577.0"
"YLCV_NREC 2559.JPG","577.0"
"YLCV_NREC 2560.JPG","578.0"
"YLCV_NREC 2561.JPG","578.0"
"YLCV_NREC 2562.JPG","578.0"
"YLCV_NREC 2563.JPG","578.0"
"YLCV_NREC 2564.JPG","579.0"
"YLCV_NREC 2565.JPG","579.0"
"YLCV_NREC 2566.JPG","579.0"
"YLCV_NREC 2567.JPG","579.0"
"YLCV_NREC 2568.JPG","580.0"
"YLCV_NREC 2569.JPG","580.0"
"YLCV_NREC 2570.JPG","580.0"
"YLCV_NREC 2571.JPG","580.0"
"YLCV_NREC 2572.JPG","581.0"
"YLCV_NREC 2573.JPG","581.0"
"YLCV_NREC 2574.JPG","581.0"
"YLCV_NREC 2575.JPG","581.0"
"YLCV_NREC 2576.JPG","582.0"
"YLCV_NREC 2577.JPG","582.0"
"YLCV_NREC 2578.JPG","582.0"
"YLCV_NREC 2579.JPG","582.0"
"YLCV_NREC 2580.JPG","583.0"
"YLCV_NREC 2581.JPG","583.0"
"YLCV_NREC 2582.JPG","583.0"
"YLCV_NREC 2583.JPG","583.0"
"YLCV_NREC 2584.JPG","584.0"
"YLCV_NREC 2585.JPG","584.0"
"YLCV_NREC 2586.JPG","584.0"
"YLCV_NREC 2587.JPG","584.0"
"YLCV_NREC 2588.JPG","585.0"
"YLCV_NREC 2589.JPG","585.0"
"YLCV_NREC 2590.JPG","585.0"
"YLCV_NREC 2591.JPG","585.0"
"YLCV_NREC 2592.JPG","586.0"
"YLCV_NREC 2593.JPG","586.0"
"YLCV_NREC 2594.JPG","586.0"
"YLCV_NREC 2595.JPG","586.0"
"YLCV_NREC 2596.JPG","587.0"
"YLCV_NREC 2597.JPG","587.0"
"YLCV_NREC 2598.JPG","587.0"
"YLCV_NREC 2599.JPG","587.0"
"YLCV_NREC 2600.JPG","588.0"
"YLCV_NREC 2601.JPG","588.0"
"YLCV_NREC 2602.JPG","588.0"
"YLCV_NREC 2603.JPG","588.0"
"YLCV_NREC 2604.JPG","589.0"
"YLCV_NREC 2605.JPG","589.0"
"YLCV_NREC 2606.JPG","589.0"
"YLCV_NREC 2607.JPG","589.0"
"YLCV_NREC 2608.JPG","590.0"
"YLCV_NREC 2609.JPG","590.0"
"YLCV_NREC 2610.JPG","590.0"
"YLCV_NREC 2611.JPG","590.0"
"YLCV_NREC 2612.JPG","591.0"
"YLCV_NREC 2613.JPG","591.0"
"YLCV_NREC 2614.JPG","591.0"
"YLCV_NREC 2615.JPG","591.0"
"YLCV_NREC 2616.JPG","592.0"
"YLCV_NREC 2617.JPG","592.0"
"YLCV_NREC 2618.JPG","592.0"
"YLCV_NREC 2619.JPG","592.0"
"YLCV_NREC 2620.JPG","593.0"
"YLCV_NREC 2621.JPG","593.0"
"YLCV_NREC 2622.JPG","593.0"
"YLCV_NREC 2623.JPG","593.0"
"YLCV_NREC 2624.JPG","594.0"
"YLCV_NREC 2625.JPG","594.0"
"YLCV_NREC 2626.JPG","594.0"
"YLCV_NREC 2627.JPG","594.0"
"YLCV_NREC 2628.JPG","595.0"
"YLCV_NREC 2629.JPG","595.0"
"YLCV_NREC 2630.JPG","595.0"
"YLCV_NREC 2631.JPG","595.0"
"YLCV_NREC 2632.JPG","596.0"
"YLCV_NREC 2633.JPG","596.0"
"YLCV_NREC 2634.JPG","596.0"
"YLCV_NREC 2635.JPG","596.0"
"YLCV_NREC 2636.JPG","597.0"
"YLCV_NREC 2637.JPG","597.0"
"YLCV_NREC 2638.JPG","597.0"
"YLCV_NREC 2639.JPG","597.0"
"YLCV_NREC 2640.JPG","598.0"
"YLCV_NREC 2641.JPG","598.0"
"YLCV_NREC 2642.JPG","598.0"
"YLCV_NREC 2643.JPG","598.0"
"YLCV_NREC 2644.JPG","599.0"
"YLCV_NREC 2645.JPG","599.0"
"YLCV_NREC 2646.JPG","599.0"
"YLCV_NREC 2647.JPG","599.0"
"YLCV_NREC 2648.JPG","600.0"
"YLCV_NREC 2649.JPG","600.0"
"YLCV_NREC 2650.JPG","600.0"
"YLCV_NREC 2651.JPG","600.0"
"YLCV_NREC 2652.JPG","601.0"
"YLCV_NREC 2653.JPG","601.0"
"YLCV_NREC 2654.JPG","601.0"
"YLCV_NREC 2655.JPG","601.0"
"YLCV_NREC 2656.JPG","602.0"
"YLCV_NREC 2657.JPG","602.0"
"YLCV_NREC 2658.JPG","602.0"
"YLCV_NREC 2659.JPG","602.0"
"YLCV_NREC 2660.JPG","603.0"
"YLCV_NREC 2661.JPG","603.0"
"YLCV_NREC 2662.JPG","603.0"
"YLCV_NREC 2663.JPG","603.0"
"YLCV_NREC 2664.JPG","604.0"
"YLCV_NREC 2665.JPG","604.0"
"YLCV_NREC 2666.JPG","604.0"
"YLCV_NREC 2667.JPG","604.0"
"YLCV_NREC 2668.JPG","605.0"
"YLCV_NREC 2669.JPG","605.0"
"YLCV_NREC 2670.JPG","605.0"
"YLCV_NREC 2671.JPG","605.0"
"YLCV_NREC 2672.JPG","606.0"
"YLCV_NREC 2673.JPG","606.0"
"YLCV_NREC 2674.JPG","606.0"
"YLCV_NREC 2675.JPG","606.0"
"YLCV_NREC 2676.JPG","607.0"
"YLCV_NREC 2677.JPG","607.0"
"YLCV_NREC 2678.JPG","607.0"
"YLCV_NREC 2679.JPG","607.0"
"YLCV_NREC 2680.JPG","608.0"
"YLCV_NREC 2681.JPG","608.0"
"YLCV_NREC 2682.JPG","608.0"
"YLCV_NREC 2683.JPG","608.0"
"YLCV_NREC 2684.JPG","609.0"
"YLCV_NREC 2685.JPG","609.0"
"YLCV_NREC 2686.JPG","609.0"
"YLCV_NREC 2687.JPG","609.0"
"YLCV_NREC 2688.JPG","610.0"
"YLCV_NREC 2689.JPG","610.0"
"YLCV_NREC 2690.JPG","610.0"
"YLCV_NREC 2691.JPG","610.0"
"YLCV_NREC 2692.JPG","611.0"
"YLCV_NREC 2693.JPG","611.0"
"YLCV_NREC 2694.JPG","611.0"
"YLCV_NREC 2695.JPG","611.0"
"YLCV_NREC 2696.JPG","612.0"
"YLCV_NREC 2697.JPG","612.0"
"YLCV_NREC 2698.JPG","612.0"
"YLCV_NREC 2699.JPG","612.0"
"YLCV_NREC 2700.JPG","613.0"
"YLCV_NREC 2701.JPG","613.0"
"YLCV_NREC 2702.JPG","613.0"
"YLCV_NREC 2703.JPG","613.0"
"YLCV_NREC 2704.JPG","614.0"
"YLCV_NREC 2705.JPG","614.0"
"YLCV_NREC 2706.JPG","614.0"
"YLCV_NREC 2707.JPG","614.0"
"YLCV_NREC 2708.JPG","615.0"
"YLCV_NREC 2709.JPG","615.0"
"YLCV_NREC 2710.JPG","615.0"
"YLCV_NREC 2711.JPG","615.0"
"YLCV_NREC 2712.JPG","616.0"
"YLCV_NREC 2713.JPG","616.0"
"YLCV_NREC 2714.JPG","616.0"
"YLCV_NREC 2715.JPG","616.0"
"YLCV_NREC 2716.JPG","617.0"
"YLCV_NREC 2717.JPG","617.0"
"YLCV_NREC 2718.JPG","617.0"
"YLCV_NREC 2719.JPG","617.0"
"YLCV_NREC 2720.JPG","618.0"
"YLCV_NREC 2721.JPG","618.0"
"YLCV_NREC 2722.JPG","618.0"
"YLCV_NREC 2723.JPG","618.0"
"YLCV_NREC 2724.JPG","619.0"
"YLCV_NREC 2725.JPG","619.0"
"YLCV_NREC 2726.JPG","619.0"
"YLCV_NREC 2727.JPG","619.0"
"YLCV_NREC 2728.JPG","620.0"
"YLCV_NREC 2729.JPG","620.0"
"YLCV_NREC 2730.JPG","620.0"
"YLCV_NREC 2731.JPG","620.0"
"YLCV_NREC 2732.JPG","621.0"
"YLCV_NREC 2733.JPG","621.0"
"YLCV_NREC 2734.JPG","621.0"
"YLCV_NREC 2735.JPG","621.0"
"YLCV_NREC 2736.JPG","622.0"
"YLCV_NREC 2737.JPG","622.0"
"YLCV_NREC 2738.JPG","622.0"
"YLCV_NREC 2739.JPG","622.0"
"YLCV_NREC 2740.JPG","623.0"
"YLCV_NREC 2741.JPG","623.0"
"YLCV_NREC 2742.JPG","623.0"
"YLCV_NREC 2743.JPG","623.0"
"YLCV_NREC 2744.JPG","624.0"
"YLCV_NREC 2745.JPG","624.0"
"YLCV_NREC 2746.JPG","624.0"
"YLCV_NREC 2747.JPG","624.0"
"YLCV_NREC 2748.JPG","625.0"
"YLCV_NREC 2749.JPG","625.0"
"YLCV_NREC 2750.JPG","625.0"
"YLCV_NREC 2751.JPG","625.0"
"YLCV_NREC 2752.JPG","626.0"
"YLCV_NREC 2753.JPG","626.0"
"YLCV_NREC 2754.JPG","626.0"
"YLCV_NREC 2755.JPG","626.0"
"YLCV_NREC 2756.JPG","627.0"
"YLCV_NREC 2757.JPG","627.0"
"YLCV_NREC 2758.JPG","627.0"
"YLCV_NREC 2759.JPG","627.0"
"YLCV_NREC 2760.JPG","628.0"
"YLCV_NREC 2761.JPG","628.0"
"YLCV_NREC 2762.JPG","628.0"
"YLCV_NREC 2763.JPG","628.0"
"YLCV_NREC 2764.JPG","629.0"
"YLCV_NREC 2765.JPG","629.0"
"YLCV_NREC 2766.JPG","629.0"
"YLCV_NREC 2767.JPG","629.0"
"YLCV_NREC 2768.JPG","630.0"
"YLCV_NREC 2769.JPG","630.0"
"YLCV_NREC 2770.JPG","630.0"
"YLCV_NREC 2771.JPG","630.0"
"YLCV_NREC 2772.JPG","631.0"
"YLCV_NREC 2773.JPG","631.0"
"YLCV_NREC 2774.JPG","631.0"
"YLCV_NREC 2775.JPG","631.0"
"YLCV_NREC 2776.JPG","632.0"
"YLCV_NREC 2777.JPG","632.0"
"YLCV_NREC 2778.JPG","632.0"
"YLCV_NREC 2779.JPG","632.0"
"YLCV_NREC 2780.JPG","633.0"
"YLCV_NREC 2781.JPG","633.0"
"YLCV_NREC 2782.JPG","633.0"
"YLCV_NREC 2783.JPG","633.0"
"YLCV_NREC 2784.JPG","634.0"
"YLCV_NREC 2785.JPG","634.0"
"YLCV_NREC 2786.JPG","634.0"
"YLCV_NREC 2787.JPG","634.0"
"YLCV_NREC 2788.JPG","635.0"
"YLCV_NREC 2789.JPG","635.0"
"YLCV_NREC 2790.JPG","635.0"
"YLCV_NREC 2791.JPG","635.0"
"YLCV_NREC 2792.JPG","636.0"
"YLCV_NREC 2793.JPG","636.0"
"YLCV_NREC 2794.JPG","636.0"
"YLCV_NREC 2795.JPG","636.0"
"YLCV_NREC 2796.JPG","637.0"
"YLCV_NREC 2797.JPG","637.0"
"YLCV_NREC 2798.JPG","637.0"
"YLCV_NREC 2799.JPG","637.0"
"YLCV_NREC 2800.JPG","638.0"
"YLCV_NREC 2801.JPG","638.0"
"YLCV_NREC 2802.JPG","638.0"
"YLCV_NREC 2803.JPG","638.0"
"YLCV_NREC 2804.JPG","639.0"
"YLCV_NREC 2805.JPG","639.0"
"YLCV_NREC 2806.JPG","639.0"
"YLCV_NREC 2808.JPG","639.0"
"YLCV_NREC 2809.JPG","640.0"
"YLCV_NREC 2810.JPG","640.0"
"YLCV_NREC 2811.JPG","640.0"
"YLCV_NREC 2812.JPG","640.0"
"YLCV_NREC 2813.JPG","641.0"
"YLCV_NREC 2814.JPG","641.0"
"YLCV_NREC 2815.JPG","641.0"
"YLCV_NREC 2816.JPG","641.0"
"YLCV_NREC 2817.JPG","642.0"
"YLCV_NREC 2818.JPG","642.0"
"YLCV_NREC 2819.JPG","642.0"
"YLCV_NREC 2820.JPG","642.0"
"YLCV_NREC 2821.JPG","643.0"
"YLCV_NREC 2822.JPG","643.0"
"YLCV_NREC 2823.JPG","643.0"
"YLCV_NREC 2824.JPG","643.0"
"YLCV_NREC 2825.JPG","644.0"
"YLCV_NREC 2826.JPG","644.0"
"YLCV_NREC 2827.JPG","644.0"
"YLCV_NREC 2828.JPG","644.0"
"YLCV_NREC 2829.JPG","645.0"
"YLCV_NREC 2830.JPG","645.0"
"YLCV_NREC 2831.JPG","645.0"
"YLCV_NREC 2832.JPG","645.0"
"YLCV_NREC 2833.JPG","646.0"
"YLCV_NREC 2834.JPG","646.0"
"YLCV_NREC 2835.JPG","646.0"
"YLCV_NREC 2836.JPG","646.0"
"YLCV_NREC 2837.JPG","647.0"
"YLCV_NREC 2838.JPG","647.0"
"YLCV_NREC 2839.JPG","647.0"
"YLCV_NREC 2840.JPG","647.0"
"YLCV_NREC 2841.JPG","648.0"
"YLCV_NREC 2842.JPG","648.0"
"YLCV_NREC 2843.JPG","648.0"
"YLCV_NREC 2844.JPG","648.0"
"YLCV_NREC 2845.JPG","649.0"
"YLCV_NREC 2846.JPG","649.0"
"YLCV_NREC 2847.JPG","649.0"
"YLCV_NREC 2848.JPG","649.0"
"YLCV_NREC 2849.JPG","650.0"
"YLCV_NREC 2850.JPG","650.0"
"YLCV_NREC 2851.JPG","650.0"
"YLCV_NREC 2852.JPG","650.0"
"YLCV_NREC 2853.JPG","651.0"
"YLCV_NREC 2854.JPG","651.0"
"YLCV_NREC 2855.JPG","651.0"
"YLCV_NREC 2856.JPG","651.0"
"YLCV_NREC 2857.JPG","652.0"
"YLCV_NREC 2858.JPG","652.0"
"YLCV_NREC 2859.JPG","652.0"
"YLCV_NREC 2860.JPG","652.0"
"YLCV_NREC 2861.JPG","653.0"
"YLCV_NREC 2862.JPG","653.0"
"YLCV_NREC 2863.JPG","653.0"
"YLCV_NREC 2864.JPG","653.0"
"YLCV_NREC 2865.JPG","654.0"
"YLCV_NREC 2866.JPG","654.0"
"YLCV_NREC 2867.JPG","654.0"
"YLCV_NREC 2868.JPG","654.0"
"YLCV_NREC 2869.JPG","655.0"
"YLCV_NREC 2870.JPG","655.0"
"YLCV_NREC 2871.JPG","655.0"
"YLCV_NREC 2872.JPG","655.0"
"YLCV_NREC 2873.JPG","656.0"
"YLCV_NREC 2874.JPG","656.0"
"YLCV_NREC 2875.JPG","656.0"
"YLCV_NREC 2876.JPG","656.0"
"YLCV_NREC 2877.JPG","657.0"
"YLCV_NREC 2878.JPG","657.0"
"YLCV_NREC 2879.JPG","657.0"
"YLCV_NREC 2880.JPG","657.0"
"YLCV_NREC 2881.JPG","658.0"
"YLCV_NREC 2882.JPG","658.0"
"YLCV_NREC 2883.JPG","658.0"
"YLCV_NREC 2884.JPG","658.0"
"YLCV_NREC 2885.JPG","659.0"
"YLCV_NREC 2886.JPG","659.0"
"YLCV_NREC 2887.JPG","659.0"
"YLCV_NREC 2888.JPG","659.0"
"YLCV_NREC 2889.JPG","660.0"
"YLCV_NREC 2890.JPG","660.0"
"YLCV_NREC 2891.JPG","660.0"
"YLCV_NREC 2892.JPG","660.0"
"YLCV_NREC 2893.JPG","661.0"
"YLCV_NREC 2894.JPG","661.0"
"YLCV_NREC 2895.JPG","661.0"
"YLCV_NREC 2896.JPG","661.0"
"YLCV_NREC 2897.JPG","662.0"
"YLCV_NREC 2898.JPG","662.0"
"YLCV_NREC 2899.JPG","662.0"
"YLCV_NREC 2900.JPG","662.0"
"YLCV_NREC 2901.JPG","663.0"
"YLCV_NREC 2902.JPG","663.0"
"YLCV_NREC 2903.JPG","663.0"
"YLCV_NREC 2904.JPG","663.0"
"YLCV_NREC 2905.JPG","664.0"
"YLCV_NREC 2906.JPG","664.0"
"YLCV_NREC 2907.JPG","664.0"
"YLCV_NREC 2908.JPG","664.0"
"YLCV_NREC 2909.JPG","665.0"
"YLCV_NREC 2910.JPG","665.0"
"YLCV_NREC 2911.JPG","665.0"
"YLCV_NREC 2912.JPG","665.0"
"YLCV_NREC 2913.JPG","666.0"
"YLCV_NREC 2914.JPG","666.0"
"YLCV_NREC 2915.JPG","666.0"
"YLCV_NREC 2916.JPG","666.0"
"YLCV_NREC 2917.JPG","667.0"
"YLCV_NREC 2918.JPG","667.0"
"YLCV_NREC 2919.JPG","667.0"
"YLCV_NREC 2920.JPG","667.0"
"YLCV_NREC 2921.JPG","668.0"
"YLCV_NREC 2922.JPG","668.0"
"YLCV_NREC 2923.JPG","668.0"
"YLCV_NREC 2924.JPG","668.0"
"YLCV_NREC 2925.JPG","669.0"
"YLCV_NREC 2926.JPG","669.0"
"YLCV_NREC 2927.JPG","669.0"
"YLCV_NREC 2928.JPG","669.0"
"YLCV_NREC 2929.JPG","670.0"
"YLCV_NREC 2930.JPG","670.0"
"YLCV_NREC 2931.JPG","670.0"
"YLCV_NREC 2932.JPG","670.0"
"YLCV_NREC 2933.JPG","671.0"
"YLCV_NREC 2934.JPG","671.0"
"YLCV_NREC 2935.JPG","671.0"
"YLCV_NREC 2936.JPG","671.0"
"YLCV_NREC 2937.JPG","672.0"
"YLCV_NREC 2938.JPG","672.0"
"YLCV_NREC 2939.JPG","672.0"
"YLCV_NREC 2940.JPG","672.0"
"YLCV_NREC 2941.JPG","673.0"
"YLCV_NREC 2942.JPG","673.0"
"YLCV_NREC 2943.JPG","673.0"
"YLCV_NREC 2944.JPG","673.0"
"YLCV_NREC 2945.JPG","674.0"
"YLCV_NREC 2946.JPG","674.0"
"YLCV_NREC 2947.JPG","674.0"
"YLCV_NREC 2948.JPG","674.0"
"YLCV_NREC 2949.JPG","675.0"
"YLCV_NREC 2950.JPG","675.0"
"YLCV_NREC 2951.JPG","675.0"
"YLCV_NREC 2952.JPG","675.0"
"YLCV_NREC 2953.JPG","676.0"
"YLCV_NREC 2954.JPG","676.0"
"YLCV_NREC 2955.JPG","676.0"
"YLCV_NREC 2956.JPG","676.0"
"YLCV_NREC 2957.JPG","677.0"
"YLCV_NREC 2958.JPG","677.0"
"YLCV_NREC 2959.JPG","677.0"
"YLCV_NREC 2960.JPG","677.0"
"YLCV_NREC 2961.JPG","678.0"
"YLCV_NREC 2962.JPG","678.0"
"YLCV_NREC 2963.JPG","678.0"
"YLCV_NREC 2964.JPG","678.0"
"YLCV_NREC 2965.JPG","679.0"
"YLCV_NREC 2966.JPG","679.0"
"YLCV_NREC 2967.JPG","679.0"
"YLCV_NREC 2968.JPG","679.0"
"YLCV_NREC 2969.JPG","680.0"
"YLCV_NREC 2970.JPG","680.0"
"YLCV_NREC 2971.JPG","680.0"
"YLCV_NREC 2972.JPG","680.0"
"YLCV_NREC 2973.JPG","681.0"
"YLCV_NREC 2974.JPG","681.0"
"YLCV_NREC 2975.JPG","681.0"
"YLCV_NREC 2976.JPG","681.0"
"YLCV_NREC 2977.JPG","682.0"
"YLCV_NREC 2978.JPG","682.0"
"YLCV_NREC 2979.JPG","682.0"
"YLCV_NREC 2980.JPG","682.0"
"YLCV_NREC 2981.JPG","683.0"
"YLCV_NREC 2982.JPG","683.0"
"YLCV_NREC 2983.JPG","683.0"
"YLCV_NREC 2984.JPG","683.0"
"YLCV_NREC 2985.JPG","684.0"
"YLCV_NREC 2986.JPG","684.0"
"YLCV_NREC 2987.JPG","684.0"
"YLCV_NREC 2988.JPG","684.0"
"YLCV_NREC 2989.JPG","685.0"
"YLCV_NREC 2990.JPG","685.0"
"YLCV_NREC 2991.JPG","685.0"
"YLCV_NREC 2992.JPG","685.0"
