"File Name","Leaf #"
"UF.Citrus_HLB_Lab 0001.JPG","1.0"
"UF.Citrus_HLB_Lab 0002.JPG","1.0"
"UF.Citrus_HLB_Lab 0003.JPG","1.0"
"UF.Citrus_HLB_Lab 0004.JPG","1.0"
"UF.Citrus_HLB_Lab 0005.JPG","1.0"
"UF.Citrus_HLB_Lab 0006.JPG","2.0"
"UF.Citrus_HLB_Lab 0007.JPG","2.0"
"UF.Citrus_HLB_Lab 0008.JPG","2.0"
"UF.Citrus_HLB_Lab 0009.JPG","2.0"
"UF.Citrus_HLB_Lab 0010.JPG","2.0"
"UF.Citrus_HLB_Lab 0011.JPG","2.0"
"UF.Citrus_HLB_Lab 0012.JPG","2.0"
"UF.Citrus_HLB_Lab 0013.JPG","2.0"
"UF.Citrus_HLB_Lab 0014.JPG","2.0"
"UF.Citrus_HLB_Lab 0015.JPG","2.0"
"UF.Citrus_HLB_Lab 0016.JPG","3.0"
"UF.Citrus_HLB_Lab 0017.JPG","3.0"
"UF.Citrus_HLB_Lab 0018.JPG","3.0"
"UF.Citrus_HLB_Lab 0019.JPG","3.0"
"UF.Citrus_HLB_Lab 0020.JPG","3.0"
"UF.Citrus_HLB_Lab 0021.JPG","3.0"
"UF.Citrus_HLB_Lab 0022.JPG","3.0"
"UF.Citrus_HLB_Lab 0023.JPG","3.0"
"UF.Citrus_HLB_Lab 0024.JPG","3.0"
"UF.Citrus_HLB_Lab 0025.JPG","3.0"
"UF.Citrus_HLB_Lab 0026.JPG","4.0"
"UF.Citrus_HLB_Lab 0027.JPG","4.0"
"UF.Citrus_HLB_Lab 0028.JPG","4.0"
"UF.Citrus_HLB_Lab 0029.JPG","4.0"
"UF.Citrus_HLB_Lab 0030.JPG","4.0"
"UF.Citrus_HLB_Lab 0031.JPG","4.0"
"UF.Citrus_HLB_Lab 0032.JPG","4.0"
"UF.Citrus_HLB_Lab 0033.JPG","4.0"
"UF.Citrus_HLB_Lab 0034.JPG","4.0"
"UF.Citrus_HLB_Lab 0035.JPG","4.0"
"UF.Citrus_HLB_Lab 0036.JPG","5.0"
"UF.Citrus_HLB_Lab 0037.JPG","5.0"
"UF.Citrus_HLB_Lab 0038.JPG","5.0"
"UF.Citrus_HLB_Lab 0039.JPG","5.0"
"UF.Citrus_HLB_Lab 0040.JPG","5.0"
"UF.Citrus_HLB_Lab 0041.JPG","5.0"
"UF.Citrus_HLB_Lab 0042.JPG","5.0"
"UF.Citrus_HLB_Lab 0043.JPG","5.0"
"UF.Citrus_HLB_Lab 0044.JPG","5.0"
"UF.Citrus_HLB_Lab 0045.JPG","5.0"
"UF.Citrus_HLB_Lab 0046.JPG","6.0"
"UF.Citrus_HLB_Lab 0047.JPG","6.0"
"UF.Citrus_HLB_Lab 0048.JPG","6.0"
"UF.Citrus_HLB_Lab 0049.JPG","6.0"
"UF.Citrus_HLB_Lab 0050.JPG","6.0"
"UF.Citrus_HLB_Lab 0051.JPG","6.0"
"UF.Citrus_HLB_Lab 0052.JPG","6.0"
"UF.Citrus_HLB_Lab 0053.JPG","6.0"
"UF.Citrus_HLB_Lab 0054.JPG","6.0"
"UF.Citrus_HLB_Lab 0055.JPG","6.0"
"UF.Citrus_HLB_Lab 0056.JPG","7.0"
"UF.Citrus_HLB_Lab 0057.JPG","7.0"
"UF.Citrus_HLB_Lab 0058.JPG","7.0"
"UF.Citrus_HLB_Lab 0059.JPG","7.0"
"UF.Citrus_HLB_Lab 0060.JPG","7.0"
"UF.Citrus_HLB_Lab 0061.JPG","7.0"
"UF.Citrus_HLB_Lab 0062.JPG","7.0"
"UF.Citrus_HLB_Lab 0063.JPG","7.0"
"UF.Citrus_HLB_Lab 0064.JPG","7.0"
"UF.Citrus_HLB_Lab 0065.JPG","7.0"
"UF.Citrus_HLB_Lab 0066.JPG","8.0"
"UF.Citrus_HLB_Lab 0067.JPG","8.0"
"UF.Citrus_HLB_Lab 0068.JPG","8.0"
"UF.Citrus_HLB_Lab 0069.JPG","8.0"
"UF.Citrus_HLB_Lab 0070.JPG","8.0"
"UF.Citrus_HLB_Lab 0071.JPG","8.0"
"UF.Citrus_HLB_Lab 0072.JPG","8.0"
"UF.Citrus_HLB_Lab 0073.JPG","8.0"
"UF.Citrus_HLB_Lab 0074.JPG","8.0"
"UF.Citrus_HLB_Lab 0075.JPG","8.0"
"UF.Citrus_HLB_Lab 0076.JPG","9.0"
"UF.Citrus_HLB_Lab 0077.JPG","9.0"
"UF.Citrus_HLB_Lab 0078.JPG","9.0"
"UF.Citrus_HLB_Lab 0079.JPG","9.0"
"UF.Citrus_HLB_Lab 0080.JPG","9.0"
"UF.Citrus_HLB_Lab 0081.JPG","9.0"
"UF.Citrus_HLB_Lab 0082.JPG","9.0"
"UF.Citrus_HLB_Lab 0083.JPG","9.0"
"UF.Citrus_HLB_Lab 0084.JPG","9.0"
"UF.Citrus_HLB_Lab 0085.JPG","9.0"
"UF.Citrus_HLB_Lab 0086.JPG","9.0"
"UF.Citrus_HLB_Lab 0087.JPG","10.0"
"UF.Citrus_HLB_Lab 0088.JPG","10.0"
"UF.Citrus_HLB_Lab 0089.JPG","10.0"
"UF.Citrus_HLB_Lab 0090.JPG","10.0"
"UF.Citrus_HLB_Lab 0091.JPG","10.0"
"UF.Citrus_HLB_Lab 0092.JPG","10.0"
"UF.Citrus_HLB_Lab 0093.JPG","10.0"
"UF.Citrus_HLB_Lab 0094.JPG","10.0"
"UF.Citrus_HLB_Lab 0095.JPG","10.0"
"UF.Citrus_HLB_Lab 0096.JPG","10.0"
"UF.Citrus_HLB_Lab 0097.JPG","10.0"
"UF.Citrus_HLB_Lab 0098.JPG","10.0"
"UF.Citrus_HLB_Lab 0099.JPG","11.0"
"UF.Citrus_HLB_Lab 0100.JPG","11.0"
"UF.Citrus_HLB_Lab 0101.JPG","11.0"
"UF.Citrus_HLB_Lab 0102.JPG","11.0"
"UF.Citrus_HLB_Lab 0103.JPG","11.0"
"UF.Citrus_HLB_Lab 0104.JPG","11.0"
"UF.Citrus_HLB_Lab 0105.JPG","11.0"
"UF.Citrus_HLB_Lab 0106.JPG","11.0"
"UF.Citrus_HLB_Lab 0107.JPG","11.0"
"UF.Citrus_HLB_Lab 0108.JPG","11.0"
"UF.Citrus_HLB_Lab 0109.JPG","12.0"
"UF.Citrus_HLB_Lab 0110.JPG","12.0"
"UF.Citrus_HLB_Lab 0111.JPG","12.0"
"UF.Citrus_HLB_Lab 0112.JPG","12.0"
"UF.Citrus_HLB_Lab 0113.JPG","12.0"
"UF.Citrus_HLB_Lab 0114.JPG","12.0"
"UF.Citrus_HLB_Lab 0115.JPG","12.0"
"UF.Citrus_HLB_Lab 0116.JPG","12.0"
"UF.Citrus_HLB_Lab 0117.JPG","13.0"
"UF.Citrus_HLB_Lab 0118.JPG","13.0"
"UF.Citrus_HLB_Lab 0119.JPG","13.0"
"UF.Citrus_HLB_Lab 0120.JPG","13.0"
"UF.Citrus_HLB_Lab 0121.JPG","13.0"
"UF.Citrus_HLB_Lab 0122.JPG","13.0"
"UF.Citrus_HLB_Lab 0123.JPG","13.0"
"UF.Citrus_HLB_Lab 0124.JPG","13.0"
"UF.Citrus_HLB_Lab 0125.JPG","13.0"
"UF.Citrus_HLB_Lab 0126.JPG","13.0"
"UF.Citrus_HLB_Lab 0127.JPG","14.0"
"UF.Citrus_HLB_Lab 0128.JPG","14.0"
"UF.Citrus_HLB_Lab 0129.JPG","14.0"
"UF.Citrus_HLB_Lab 0130.JPG","14.0"
"UF.Citrus_HLB_Lab 0131.JPG","14.0"
"UF.Citrus_HLB_Lab 0132.JPG","14.0"
"UF.Citrus_HLB_Lab 0133.JPG","14.0"
"UF.Citrus_HLB_Lab 0134.JPG","14.0"
"UF.Citrus_HLB_Lab 0135.JPG","14.0"
"UF.Citrus_HLB_Lab 0136.JPG","14.0"
"UF.Citrus_HLB_Lab 0137.JPG","14.0"
"UF.Citrus_HLB_Lab 0138.JPG","15.0"
"UF.Citrus_HLB_Lab 0139.JPG","15.0"
"UF.Citrus_HLB_Lab 0140.JPG","15.0"
"UF.Citrus_HLB_Lab 0141.JPG","15.0"
"UF.Citrus_HLB_Lab 0142.JPG","15.0"
"UF.Citrus_HLB_Lab 0143.JPG","15.0"
"UF.Citrus_HLB_Lab 0144.JPG","15.0"
"UF.Citrus_HLB_Lab 0145.JPG","15.0"
"UF.Citrus_HLB_Lab 0146.JPG","15.0"
"UF.Citrus_HLB_Lab 0147.JPG","15.0"
"UF.Citrus_HLB_Lab 0148.JPG","16.0"
"UF.Citrus_HLB_Lab 0149.JPG","16.0"
"UF.Citrus_HLB_Lab 0150.JPG","16.0"
"UF.Citrus_HLB_Lab 0151.JPG","16.0"
"UF.Citrus_HLB_Lab 0152.JPG","16.0"
"UF.Citrus_HLB_Lab 0153.JPG","16.0"
"UF.Citrus_HLB_Lab 0154.JPG","16.0"
"UF.Citrus_HLB_Lab 0155.JPG","16.0"
"UF.Citrus_HLB_Lab 0156.JPG","16.0"
"UF.Citrus_HLB_Lab 0157.JPG","16.0"
"UF.Citrus_HLB_Lab 0158.JPG","16.0"
"UF.Citrus_HLB_Lab 0159.JPG","16.0"
"UF.Citrus_HLB_Lab 0160.JPG","16.0"
"UF.Citrus_HLB_Lab 0161.JPG","16.0"
"UF.Citrus_HLB_Lab 0162.JPG","16.0"
"UF.Citrus_HLB_Lab 0163.JPG","16.0"
"UF.Citrus_HLB_Lab 0164.JPG","16.0"
"UF.Citrus_HLB_Lab 0165.JPG","16.0"
"UF.Citrus_HLB_Lab 0166.JPG","16.0"
"UF.Citrus_HLB_Lab 0167.JPG","16.0"
"UF.Citrus_HLB_Lab 0168.JPG","17.0"
"UF.Citrus_HLB_Lab 0169.JPG","17.0"
"UF.Citrus_HLB_Lab 0170.JPG","17.0"
"UF.Citrus_HLB_Lab 0171.JPG","17.0"
"UF.Citrus_HLB_Lab 0172.JPG","17.0"
"UF.Citrus_HLB_Lab 0173.JPG","17.0"
"UF.Citrus_HLB_Lab 0174.JPG","17.0"
"UF.Citrus_HLB_Lab 0175.JPG","17.0"
"UF.Citrus_HLB_Lab 0176.JPG","17.0"
"UF.Citrus_HLB_Lab 0177.JPG","17.0"
"UF.Citrus_HLB_Lab 0178.JPG","17.0"
"UF.Citrus_HLB_Lab 0179.JPG","17.0"
"UF.Citrus_HLB_Lab 0180.JPG","17.0"
"UF.Citrus_HLB_Lab 0181.JPG","17.0"
"UF.Citrus_HLB_Lab 0182.JPG","17.0"
"UF.Citrus_HLB_Lab 0183.JPG","17.0"
"UF.Citrus_HLB_Lab 0184.JPG","17.0"
"UF.Citrus_HLB_Lab 0185.JPG","17.0"
"UF.Citrus_HLB_Lab 0186.JPG","17.0"
"UF.Citrus_HLB_Lab 0187.JPG","17.0"
"UF.Citrus_HLB_Lab 0188.JPG","18.0"
"UF.Citrus_HLB_Lab 0189.JPG","18.0"
"UF.Citrus_HLB_Lab 0190.JPG","18.0"
"UF.Citrus_HLB_Lab 0191.JPG","18.0"
"UF.Citrus_HLB_Lab 0192.JPG","18.0"
"UF.Citrus_HLB_Lab 0193.JPG","18.0"
"UF.Citrus_HLB_Lab 0194.JPG","18.0"
"UF.Citrus_HLB_Lab 0195.JPG","18.0"
"UF.Citrus_HLB_Lab 0196.JPG","18.0"
"UF.Citrus_HLB_Lab 0197.JPG","18.0"
"UF.Citrus_HLB_Lab 0198.JPG","18.0"
"UF.Citrus_HLB_Lab 0199.JPG","18.0"
"UF.Citrus_HLB_Lab 0200.JPG","18.0"
"UF.Citrus_HLB_Lab 0201.JPG","18.0"
"UF.Citrus_HLB_Lab 0202.JPG","18.0"
"UF.Citrus_HLB_Lab 0203.JPG","18.0"
"UF.Citrus_HLB_Lab 0204.JPG","19.0"
"UF.Citrus_HLB_Lab 0205.JPG","19.0"
"UF.Citrus_HLB_Lab 0206.JPG","19.0"
"UF.Citrus_HLB_Lab 0207.JPG","19.0"
"UF.Citrus_HLB_Lab 0208.JPG","19.0"
"UF.Citrus_HLB_Lab 0209.JPG","19.0"
"UF.Citrus_HLB_Lab 0210.JPG","19.0"
"UF.Citrus_HLB_Lab 0211.JPG","19.0"
"UF.Citrus_HLB_Lab 0212.JPG","19.0"
"UF.Citrus_HLB_Lab 0213.JPG","19.0"
"UF.Citrus_HLB_Lab 0214.JPG","19.0"
"UF.Citrus_HLB_Lab 0215.JPG","19.0"
"UF.Citrus_HLB_Lab 0216.JPG","19.0"
"UF.Citrus_HLB_Lab 0217.JPG","19.0"
"UF.Citrus_HLB_Lab 0218.JPG","19.0"
"UF.Citrus_HLB_Lab 0219.JPG","19.0"
"UF.Citrus_HLB_Lab 0220.JPG","19.0"
"UF.Citrus_HLB_Lab 0221.JPG","19.0"
"UF.Citrus_HLB_Lab 0222.JPG","19.0"
"UF.Citrus_HLB_Lab 0223.JPG","19.0"
"UF.Citrus_HLB_Lab 0224.JPG","19.0"
"UF.Citrus_HLB_Lab 0225.JPG","20.0"
"UF.Citrus_HLB_Lab 0226.JPG","20.0"
"UF.Citrus_HLB_Lab 0227.JPG","20.0"
"UF.Citrus_HLB_Lab 0228.JPG","20.0"
"UF.Citrus_HLB_Lab 0229.JPG","20.0"
"UF.Citrus_HLB_Lab 0230.JPG","20.0"
"UF.Citrus_HLB_Lab 0231.JPG","20.0"
"UF.Citrus_HLB_Lab 0232.JPG","20.0"
"UF.Citrus_HLB_Lab 0233.JPG","20.0"
"UF.Citrus_HLB_Lab 0234.JPG","20.0"
"UF.Citrus_HLB_Lab 0235.JPG","20.0"
"UF.Citrus_HLB_Lab 0236.JPG","20.0"
"UF.Citrus_HLB_Lab 0237.JPG","20.0"
"UF.Citrus_HLB_Lab 0238.JPG","20.0"
"UF.Citrus_HLB_Lab 0239.JPG","20.0"
"UF.Citrus_HLB_Lab 0240.JPG","21.0"
"UF.Citrus_HLB_Lab 0241.JPG","21.0"
"UF.Citrus_HLB_Lab 0242.JPG","21.0"
"UF.Citrus_HLB_Lab 0243.JPG","21.0"
"UF.Citrus_HLB_Lab 0244.JPG","21.0"
"UF.Citrus_HLB_Lab 0245.JPG","21.0"
"UF.Citrus_HLB_Lab 0246.JPG","21.0"
"UF.Citrus_HLB_Lab 0247.JPG","21.0"
"UF.Citrus_HLB_Lab 0248.JPG","21.0"
"UF.Citrus_HLB_Lab 0249.JPG","21.0"
"UF.Citrus_HLB_Lab 0250.JPG","21.0"
"UF.Citrus_HLB_Lab 0251.JPG","21.0"
"UF.Citrus_HLB_Lab 0252.JPG","21.0"
"UF.Citrus_HLB_Lab 0253.JPG","21.0"
"UF.Citrus_HLB_Lab 0254.JPG","21.0"
"UF.Citrus_HLB_Lab 0255.JPG","21.0"
"UF.Citrus_HLB_Lab 0256.JPG","21.0"
"UF.Citrus_HLB_Lab 0257.JPG","21.0"
"UF.Citrus_HLB_Lab 0258.JPG","21.0"
"UF.Citrus_HLB_Lab 0259.JPG","21.0"
"UF.Citrus_HLB_Lab 0260.JPG","22.0"
"UF.Citrus_HLB_Lab 0261.JPG","22.0"
"UF.Citrus_HLB_Lab 0262.JPG","22.0"
"UF.Citrus_HLB_Lab 0263.JPG","22.0"
"UF.Citrus_HLB_Lab 0264.JPG","22.0"
"UF.Citrus_HLB_Lab 0265.JPG","22.0"
"UF.Citrus_HLB_Lab 0266.JPG","22.0"
"UF.Citrus_HLB_Lab 0267.JPG","22.0"
"UF.Citrus_HLB_Lab 0268.JPG","22.0"
"UF.Citrus_HLB_Lab 0269.JPG","22.0"
"UF.Citrus_HLB_Lab 0270.JPG","22.0"
"UF.Citrus_HLB_Lab 0271.JPG","22.0"
"UF.Citrus_HLB_Lab 0272.JPG","22.0"
"UF.Citrus_HLB_Lab 0273.JPG","22.0"
"UF.Citrus_HLB_Lab 0274.JPG","22.0"
"UF.Citrus_HLB_Lab 0275.JPG","22.0"
"UF.Citrus_HLB_Lab 0276.JPG","22.0"
"UF.Citrus_HLB_Lab 0277.JPG","22.0"
"UF.Citrus_HLB_Lab 0278.JPG","23.0"
"UF.Citrus_HLB_Lab 0279.JPG","23.0"
"UF.Citrus_HLB_Lab 0280.JPG","23.0"
"UF.Citrus_HLB_Lab 0281.JPG","23.0"
"UF.Citrus_HLB_Lab 0282.JPG","23.0"
"UF.Citrus_HLB_Lab 0283.JPG","23.0"
"UF.Citrus_HLB_Lab 0284.JPG","23.0"
"UF.Citrus_HLB_Lab 0285.JPG","23.0"
"UF.Citrus_HLB_Lab 0286.JPG","23.0"
"UF.Citrus_HLB_Lab 0287.JPG","23.0"
"UF.Citrus_HLB_Lab 0288.JPG","23.0"
"UF.Citrus_HLB_Lab 0289.JPG","23.0"
"UF.Citrus_HLB_Lab 0290.JPG","23.0"
"UF.Citrus_HLB_Lab 0291.JPG","23.0"
"UF.Citrus_HLB_Lab 0292.JPG","23.0"
"UF.Citrus_HLB_Lab 0293.JPG","23.0"
"UF.Citrus_HLB_Lab 0294.JPG","23.0"
"UF.Citrus_HLB_Lab 0295.JPG","23.0"
"UF.Citrus_HLB_Lab 0296.JPG","23.0"
"UF.Citrus_HLB_Lab 0297.JPG","23.0"
"UF.Citrus_HLB_Lab 0298.JPG","23.0"
"UF.Citrus_HLB_Lab 0299.JPG","24.0"
"UF.Citrus_HLB_Lab 0300.JPG","24.0"
"UF.Citrus_HLB_Lab 0301.JPG","24.0"
"UF.Citrus_HLB_Lab 0302.JPG","24.0"
"UF.Citrus_HLB_Lab 0303.JPG","24.0"
"UF.Citrus_HLB_Lab 0304.JPG","24.0"
"UF.Citrus_HLB_Lab 0305.JPG","24.0"
"UF.Citrus_HLB_Lab 0306.JPG","24.0"
"UF.Citrus_HLB_Lab 0307.JPG","24.0"
"UF.Citrus_HLB_Lab 0308.JPG","24.0"
"UF.Citrus_HLB_Lab 0309.JPG","24.0"
"UF.Citrus_HLB_Lab 0310.JPG","24.0"
"UF.Citrus_HLB_Lab 0311.JPG","24.0"
"UF.Citrus_HLB_Lab 0312.JPG","24.0"
"UF.Citrus_HLB_Lab 0313.JPG","24.0"
"UF.Citrus_HLB_Lab 0314.JPG","24.0"
"UF.Citrus_HLB_Lab 0315.JPG","24.0"
"UF.Citrus_HLB_Lab 0316.JPG","25.0"
"UF.Citrus_HLB_Lab 0317.JPG","25.0"
"UF.Citrus_HLB_Lab 0318.JPG","25.0"
"UF.Citrus_HLB_Lab 0319.JPG","25.0"
"UF.Citrus_HLB_Lab 0320.JPG","25.0"
"UF.Citrus_HLB_Lab 0321.JPG","25.0"
"UF.Citrus_HLB_Lab 0322.JPG","25.0"
"UF.Citrus_HLB_Lab 0323.JPG","25.0"
"UF.Citrus_HLB_Lab 0324.JPG","25.0"
"UF.Citrus_HLB_Lab 0325.JPG","25.0"
"UF.Citrus_HLB_Lab 0326.JPG","25.0"
"UF.Citrus_HLB_Lab 0327.JPG","25.0"
"UF.Citrus_HLB_Lab 0328.JPG","25.0"
"UF.Citrus_HLB_Lab 0329.JPG","25.0"
"UF.Citrus_HLB_Lab 0330.JPG","25.0"
"UF.Citrus_HLB_Lab 0331.JPG","25.0"
"UF.Citrus_HLB_Lab 0332.JPG","25.0"
"UF.Citrus_HLB_Lab 0333.JPG","25.0"
"UF.Citrus_HLB_Lab 0334.JPG","25.0"
"UF.Citrus_HLB_Lab 0335.JPG","25.0"
"UF.Citrus_HLB_Lab 0336.JPG","26.0"
"UF.Citrus_HLB_Lab 0337.JPG","26.0"
"UF.Citrus_HLB_Lab 0338.JPG","26.0"
"UF.Citrus_HLB_Lab 0339.JPG","26.0"
"UF.Citrus_HLB_Lab 0340.JPG","26.0"
"UF.Citrus_HLB_Lab 0341.JPG","26.0"
"UF.Citrus_HLB_Lab 0342.JPG","26.0"
"UF.Citrus_HLB_Lab 0343.JPG","26.0"
"UF.Citrus_HLB_Lab 0344.JPG","26.0"
"UF.Citrus_HLB_Lab 0345.JPG","26.0"
"UF.Citrus_HLB_Lab 0346.JPG","26.0"
"UF.Citrus_HLB_Lab 0347.JPG","26.0"
"UF.Citrus_HLB_Lab 0348.JPG","26.0"
"UF.Citrus_HLB_Lab 0349.JPG","26.0"
"UF.Citrus_HLB_Lab 0350.JPG","26.0"
"UF.Citrus_HLB_Lab 0351.JPG","26.0"
"UF.Citrus_HLB_Lab 0352.JPG","26.0"
"UF.Citrus_HLB_Lab 0353.JPG","26.0"
"UF.Citrus_HLB_Lab 0354.JPG","26.0"
"UF.Citrus_HLB_Lab 0355.JPG","26.0"
"UF.Citrus_HLB_Lab 0356.JPG","26.0"
"UF.Citrus_HLB_Lab 0357.JPG","26.0"
"UF.Citrus_HLB_Lab 0358.JPG","26.0"
"UF.Citrus_HLB_Lab 0359.JPG","27.0"
"UF.Citrus_HLB_Lab 0360.JPG","27.0"
"UF.Citrus_HLB_Lab 0361.JPG","27.0"
"UF.Citrus_HLB_Lab 0362.JPG","27.0"
"UF.Citrus_HLB_Lab 0363.JPG","27.0"
"UF.Citrus_HLB_Lab 0364.JPG","27.0"
"UF.Citrus_HLB_Lab 0365.JPG","27.0"
"UF.Citrus_HLB_Lab 0366.JPG","27.0"
"UF.Citrus_HLB_Lab 0367.JPG","27.0"
"UF.Citrus_HLB_Lab 0368.JPG","27.0"
"UF.Citrus_HLB_Lab 0369.JPG","27.0"
"UF.Citrus_HLB_Lab 0370.JPG","27.0"
"UF.Citrus_HLB_Lab 0371.JPG","27.0"
"UF.Citrus_HLB_Lab 0372.JPG","27.0"
"UF.Citrus_HLB_Lab 0373.JPG","27.0"
"UF.Citrus_HLB_Lab 0374.JPG","27.0"
"UF.Citrus_HLB_Lab 0375.JPG","28.0"
"UF.Citrus_HLB_Lab 0376.JPG","28.0"
"UF.Citrus_HLB_Lab 0377.JPG","28.0"
"UF.Citrus_HLB_Lab 0378.JPG","28.0"
"UF.Citrus_HLB_Lab 0379.JPG","28.0"
"UF.Citrus_HLB_Lab 0380.JPG","28.0"
"UF.Citrus_HLB_Lab 0381.JPG","28.0"
"UF.Citrus_HLB_Lab 0382.JPG","28.0"
"UF.Citrus_HLB_Lab 0383.JPG","28.0"
"UF.Citrus_HLB_Lab 0384.JPG","28.0"
"UF.Citrus_HLB_Lab 0385.JPG","28.0"
"UF.Citrus_HLB_Lab 0386.JPG","28.0"
"UF.Citrus_HLB_Lab 0387.JPG","28.0"
"UF.Citrus_HLB_Lab 0388.JPG","28.0"
"UF.Citrus_HLB_Lab 0389.JPG","28.0"
"UF.Citrus_HLB_Lab 0390.JPG","28.0"
"UF.Citrus_HLB_Lab 0391.JPG","28.0"
"UF.Citrus_HLB_Lab 0392.JPG","28.0"
"UF.Citrus_HLB_Lab 0393.JPG","28.0"
"UF.Citrus_HLB_Lab 0394.JPG","28.0"
"UF.Citrus_HLB_Lab 0395.JPG","29.0"
"UF.Citrus_HLB_Lab 0396.JPG","29.0"
"UF.Citrus_HLB_Lab 0397.JPG","29.0"
"UF.Citrus_HLB_Lab 0398.JPG","29.0"
"UF.Citrus_HLB_Lab 0399.JPG","29.0"
"UF.Citrus_HLB_Lab 0400.JPG","29.0"
"UF.Citrus_HLB_Lab 0401.JPG","29.0"
"UF.Citrus_HLB_Lab 0402.JPG","29.0"
"UF.Citrus_HLB_Lab 0403.JPG","29.0"
"UF.Citrus_HLB_Lab 0404.JPG","29.0"
"UF.Citrus_HLB_Lab 0405.JPG","29.0"
"UF.Citrus_HLB_Lab 0406.JPG","29.0"
"UF.Citrus_HLB_Lab 0407.JPG","30.0"
"UF.Citrus_HLB_Lab 0408.JPG","30.0"
"UF.Citrus_HLB_Lab 0409.JPG","30.0"
"UF.Citrus_HLB_Lab 0410.JPG","30.0"
"UF.Citrus_HLB_Lab 0411.JPG","30.0"
"UF.Citrus_HLB_Lab 0412.JPG","30.0"
"UF.Citrus_HLB_Lab 0413.JPG","30.0"
"UF.Citrus_HLB_Lab 0414.JPG","30.0"
"UF.Citrus_HLB_Lab 0415.JPG","30.0"
"UF.Citrus_HLB_Lab 0416.JPG","30.0"
"UF.Citrus_HLB_Lab 0417.JPG","30.0"
"UF.Citrus_HLB_Lab 0418.JPG","31.0"
"UF.Citrus_HLB_Lab 0419.JPG","31.0"
"UF.Citrus_HLB_Lab 0420.JPG","31.0"
"UF.Citrus_HLB_Lab 0421.JPG","31.0"
"UF.Citrus_HLB_Lab 0422.JPG","31.0"
"UF.Citrus_HLB_Lab 0423.JPG","31.0"
"UF.Citrus_HLB_Lab 0424.JPG","31.0"
"UF.Citrus_HLB_Lab 0425.JPG","31.0"
"UF.Citrus_HLB_Lab 0426.JPG","31.0"
"UF.Citrus_HLB_Lab 0428.JPG","32.0"
"UF.Citrus_HLB_Lab 0429.JPG","32.0"
"UF.Citrus_HLB_Lab 0430.JPG","32.0"
"UF.Citrus_HLB_Lab 0431.JPG","32.0"
"UF.Citrus_HLB_Lab 0432.JPG","32.0"
"UF.Citrus_HLB_Lab 0433.JPG","32.0"
"UF.Citrus_HLB_Lab 0434.JPG","32.0"
"UF.Citrus_HLB_Lab 0435.JPG","32.0"
"UF.Citrus_HLB_Lab 0436.JPG","32.0"
"UF.Citrus_HLB_Lab 0437.JPG","32.0"
"UF.Citrus_HLB_Lab 0438.JPG","33.0"
"UF.Citrus_HLB_Lab 0439.JPG","33.0"
"UF.Citrus_HLB_Lab 0440.JPG","33.0"
"UF.Citrus_HLB_Lab 0441.JPG","33.0"
"UF.Citrus_HLB_Lab 0442.JPG","33.0"
"UF.Citrus_HLB_Lab 0443.JPG","33.0"
"UF.Citrus_HLB_Lab 0444.JPG","33.0"
"UF.Citrus_HLB_Lab 0445.JPG","33.0"
"UF.Citrus_HLB_Lab 0446.JPG","33.0"
"UF.Citrus_HLB_Lab 0447.JPG","33.0"
"UF.Citrus_HLB_Lab 0448.JPG","33.0"
"UF.Citrus_HLB_Lab 0449.JPG","33.0"
"UF.Citrus_HLB_Lab 0450.JPG","33.0"
"UF.Citrus_HLB_Lab 0451.JPG","33.0"
"UF.Citrus_HLB_Lab 0452.JPG","33.0"
"UF.Citrus_HLB_Lab 0453.JPG","33.0"
"UF.Citrus_HLB_Lab 0454.JPG","33.0"
"UF.Citrus_HLB_Lab 0455.JPG","34.0"
"UF.Citrus_HLB_Lab 0456.JPG","34.0"
"UF.Citrus_HLB_Lab 0457.JPG","34.0"
"UF.Citrus_HLB_Lab 0458.JPG","34.0"
"UF.Citrus_HLB_Lab 0459.JPG","34.0"
"UF.Citrus_HLB_Lab 0460.JPG","34.0"
"UF.Citrus_HLB_Lab 0461.JPG","34.0"
"UF.Citrus_HLB_Lab 0462.JPG","34.0"
"UF.Citrus_HLB_Lab 0463.JPG","34.0"
"UF.Citrus_HLB_Lab 0464.JPG","34.0"
"UF.Citrus_HLB_Lab 0465.JPG","34.0"
"UF.Citrus_HLB_Lab 0466.JPG","34.0"
"UF.Citrus_HLB_Lab 0467.JPG","34.0"
"UF.Citrus_HLB_Lab 0468.JPG","34.0"
"UF.Citrus_HLB_Lab 0469.JPG","34.0"
"UF.Citrus_HLB_Lab 0470.JPG","34.0"
"UF.Citrus_HLB_Lab 0471.JPG","34.0"
"UF.Citrus_HLB_Lab 0472.JPG","34.0"
"UF.Citrus_HLB_Lab 0473.JPG","34.0"
"UF.Citrus_HLB_Lab 0474.JPG","34.0"
"UF.Citrus_HLB_Lab 0475.JPG","34.0"
"UF.Citrus_HLB_Lab 0476.JPG","35.0"
"UF.Citrus_HLB_Lab 0477.JPG","35.0"
"UF.Citrus_HLB_Lab 0478.JPG","35.0"
"UF.Citrus_HLB_Lab 0479.JPG","35.0"
"UF.Citrus_HLB_Lab 0480.JPG","35.0"
"UF.Citrus_HLB_Lab 0481.JPG","35.0"
"UF.Citrus_HLB_Lab 0482.JPG","35.0"
"UF.Citrus_HLB_Lab 0483.JPG","35.0"
"UF.Citrus_HLB_Lab 0484.JPG","35.0"
"UF.Citrus_HLB_Lab 0485.JPG","35.0"
"UF.Citrus_HLB_Lab 0486.JPG","35.0"
"UF.Citrus_HLB_Lab 0487.JPG","35.0"
"UF.Citrus_HLB_Lab 0488.JPG","35.0"
"UF.Citrus_HLB_Lab 0489.JPG","35.0"
"UF.Citrus_HLB_Lab 0490.JPG","35.0"
"UF.Citrus_HLB_Lab 0491.JPG","35.0"
"UF.Citrus_HLB_Lab 0492.JPG","35.0"
"UF.Citrus_HLB_Lab 0493.JPG","35.0"
"UF.Citrus_HLB_Lab 0494.JPG","35.0"
"UF.Citrus_HLB_Lab 0495.JPG","36.0"
"UF.Citrus_HLB_Lab 0496.JPG","36.0"
"UF.Citrus_HLB_Lab 0497.JPG","36.0"
"UF.Citrus_HLB_Lab 0498.JPG","36.0"
"UF.Citrus_HLB_Lab 0499.JPG","36.0"
"UF.Citrus_HLB_Lab 0500.JPG","36.0"
"UF.Citrus_HLB_Lab 0501.JPG","36.0"
"UF.Citrus_HLB_Lab 0502.JPG","36.0"
"UF.Citrus_HLB_Lab 0503.JPG","36.0"
"UF.Citrus_HLB_Lab 0504.JPG","36.0"
"UF.Citrus_HLB_Lab 0505.JPG","36.0"
"UF.Citrus_HLB_Lab 0506.JPG","36.0"
"UF.Citrus_HLB_Lab 0507.JPG","36.0"
"UF.Citrus_HLB_Lab 0508.JPG","36.0"
"UF.Citrus_HLB_Lab 0509.JPG","36.0"
"UF.Citrus_HLB_Lab 0510.JPG","36.0"
"UF.Citrus_HLB_Lab 0511.JPG","36.0"
"UF.Citrus_HLB_Lab 0512.JPG","36.0"
"UF.Citrus_HLB_Lab 0513.JPG","36.0"
"UF.Citrus_HLB_Lab 0514.JPG","36.0"
"UF.Citrus_HLB_Lab 0515.JPG","36.0"
"UF.Citrus_HLB_Lab 0516.JPG","36.0"
"UF.Citrus_HLB_Lab 0517.JPG","36.0"
"UF.Citrus_HLB_Lab 0518.JPG","36.0"
"UF.Citrus_HLB_Lab 0519.JPG","37.0"
"UF.Citrus_HLB_Lab 0520.JPG","37.0"
"UF.Citrus_HLB_Lab 0521.JPG","37.0"
"UF.Citrus_HLB_Lab 0522.JPG","37.0"
"UF.Citrus_HLB_Lab 0523.JPG","37.0"
"UF.Citrus_HLB_Lab 0524.JPG","37.0"
"UF.Citrus_HLB_Lab 0525.JPG","37.0"
"UF.Citrus_HLB_Lab 0526.JPG","37.0"
"UF.Citrus_HLB_Lab 0527.JPG","37.0"
"UF.Citrus_HLB_Lab 0528.JPG","37.0"
"UF.Citrus_HLB_Lab 0529.JPG","37.0"
"UF.Citrus_HLB_Lab 0530.JPG","37.0"
"UF.Citrus_HLB_Lab 0531.JPG","37.0"
"UF.Citrus_HLB_Lab 0532.JPG","37.0"
"UF.Citrus_HLB_Lab 0533.JPG","37.0"
"UF.Citrus_HLB_Lab 0534.JPG","37.0"
"UF.Citrus_HLB_Lab 0535.JPG","37.0"
"UF.Citrus_HLB_Lab 0536.JPG","37.0"
"UF.Citrus_HLB_Lab 0537.JPG","37.0"
"UF.Citrus_HLB_Lab 0538.JPG","38.0"
"UF.Citrus_HLB_Lab 0539.JPG","38.0"
"UF.Citrus_HLB_Lab 0540.JPG","38.0"
"UF.Citrus_HLB_Lab 0541.JPG","38.0"
"UF.Citrus_HLB_Lab 0542.JPG","38.0"
"UF.Citrus_HLB_Lab 0543.JPG","38.0"
"UF.Citrus_HLB_Lab 0544.JPG","38.0"
"UF.Citrus_HLB_Lab 0545.JPG","38.0"
"UF.Citrus_HLB_Lab 0546.JPG","38.0"
"UF.Citrus_HLB_Lab 0547.JPG","38.0"
"UF.Citrus_HLB_Lab 0548.JPG","38.0"
"UF.Citrus_HLB_Lab 0549.JPG","38.0"
"UF.Citrus_HLB_Lab 0550.JPG","38.0"
"UF.Citrus_HLB_Lab 0551.JPG","38.0"
"UF.Citrus_HLB_Lab 0552.JPG","38.0"
"UF.Citrus_HLB_Lab 0553.JPG","38.0"
"UF.Citrus_HLB_Lab 0554.JPG","38.0"
"UF.Citrus_HLB_Lab 0555.JPG","38.0"
"UF.Citrus_HLB_Lab 0556.JPG","38.0"
"UF.Citrus_HLB_Lab 0557.JPG","38.0"
"UF.Citrus_HLB_Lab 0558.JPG","38.0"
"UF.Citrus_HLB_Lab 0559.JPG","38.0"
"UF.Citrus_HLB_Lab 0560.JPG","39.0"
"UF.Citrus_HLB_Lab 0561.JPG","39.0"
"UF.Citrus_HLB_Lab 0562.JPG","39.0"
"UF.Citrus_HLB_Lab 0563.JPG","39.0"
"UF.Citrus_HLB_Lab 0564.JPG","39.0"
"UF.Citrus_HLB_Lab 0565.JPG","39.0"
"UF.Citrus_HLB_Lab 0566.JPG","39.0"
"UF.Citrus_HLB_Lab 0567.JPG","39.0"
"UF.Citrus_HLB_Lab 0568.JPG","39.0"
"UF.Citrus_HLB_Lab 0569.JPG","39.0"
"UF.Citrus_HLB_Lab 0570.JPG","39.0"
"UF.Citrus_HLB_Lab 0571.JPG","39.0"
"UF.Citrus_HLB_Lab 0572.JPG","39.0"
"UF.Citrus_HLB_Lab 0573.JPG","39.0"
"UF.Citrus_HLB_Lab 0574.JPG","39.0"
"UF.Citrus_HLB_Lab 0575.JPG","39.0"
"UF.Citrus_HLB_Lab 0576.JPG","39.0"
"UF.Citrus_HLB_Lab 0577.JPG","39.0"
"UF.Citrus_HLB_Lab 0578.JPG","39.0"
"UF.Citrus_HLB_Lab 0579.JPG","39.0"
"UF.Citrus_HLB_Lab 0580.JPG","39.0"
"UF.Citrus_HLB_Lab 0581.JPG","40.0"
"UF.Citrus_HLB_Lab 0582.JPG","40.0"
"UF.Citrus_HLB_Lab 0583.JPG","40.0"
"UF.Citrus_HLB_Lab 0584.JPG","40.0"
"UF.Citrus_HLB_Lab 0585.JPG","40.0"
"UF.Citrus_HLB_Lab 0586.JPG","40.0"
"UF.Citrus_HLB_Lab 0587.JPG","40.0"
"UF.Citrus_HLB_Lab 0588.JPG","40.0"
"UF.Citrus_HLB_Lab 0589.JPG","40.0"
"UF.Citrus_HLB_Lab 0590.JPG","40.0"
"UF.Citrus_HLB_Lab 0591.JPG","40.0"
"UF.Citrus_HLB_Lab 0592.JPG","40.0"
"UF.Citrus_HLB_Lab 0593.JPG","40.0"
"UF.Citrus_HLB_Lab 0594.JPG","40.0"
"UF.Citrus_HLB_Lab 0595.JPG","40.0"
"UF.Citrus_HLB_Lab 0596.JPG","40.0"
"UF.Citrus_HLB_Lab 0597.JPG","40.0"
"UF.Citrus_HLB_Lab 0598.JPG","40.0"
"UF.Citrus_HLB_Lab 0599.JPG","40.0"
"UF.Citrus_HLB_Lab 0600.JPG","40.0"
"UF.Citrus_HLB_Lab 0601.JPG","40.0"
"UF.Citrus_HLB_Lab 0602.JPG","41.0"
"UF.Citrus_HLB_Lab 0603.JPG","41.0"
"UF.Citrus_HLB_Lab 0604.JPG","41.0"
"UF.Citrus_HLB_Lab 0605.JPG","41.0"
"UF.Citrus_HLB_Lab 0606.JPG","41.0"
"UF.Citrus_HLB_Lab 0607.JPG","41.0"
"UF.Citrus_HLB_Lab 0608.JPG","41.0"
"UF.Citrus_HLB_Lab 0609.JPG","41.0"
"UF.Citrus_HLB_Lab 0610.JPG","41.0"
"UF.Citrus_HLB_Lab 0611.JPG","41.0"
"UF.Citrus_HLB_Lab 0612.JPG","41.0"
"UF.Citrus_HLB_Lab 0613.JPG","41.0"
"UF.Citrus_HLB_Lab 0614.JPG","41.0"
"UF.Citrus_HLB_Lab 0615.JPG","41.0"
"UF.Citrus_HLB_Lab 0616.JPG","41.0"
"UF.Citrus_HLB_Lab 0617.JPG","41.0"
"UF.Citrus_HLB_Lab 0618.JPG","41.0"
"UF.Citrus_HLB_Lab 0619.JPG","41.0"
"UF.Citrus_HLB_Lab 0620.JPG","41.0"
"UF.Citrus_HLB_Lab 0621.JPG","41.0"
"UF.Citrus_HLB_Lab 0622.JPG","41.0"
"UF.Citrus_HLB_Lab 0623.JPG","42.0"
"UF.Citrus_HLB_Lab 0624.JPG","42.0"
"UF.Citrus_HLB_Lab 0625.JPG","42.0"
"UF.Citrus_HLB_Lab 0626.JPG","42.0"
"UF.Citrus_HLB_Lab 0627.JPG","42.0"
"UF.Citrus_HLB_Lab 0628.JPG","42.0"
"UF.Citrus_HLB_Lab 0629.JPG","42.0"
"UF.Citrus_HLB_Lab 0630.JPG","42.0"
"UF.Citrus_HLB_Lab 0631.JPG","42.0"
"UF.Citrus_HLB_Lab 0632.JPG","42.0"
"UF.Citrus_HLB_Lab 0633.JPG","42.0"
"UF.Citrus_HLB_Lab 0634.JPG","42.0"
"UF.Citrus_HLB_Lab 0635.JPG","42.0"
"UF.Citrus_HLB_Lab 0636.JPG","42.0"
"UF.Citrus_HLB_Lab 0637.JPG","42.0"
"UF.Citrus_HLB_Lab 0638.JPG","42.0"
"UF.Citrus_HLB_Lab 0639.JPG","42.0"
"UF.Citrus_HLB_Lab 0640.JPG","42.0"
"UF.Citrus_HLB_Lab 0641.JPG","42.0"
"UF.Citrus_HLB_Lab 0642.JPG","42.0"
"UF.Citrus_HLB_Lab 0643.JPG","42.0"
"UF.Citrus_HLB_Lab 0644.JPG","42.0"
"UF.Citrus_HLB_Lab 0645.JPG","43.0"
"UF.Citrus_HLB_Lab 0646.JPG","43.0"
"UF.Citrus_HLB_Lab 0647.JPG","43.0"
"UF.Citrus_HLB_Lab 0648.JPG","43.0"
"UF.Citrus_HLB_Lab 0649.JPG","43.0"
"UF.Citrus_HLB_Lab 0650.JPG","43.0"
"UF.Citrus_HLB_Lab 0651.JPG","43.0"
"UF.Citrus_HLB_Lab 0652.JPG","43.0"
"UF.Citrus_HLB_Lab 0653.JPG","43.0"
"UF.Citrus_HLB_Lab 0654.JPG","43.0"
"UF.Citrus_HLB_Lab 0655.JPG","43.0"
"UF.Citrus_HLB_Lab 0656.JPG","43.0"
"UF.Citrus_HLB_Lab 0657.JPG","43.0"
"UF.Citrus_HLB_Lab 0658.JPG","43.0"
"UF.Citrus_HLB_Lab 0659.JPG","43.0"
"UF.Citrus_HLB_Lab 0660.JPG","43.0"
"UF.Citrus_HLB_Lab 0661.JPG","43.0"
"UF.Citrus_HLB_Lab 0662.JPG","43.0"
"UF.Citrus_HLB_Lab 0663.JPG","43.0"
"UF.Citrus_HLB_Lab 0664.JPG","43.0"
"UF.Citrus_HLB_Lab 0665.JPG","44.0"
"UF.Citrus_HLB_Lab 0666.JPG","44.0"
"UF.Citrus_HLB_Lab 0667.JPG","44.0"
"UF.Citrus_HLB_Lab 0668.JPG","44.0"
"UF.Citrus_HLB_Lab 0669.JPG","44.0"
"UF.Citrus_HLB_Lab 0670.JPG","44.0"
"UF.Citrus_HLB_Lab 0671.JPG","44.0"
"UF.Citrus_HLB_Lab 0672.JPG","44.0"
"UF.Citrus_HLB_Lab 0673.JPG","44.0"
"UF.Citrus_HLB_Lab 0674.JPG","44.0"
"UF.Citrus_HLB_Lab 0675.JPG","44.0"
"UF.Citrus_HLB_Lab 0676.JPG","44.0"
"UF.Citrus_HLB_Lab 0677.JPG","44.0"
"UF.Citrus_HLB_Lab 0678.JPG","44.0"
"UF.Citrus_HLB_Lab 0679.JPG","44.0"
"UF.Citrus_HLB_Lab 0680.JPG","44.0"
"UF.Citrus_HLB_Lab 0681.JPG","44.0"
"UF.Citrus_HLB_Lab 0682.JPG","44.0"
"UF.Citrus_HLB_Lab 0683.JPG","44.0"
"UF.Citrus_HLB_Lab 0684.JPG","45.0"
"UF.Citrus_HLB_Lab 0685.JPG","45.0"
"UF.Citrus_HLB_Lab 0686.JPG","45.0"
"UF.Citrus_HLB_Lab 0687.JPG","45.0"
"UF.Citrus_HLB_Lab 0688.JPG","45.0"
"UF.Citrus_HLB_Lab 0689.JPG","45.0"
"UF.Citrus_HLB_Lab 0690.JPG","45.0"
"UF.Citrus_HLB_Lab 0691.JPG","45.0"
"UF.Citrus_HLB_Lab 0692.JPG","45.0"
"UF.Citrus_HLB_Lab 0693.JPG","45.0"
"UF.Citrus_HLB_Lab 0694.JPG","45.0"
"UF.Citrus_HLB_Lab 0695.JPG","45.0"
"UF.Citrus_HLB_Lab 0696.JPG","45.0"
"UF.Citrus_HLB_Lab 0697.JPG","45.0"
"UF.Citrus_HLB_Lab 0698.JPG","45.0"
"UF.Citrus_HLB_Lab 0699.JPG","45.0"
"UF.Citrus_HLB_Lab 0700.JPG","45.0"
"UF.Citrus_HLB_Lab 0701.JPG","45.0"
"UF.Citrus_HLB_Lab 0702.JPG","45.0"
"UF.Citrus_HLB_Lab 0703.JPG","45.0"
"UF.Citrus_HLB_Lab 0704.JPG","45.0"
"UF.Citrus_HLB_Lab 0705.JPG","45.0"
"UF.Citrus_HLB_Lab 0706.JPG","45.0"
"UF.Citrus_HLB_Lab 0707.JPG","46.0"
"UF.Citrus_HLB_Lab 0708.JPG","46.0"
"UF.Citrus_HLB_Lab 0709.JPG","46.0"
"UF.Citrus_HLB_Lab 0710.JPG","46.0"
"UF.Citrus_HLB_Lab 0711.JPG","46.0"
"UF.Citrus_HLB_Lab 0712.JPG","46.0"
"UF.Citrus_HLB_Lab 0713.JPG","46.0"
"UF.Citrus_HLB_Lab 0714.JPG","46.0"
"UF.Citrus_HLB_Lab 0715.JPG","46.0"
"UF.Citrus_HLB_Lab 0716.JPG","46.0"
"UF.Citrus_HLB_Lab 0717.JPG","46.0"
"UF.Citrus_HLB_Lab 0718.JPG","46.0"
"UF.Citrus_HLB_Lab 0719.JPG","46.0"
"UF.Citrus_HLB_Lab 0720.JPG","46.0"
"UF.Citrus_HLB_Lab 0721.JPG","46.0"
"UF.Citrus_HLB_Lab 0722.JPG","46.0"
"UF.Citrus_HLB_Lab 0723.JPG","46.0"
"UF.Citrus_HLB_Lab 0724.JPG","46.0"
"UF.Citrus_HLB_Lab 0725.JPG","46.0"
"UF.Citrus_HLB_Lab 0726.JPG","46.0"
"UF.Citrus_HLB_Lab 0727.JPG","46.0"
"UF.Citrus_HLB_Lab 0728.JPG","46.0"
"UF.Citrus_HLB_Lab 0729.JPG","47.0"
"UF.Citrus_HLB_Lab 0730.JPG","47.0"
"UF.Citrus_HLB_Lab 0731.JPG","47.0"
"UF.Citrus_HLB_Lab 0732.JPG","47.0"
"UF.Citrus_HLB_Lab 0733.JPG","47.0"
"UF.Citrus_HLB_Lab 0734.JPG","47.0"
"UF.Citrus_HLB_Lab 0735.JPG","47.0"
"UF.Citrus_HLB_Lab 0736.JPG","47.0"
"UF.Citrus_HLB_Lab 0737.JPG","47.0"
"UF.Citrus_HLB_Lab 0738.JPG","47.0"
"UF.Citrus_HLB_Lab 0739.JPG","47.0"
"UF.Citrus_HLB_Lab 0740.JPG","47.0"
"UF.Citrus_HLB_Lab 0741.JPG","47.0"
"UF.Citrus_HLB_Lab 0742.JPG","47.0"
"UF.Citrus_HLB_Lab 0743.JPG","47.0"
"UF.Citrus_HLB_Lab 0744.JPG","47.0"
"UF.Citrus_HLB_Lab 0745.JPG","47.0"
"UF.Citrus_HLB_Lab 0746.JPG","47.0"
"UF.Citrus_HLB_Lab 0747.JPG","47.0"
"UF.Citrus_HLB_Lab 0748.JPG","47.0"
"UF.Citrus_HLB_Lab 0749.JPG","47.0"
"UF.Citrus_HLB_Lab 0750.JPG","47.0"
"UF.Citrus_HLB_Lab 0751.JPG","47.0"
"UF.Citrus_HLB_Lab 0752.JPG","47.0"
"UF.Citrus_HLB_Lab 0753.JPG","47.0"
"UF.Citrus_HLB_Lab 0754.JPG","48.0"
"UF.Citrus_HLB_Lab 0755.JPG","48.0"
"UF.Citrus_HLB_Lab 0756.JPG","48.0"
"UF.Citrus_HLB_Lab 0757.JPG","48.0"
"UF.Citrus_HLB_Lab 0758.JPG","48.0"
"UF.Citrus_HLB_Lab 0759.JPG","48.0"
"UF.Citrus_HLB_Lab 0760.JPG","48.0"
"UF.Citrus_HLB_Lab 0761.JPG","48.0"
"UF.Citrus_HLB_Lab 0762.JPG","48.0"
"UF.Citrus_HLB_Lab 0763.JPG","48.0"
"UF.Citrus_HLB_Lab 0764.JPG","48.0"
"UF.Citrus_HLB_Lab 0765.JPG","48.0"
"UF.Citrus_HLB_Lab 0766.JPG","48.0"
"UF.Citrus_HLB_Lab 0767.JPG","48.0"
"UF.Citrus_HLB_Lab 0768.JPG","48.0"
"UF.Citrus_HLB_Lab 0769.JPG","48.0"
"UF.Citrus_HLB_Lab 0770.JPG","48.0"
"UF.Citrus_HLB_Lab 0771.JPG","48.0"
"UF.Citrus_HLB_Lab 0772.JPG","48.0"
"UF.Citrus_HLB_Lab 0773.JPG","48.0"
"UF.Citrus_HLB_Lab 0774.JPG","48.0"
"UF.Citrus_HLB_Lab 0775.JPG","48.0"
"UF.Citrus_HLB_Lab 0776.JPG","48.0"
"UF.Citrus_HLB_Lab 0777.JPG","49.0"
"UF.Citrus_HLB_Lab 0778.JPG","49.0"
"UF.Citrus_HLB_Lab 0779.JPG","49.0"
"UF.Citrus_HLB_Lab 0780.JPG","49.0"
"UF.Citrus_HLB_Lab 0781.JPG","49.0"
"UF.Citrus_HLB_Lab 0782.JPG","49.0"
"UF.Citrus_HLB_Lab 0783.JPG","49.0"
"UF.Citrus_HLB_Lab 0784.JPG","49.0"
"UF.Citrus_HLB_Lab 0785.JPG","49.0"
"UF.Citrus_HLB_Lab 0786.JPG","49.0"
"UF.Citrus_HLB_Lab 0787.JPG","49.0"
"UF.Citrus_HLB_Lab 0788.JPG","49.0"
"UF.Citrus_HLB_Lab 0789.JPG","49.0"
"UF.Citrus_HLB_Lab 0790.JPG","49.0"
"UF.Citrus_HLB_Lab 0791.JPG","49.0"
"UF.Citrus_HLB_Lab 0792.JPG","49.0"
"UF.Citrus_HLB_Lab 0793.JPG","49.0"
"UF.Citrus_HLB_Lab 0794.JPG","49.0"
"UF.Citrus_HLB_Lab 0795.JPG","49.0"
"UF.Citrus_HLB_Lab 0796.JPG","49.0"
"UF.Citrus_HLB_Lab 0797.JPG","49.0"
"UF.Citrus_HLB_Lab 0798.JPG","49.0"
"UF.Citrus_HLB_Lab 0799.JPG","50.0"
"UF.Citrus_HLB_Lab 0800.JPG","50.0"
"UF.Citrus_HLB_Lab 0801.JPG","50.0"
"UF.Citrus_HLB_Lab 0802.JPG","50.0"
"UF.Citrus_HLB_Lab 0803.JPG","50.0"
"UF.Citrus_HLB_Lab 0804.JPG","50.0"
"UF.Citrus_HLB_Lab 0805.JPG","50.0"
"UF.Citrus_HLB_Lab 0806.JPG","50.0"
"UF.Citrus_HLB_Lab 0807.JPG","50.0"
"UF.Citrus_HLB_Lab 0808.JPG","50.0"
"UF.Citrus_HLB_Lab 0809.JPG","50.0"
"UF.Citrus_HLB_Lab 0810.JPG","50.0"
"UF.Citrus_HLB_Lab 0811.JPG","50.0"
"UF.Citrus_HLB_Lab 0812.JPG","50.0"
"UF.Citrus_HLB_Lab 0813.JPG","50.0"
"UF.Citrus_HLB_Lab 0814.JPG","51.0"
"UF.Citrus_HLB_Lab 0815.JPG","51.0"
"UF.Citrus_HLB_Lab 0816.JPG","51.0"
"UF.Citrus_HLB_Lab 0817.JPG","51.0"
"UF.Citrus_HLB_Lab 0818.JPG","51.0"
"UF.Citrus_HLB_Lab 0819.JPG","51.0"
"UF.Citrus_HLB_Lab 0820.JPG","51.0"
"UF.Citrus_HLB_Lab 0821.JPG","51.0"
"UF.Citrus_HLB_Lab 0822.JPG","51.0"
"UF.Citrus_HLB_Lab 0823.JPG","51.0"
"UF.Citrus_HLB_Lab 0824.JPG","51.0"
"UF.Citrus_HLB_Lab 0825.JPG","51.0"
"UF.Citrus_HLB_Lab 0826.JPG","51.0"
"UF.Citrus_HLB_Lab 0827.JPG","51.0"
"UF.Citrus_HLB_Lab 0828.JPG","51.0"
"UF.Citrus_HLB_Lab 0829.JPG","51.0"
"UF.Citrus_HLB_Lab 0830.JPG","51.0"
"UF.Citrus_HLB_Lab 0831.JPG","51.0"
"UF.Citrus_HLB_Lab 0832.JPG","51.0"
"UF.Citrus_HLB_Lab 0833.JPG","51.0"
"UF.Citrus_HLB_Lab 0834.JPG","52.0"
"UF.Citrus_HLB_Lab 0835.JPG","52.0"
"UF.Citrus_HLB_Lab 0836.JPG","52.0"
"UF.Citrus_HLB_Lab 0837.JPG","52.0"
"UF.Citrus_HLB_Lab 0838.JPG","52.0"
"UF.Citrus_HLB_Lab 0839.JPG","52.0"
"UF.Citrus_HLB_Lab 0840.JPG","52.0"
"UF.Citrus_HLB_Lab 0841.JPG","52.0"
"UF.Citrus_HLB_Lab 0842.JPG","52.0"
"UF.Citrus_HLB_Lab 0843.JPG","52.0"
"UF.Citrus_HLB_Lab 0844.JPG","52.0"
"UF.Citrus_HLB_Lab 0845.JPG","52.0"
"UF.Citrus_HLB_Lab 0846.JPG","52.0"
"UF.Citrus_HLB_Lab 0847.JPG","52.0"
"UF.Citrus_HLB_Lab 0848.JPG","52.0"
"UF.Citrus_HLB_Lab 0849.JPG","52.0"
"UF.Citrus_HLB_Lab 0850.JPG","52.0"
"UF.Citrus_HLB_Lab 0851.JPG","52.0"
"UF.Citrus_HLB_Lab 0852.JPG","52.0"
"UF.Citrus_HLB_Lab 0853.JPG","52.0"
"UF.Citrus_HLB_Lab 0854.JPG","52.0"
"UF.Citrus_HLB_Lab 0855.JPG","52.0"
"UF.Citrus_HLB_Lab 0856.JPG","53.0"
"UF.Citrus_HLB_Lab 0857.JPG","53.0"
"UF.Citrus_HLB_Lab 0858.JPG","53.0"
"UF.Citrus_HLB_Lab 0859.JPG","53.0"
"UF.Citrus_HLB_Lab 0860.JPG","53.0"
"UF.Citrus_HLB_Lab 0861.JPG","53.0"
"UF.Citrus_HLB_Lab 0862.JPG","53.0"
"UF.Citrus_HLB_Lab 0863.JPG","53.0"
"UF.Citrus_HLB_Lab 0864.JPG","53.0"
"UF.Citrus_HLB_Lab 0865.JPG","53.0"
"UF.Citrus_HLB_Lab 0866.JPG","53.0"
"UF.Citrus_HLB_Lab 0867.JPG","53.0"
"UF.Citrus_HLB_Lab 0868.JPG","53.0"
"UF.Citrus_HLB_Lab 0869.JPG","53.0"
"UF.Citrus_HLB_Lab 0870.JPG","53.0"
"UF.Citrus_HLB_Lab 0871.JPG","53.0"
"UF.Citrus_HLB_Lab 0872.JPG","53.0"
"UF.Citrus_HLB_Lab 0873.JPG","53.0"
"UF.Citrus_HLB_Lab 0874.JPG","53.0"
"UF.Citrus_HLB_Lab 0875.JPG","53.0"
"UF.Citrus_HLB_Lab 0876.JPG","54.0"
"UF.Citrus_HLB_Lab 0877.JPG","54.0"
"UF.Citrus_HLB_Lab 0878.JPG","54.0"
"UF.Citrus_HLB_Lab 0879.JPG","54.0"
"UF.Citrus_HLB_Lab 0880.JPG","54.0"
"UF.Citrus_HLB_Lab 0881.JPG","54.0"
"UF.Citrus_HLB_Lab 0882.JPG","54.0"
"UF.Citrus_HLB_Lab 0883.JPG","54.0"
"UF.Citrus_HLB_Lab 0884.JPG","54.0"
"UF.Citrus_HLB_Lab 0885.JPG","54.0"
"UF.Citrus_HLB_Lab 0886.JPG","54.0"
"UF.Citrus_HLB_Lab 0887.JPG","54.0"
"UF.Citrus_HLB_Lab 0888.JPG","54.0"
"UF.Citrus_HLB_Lab 0889.JPG","54.0"
"UF.Citrus_HLB_Lab 0890.JPG","55.0"
"UF.Citrus_HLB_Lab 0891.JPG","55.0"
"UF.Citrus_HLB_Lab 0892.JPG","55.0"
"UF.Citrus_HLB_Lab 0893.JPG","55.0"
"UF.Citrus_HLB_Lab 0894.JPG","55.0"
"UF.Citrus_HLB_Lab 0895.JPG","55.0"
"UF.Citrus_HLB_Lab 0896.JPG","55.0"
"UF.Citrus_HLB_Lab 0897.JPG","55.0"
"UF.Citrus_HLB_Lab 0898.JPG","55.0"
"UF.Citrus_HLB_Lab 0899.JPG","55.0"
"UF.Citrus_HLB_Lab 0900.JPG","55.0"
"UF.Citrus_HLB_Lab 0901.JPG","55.0"
"UF.Citrus_HLB_Lab 0902.JPG","55.0"
"UF.Citrus_HLB_Lab 0903.JPG","55.0"
"UF.Citrus_HLB_Lab 0904.JPG","56.0"
"UF.Citrus_HLB_Lab 0905.JPG","56.0"
"UF.Citrus_HLB_Lab 0906.JPG","56.0"
"UF.Citrus_HLB_Lab 0907.JPG","56.0"
"UF.Citrus_HLB_Lab 0908.JPG","56.0"
"UF.Citrus_HLB_Lab 0909.JPG","56.0"
"UF.Citrus_HLB_Lab 0910.JPG","56.0"
"UF.Citrus_HLB_Lab 0911.JPG","56.0"
"UF.Citrus_HLB_Lab 0912.JPG","56.0"
"UF.Citrus_HLB_Lab 0913.JPG","56.0"
"UF.Citrus_HLB_Lab 0914.JPG","56.0"
"UF.Citrus_HLB_Lab 0915.JPG","56.0"
"UF.Citrus_HLB_Lab 0916.JPG","56.0"
"UF.Citrus_HLB_Lab 0917.JPG","56.0"
"UF.Citrus_HLB_Lab 0918.JPG","56.0"
"UF.Citrus_HLB_Lab 0919.JPG","56.0"
"UF.Citrus_HLB_Lab 0920.JPG","56.0"
"UF.Citrus_HLB_Lab 0921.JPG","56.0"
"UF.Citrus_HLB_Lab 0922.JPG","56.0"
"UF.Citrus_HLB_Lab 0923.JPG","56.0"
"UF.Citrus_HLB_Lab 0924.JPG","57.0"
"UF.Citrus_HLB_Lab 0925.JPG","57.0"
"UF.Citrus_HLB_Lab 0926.JPG","57.0"
"UF.Citrus_HLB_Lab 0927.JPG","57.0"
"UF.Citrus_HLB_Lab 0928.JPG","57.0"
"UF.Citrus_HLB_Lab 0929.JPG","57.0"
"UF.Citrus_HLB_Lab 0930.JPG","57.0"
"UF.Citrus_HLB_Lab 0931.JPG","57.0"
"UF.Citrus_HLB_Lab 0932.JPG","57.0"
"UF.Citrus_HLB_Lab 0933.JPG","57.0"
"UF.Citrus_HLB_Lab 0934.JPG","57.0"
"UF.Citrus_HLB_Lab 0935.JPG","57.0"
"UF.Citrus_HLB_Lab 0936.JPG","57.0"
"UF.Citrus_HLB_Lab 0937.JPG","57.0"
"UF.Citrus_HLB_Lab 0938.JPG","57.0"
"UF.Citrus_HLB_Lab 0939.JPG","57.0"
"UF.Citrus_HLB_Lab 0940.JPG","58.0"
"UF.Citrus_HLB_Lab 0941.JPG","58.0"
"UF.Citrus_HLB_Lab 0942.JPG","58.0"
"UF.Citrus_HLB_Lab 0943.JPG","58.0"
"UF.Citrus_HLB_Lab 0944.JPG","58.0"
"UF.Citrus_HLB_Lab 0945.JPG","58.0"
"UF.Citrus_HLB_Lab 0946.JPG","58.0"
"UF.Citrus_HLB_Lab 0947.JPG","58.0"
"UF.Citrus_HLB_Lab 0948.JPG","58.0"
"UF.Citrus_HLB_Lab 0949.JPG","58.0"
"UF.Citrus_HLB_Lab 0950.JPG","58.0"
"UF.Citrus_HLB_Lab 0951.JPG","58.0"
"UF.Citrus_HLB_Lab 0952.JPG","58.0"
"UF.Citrus_HLB_Lab 0953.JPG","58.0"
"UF.Citrus_HLB_Lab 0954.JPG","59.0"
"UF.Citrus_HLB_Lab 0955.JPG","59.0"
"UF.Citrus_HLB_Lab 0956.JPG","59.0"
"UF.Citrus_HLB_Lab 0957.JPG","59.0"
"UF.Citrus_HLB_Lab 0958.JPG","59.0"
"UF.Citrus_HLB_Lab 0959.JPG","59.0"
"UF.Citrus_HLB_Lab 0960.JPG","59.0"
"UF.Citrus_HLB_Lab 0961.JPG","59.0"
"UF.Citrus_HLB_Lab 0962.JPG","59.0"
"UF.Citrus_HLB_Lab 0963.JPG","59.0"
"UF.Citrus_HLB_Lab 0964.JPG","59.0"
"UF.Citrus_HLB_Lab 0965.JPG","59.0"
"UF.Citrus_HLB_Lab 0966.JPG","59.0"
"UF.Citrus_HLB_Lab 0967.JPG","60.0"
"UF.Citrus_HLB_Lab 0968.JPG","60.0"
"UF.Citrus_HLB_Lab 0969.JPG","60.0"
"UF.Citrus_HLB_Lab 0970.JPG","60.0"
"UF.Citrus_HLB_Lab 0971.JPG","60.0"
"UF.Citrus_HLB_Lab 0972.JPG","60.0"
"UF.Citrus_HLB_Lab 0973.JPG","60.0"
"UF.Citrus_HLB_Lab 0974.JPG","60.0"
"UF.Citrus_HLB_Lab 0975.JPG","60.0"
"UF.Citrus_HLB_Lab 0976.JPG","60.0"
"UF.Citrus_HLB_Lab 0977.JPG","60.0"
"UF.Citrus_HLB_Lab 0978.JPG","60.0"
"UF.Citrus_HLB_Lab 0979.JPG","60.0"
"UF.Citrus_HLB_Lab 0980.JPG","60.0"
"UF.Citrus_HLB_Lab 0981.JPG","60.0"
"UF.Citrus_HLB_Lab 0982.JPG","61.0"
"UF.Citrus_HLB_Lab 0983.JPG","61.0"
"UF.Citrus_HLB_Lab 0984.JPG","61.0"
"UF.Citrus_HLB_Lab 0985.JPG","61.0"
"UF.Citrus_HLB_Lab 0986.JPG","61.0"
"UF.Citrus_HLB_Lab 0987.JPG","61.0"
"UF.Citrus_HLB_Lab 0988.JPG","61.0"
"UF.Citrus_HLB_Lab 0989.JPG","61.0"
"UF.Citrus_HLB_Lab 0990.JPG","61.0"
"UF.Citrus_HLB_Lab 0991.JPG","61.0"
"UF.Citrus_HLB_Lab 0992.JPG","61.0"
"UF.Citrus_HLB_Lab 0993.JPG","61.0"
"UF.Citrus_HLB_Lab 0994.JPG","61.0"
"UF.Citrus_HLB_Lab 0995.JPG","61.0"
"UF.Citrus_HLB_Lab 0996.JPG","62.0"
"UF.Citrus_HLB_Lab 0997.JPG","62.0"
"UF.Citrus_HLB_Lab 0998.JPG","62.0"
"UF.Citrus_HLB_Lab 0999.JPG","62.0"
"UF.Citrus_HLB_Lab 1000.JPG","62.0"
"UF.Citrus_HLB_Lab 1001.JPG","62.0"
"UF.Citrus_HLB_Lab 1002.JPG","62.0"
"UF.Citrus_HLB_Lab 1003.JPG","62.0"
"UF.Citrus_HLB_Lab 1004.JPG","62.0"
"UF.Citrus_HLB_Lab 1005.JPG","62.0"
"UF.Citrus_HLB_Lab 1006.JPG","62.0"
"UF.Citrus_HLB_Lab 1007.JPG","62.0"
"UF.Citrus_HLB_Lab 1008.JPG","62.0"
"UF.Citrus_HLB_Lab 1009.JPG","62.0"
"UF.Citrus_HLB_Lab 1010.JPG","63.0"
"UF.Citrus_HLB_Lab 1011.JPG","63.0"
"UF.Citrus_HLB_Lab 1012.JPG","63.0"
"UF.Citrus_HLB_Lab 1013.JPG","63.0"
"UF.Citrus_HLB_Lab 1014.JPG","63.0"
"UF.Citrus_HLB_Lab 1015.JPG","63.0"
"UF.Citrus_HLB_Lab 1016.JPG","63.0"
"UF.Citrus_HLB_Lab 1017.JPG","63.0"
"UF.Citrus_HLB_Lab 1018.JPG","63.0"
"UF.Citrus_HLB_Lab 1019.JPG","63.0"
"UF.Citrus_HLB_Lab 1020.JPG","63.0"
"UF.Citrus_HLB_Lab 1021.JPG","63.0"
"UF.Citrus_HLB_Lab 1022.JPG","63.0"
"UF.Citrus_HLB_Lab 1023.JPG","63.0"
"UF.Citrus_HLB_Lab 1024.JPG","64.0"
"UF.Citrus_HLB_Lab 1025.JPG","64.0"
"UF.Citrus_HLB_Lab 1026.JPG","64.0"
"UF.Citrus_HLB_Lab 1027.JPG","64.0"
"UF.Citrus_HLB_Lab 1028.JPG","64.0"
"UF.Citrus_HLB_Lab 1029.JPG","64.0"
"UF.Citrus_HLB_Lab 1030.JPG","64.0"
"UF.Citrus_HLB_Lab 1031.JPG","64.0"
"UF.Citrus_HLB_Lab 1032.JPG","64.0"
"UF.Citrus_HLB_Lab 1033.JPG","64.0"
"UF.Citrus_HLB_Lab 1034.JPG","64.0"
"UF.Citrus_HLB_Lab 1035.JPG","64.0"
"UF.Citrus_HLB_Lab 1036.JPG","64.0"
"UF.Citrus_HLB_Lab 1037.JPG","64.0"
"UF.Citrus_HLB_Lab 1038.JPG","64.0"
"UF.Citrus_HLB_Lab 1039.JPG","64.0"
"UF.Citrus_HLB_Lab 1040.JPG","65.0"
"UF.Citrus_HLB_Lab 1041.JPG","65.0"
"UF.Citrus_HLB_Lab 1042.JPG","65.0"
"UF.Citrus_HLB_Lab 1043.JPG","65.0"
"UF.Citrus_HLB_Lab 1044.JPG","65.0"
"UF.Citrus_HLB_Lab 1045.JPG","65.0"
"UF.Citrus_HLB_Lab 1046.JPG","65.0"
"UF.Citrus_HLB_Lab 1047.JPG","65.0"
"UF.Citrus_HLB_Lab 1048.JPG","65.0"
"UF.Citrus_HLB_Lab 1049.JPG","65.0"
"UF.Citrus_HLB_Lab 1050.JPG","65.0"
"UF.Citrus_HLB_Lab 1051.JPG","65.0"
"UF.Citrus_HLB_Lab 1052.JPG","65.0"
"UF.Citrus_HLB_Lab 1053.JPG","65.0"
"UF.Citrus_HLB_Lab 1054.JPG","65.0"
"UF.Citrus_HLB_Lab 1055.JPG","66.0"
"UF.Citrus_HLB_Lab 1056.JPG","66.0"
"UF.Citrus_HLB_Lab 1057.JPG","66.0"
"UF.Citrus_HLB_Lab 1058.JPG","66.0"
"UF.Citrus_HLB_Lab 1059.JPG","66.0"
"UF.Citrus_HLB_Lab 1060.JPG","66.0"
"UF.Citrus_HLB_Lab 1061.JPG","66.0"
"UF.Citrus_HLB_Lab 1062.JPG","66.0"
"UF.Citrus_HLB_Lab 1063.JPG","66.0"
"UF.Citrus_HLB_Lab 1064.JPG","66.0"
"UF.Citrus_HLB_Lab 1065.JPG","66.0"
"UF.Citrus_HLB_Lab 1066.JPG","66.0"
"UF.Citrus_HLB_Lab 1067.JPG","66.0"
"UF.Citrus_HLB_Lab 1068.JPG","66.0"
"UF.Citrus_HLB_Lab 1069.JPG","67.0"
"UF.Citrus_HLB_Lab 1070.JPG","67.0"
"UF.Citrus_HLB_Lab 1071.JPG","67.0"
"UF.Citrus_HLB_Lab 1072.JPG","67.0"
"UF.Citrus_HLB_Lab 1073.JPG","67.0"
"UF.Citrus_HLB_Lab 1074.JPG","67.0"
"UF.Citrus_HLB_Lab 1075.JPG","67.0"
"UF.Citrus_HLB_Lab 1076.JPG","67.0"
"UF.Citrus_HLB_Lab 1077.JPG","67.0"
"UF.Citrus_HLB_Lab 1078.JPG","67.0"
"UF.Citrus_HLB_Lab 1079.JPG","67.0"
"UF.Citrus_HLB_Lab 1080.JPG","67.0"
"UF.Citrus_HLB_Lab 1081.JPG","67.0"
"UF.Citrus_HLB_Lab 1082.JPG","67.0"
"UF.Citrus_HLB_Lab 1083.JPG","67.0"
"UF.Citrus_HLB_Lab 1084.JPG","68.0"
"UF.Citrus_HLB_Lab 1085.JPG","68.0"
"UF.Citrus_HLB_Lab 1086.JPG","68.0"
"UF.Citrus_HLB_Lab 1087.JPG","68.0"
"UF.Citrus_HLB_Lab 1088.JPG","68.0"
"UF.Citrus_HLB_Lab 1089.JPG","68.0"
"UF.Citrus_HLB_Lab 1090.JPG","68.0"
"UF.Citrus_HLB_Lab 1091.JPG","68.0"
"UF.Citrus_HLB_Lab 1092.JPG","68.0"
"UF.Citrus_HLB_Lab 1093.JPG","68.0"
"UF.Citrus_HLB_Lab 1094.JPG","68.0"
"UF.Citrus_HLB_Lab 1095.JPG","68.0"
"UF.Citrus_HLB_Lab 1096.JPG","68.0"
"UF.Citrus_HLB_Lab 1097.JPG","68.0"
"UF.Citrus_HLB_Lab 1098.JPG","69.0"
"UF.Citrus_HLB_Lab 1099.JPG","69.0"
"UF.Citrus_HLB_Lab 1100.JPG","69.0"
"UF.Citrus_HLB_Lab 1101.JPG","69.0"
"UF.Citrus_HLB_Lab 1102.JPG","69.0"
"UF.Citrus_HLB_Lab 1103.JPG","69.0"
"UF.Citrus_HLB_Lab 1104.JPG","69.0"
"UF.Citrus_HLB_Lab 1105.JPG","69.0"
"UF.Citrus_HLB_Lab 1106.JPG","69.0"
"UF.Citrus_HLB_Lab 1107.JPG","69.0"
"UF.Citrus_HLB_Lab 1108.JPG","69.0"
"UF.Citrus_HLB_Lab 1109.JPG","69.0"
"UF.Citrus_HLB_Lab 1110.JPG","69.0"
"UF.Citrus_HLB_Lab 1111.JPG","69.0"
"UF.Citrus_HLB_Lab 1112.JPG","70.0"
"UF.Citrus_HLB_Lab 1113.JPG","70.0"
"UF.Citrus_HLB_Lab 1114.JPG","70.0"
"UF.Citrus_HLB_Lab 1115.JPG","70.0"
"UF.Citrus_HLB_Lab 1116.JPG","70.0"
"UF.Citrus_HLB_Lab 1117.JPG","70.0"
"UF.Citrus_HLB_Lab 1118.JPG","70.0"
"UF.Citrus_HLB_Lab 1119.JPG","70.0"
"UF.Citrus_HLB_Lab 1120.JPG","70.0"
"UF.Citrus_HLB_Lab 1121.JPG","70.0"
"UF.Citrus_HLB_Lab 1122.JPG","70.0"
"UF.Citrus_HLB_Lab 1123.JPG","70.0"
"UF.Citrus_HLB_Lab 1124.JPG","70.0"
"UF.Citrus_HLB_Lab 1125.JPG","70.0"
"UF.Citrus_HLB_Lab 1126.JPG","71.0"
"UF.Citrus_HLB_Lab 1127.JPG","71.0"
"UF.Citrus_HLB_Lab 1128.JPG","71.0"
"UF.Citrus_HLB_Lab 1129.JPG","71.0"
"UF.Citrus_HLB_Lab 1130.JPG","71.0"
"UF.Citrus_HLB_Lab 1131.JPG","71.0"
"UF.Citrus_HLB_Lab 1132.JPG","71.0"
"UF.Citrus_HLB_Lab 1133.JPG","71.0"
"UF.Citrus_HLB_Lab 1134.JPG","71.0"
"UF.Citrus_HLB_Lab 1135.JPG","71.0"
"UF.Citrus_HLB_Lab 1136.JPG","71.0"
"UF.Citrus_HLB_Lab 1137.JPG","71.0"
"UF.Citrus_HLB_Lab 1138.JPG","71.0"
"UF.Citrus_HLB_Lab 1139.JPG","71.0"
"UF.Citrus_HLB_Lab 1140.JPG","71.0"
"UF.Citrus_HLB_Lab 1141.JPG","72.0"
"UF.Citrus_HLB_Lab 1142.JPG","72.0"
"UF.Citrus_HLB_Lab 1143.JPG","72.0"
"UF.Citrus_HLB_Lab 1144.JPG","72.0"
"UF.Citrus_HLB_Lab 1145.JPG","72.0"
"UF.Citrus_HLB_Lab 1146.JPG","72.0"
"UF.Citrus_HLB_Lab 1147.JPG","72.0"
"UF.Citrus_HLB_Lab 1148.JPG","72.0"
"UF.Citrus_HLB_Lab 1149.JPG","72.0"
"UF.Citrus_HLB_Lab 1150.JPG","72.0"
"UF.Citrus_HLB_Lab 1151.JPG","72.0"
"UF.Citrus_HLB_Lab 1152.JPG","72.0"
"UF.Citrus_HLB_Lab 1153.JPG","72.0"
"UF.Citrus_HLB_Lab 1154.JPG","72.0"
"UF.Citrus_HLB_Lab 1155.JPG","72.0"
"UF.Citrus_HLB_Lab 1156.JPG","73.0"
"UF.Citrus_HLB_Lab 1157.JPG","73.0"
"UF.Citrus_HLB_Lab 1158.JPG","73.0"
"UF.Citrus_HLB_Lab 1159.JPG","73.0"
"UF.Citrus_HLB_Lab 1160.JPG","73.0"
"UF.Citrus_HLB_Lab 1161.JPG","73.0"
"UF.Citrus_HLB_Lab 1162.JPG","73.0"
"UF.Citrus_HLB_Lab 1163.JPG","73.0"
"UF.Citrus_HLB_Lab 1164.JPG","73.0"
"UF.Citrus_HLB_Lab 1165.JPG","73.0"
"UF.Citrus_HLB_Lab 1166.JPG","73.0"
"UF.Citrus_HLB_Lab 1167.JPG","73.0"
"UF.Citrus_HLB_Lab 1168.JPG","73.0"
"UF.Citrus_HLB_Lab 1169.JPG","73.0"
"UF.Citrus_HLB_Lab 1170.JPG","74.0"
"UF.Citrus_HLB_Lab 1171.JPG","74.0"
"UF.Citrus_HLB_Lab 1172.JPG","74.0"
"UF.Citrus_HLB_Lab 1173.JPG","74.0"
"UF.Citrus_HLB_Lab 1174.JPG","74.0"
"UF.Citrus_HLB_Lab 1175.JPG","74.0"
"UF.Citrus_HLB_Lab 1176.JPG","74.0"
"UF.Citrus_HLB_Lab 1177.JPG","74.0"
"UF.Citrus_HLB_Lab 1178.JPG","74.0"
"UF.Citrus_HLB_Lab 1179.JPG","74.0"
"UF.Citrus_HLB_Lab 1180.JPG","74.0"
"UF.Citrus_HLB_Lab 1181.JPG","74.0"
"UF.Citrus_HLB_Lab 1182.JPG","74.0"
"UF.Citrus_HLB_Lab 1183.JPG","74.0"
"UF.Citrus_HLB_Lab 1184.JPG","75.0"
"UF.Citrus_HLB_Lab 1185.JPG","75.0"
"UF.Citrus_HLB_Lab 1186.JPG","75.0"
"UF.Citrus_HLB_Lab 1187.JPG","75.0"
"UF.Citrus_HLB_Lab 1188.JPG","75.0"
"UF.Citrus_HLB_Lab 1189.JPG","75.0"
"UF.Citrus_HLB_Lab 1190.JPG","75.0"
"UF.Citrus_HLB_Lab 1191.JPG","75.0"
"UF.Citrus_HLB_Lab 1192.JPG","75.0"
"UF.Citrus_HLB_Lab 1193.JPG","75.0"
"UF.Citrus_HLB_Lab 1194.JPG","75.0"
"UF.Citrus_HLB_Lab 1195.JPG","75.0"
"UF.Citrus_HLB_Lab 1196.JPG","75.0"
"UF.Citrus_HLB_Lab 1197.JPG","75.0"
"UF.Citrus_HLB_Lab 1198.JPG","76.0"
"UF.Citrus_HLB_Lab 1199.JPG","76.0"
"UF.Citrus_HLB_Lab 1200.JPG","76.0"
"UF.Citrus_HLB_Lab 1201.JPG","76.0"
"UF.Citrus_HLB_Lab 1202.JPG","76.0"
"UF.Citrus_HLB_Lab 1203.JPG","76.0"
"UF.Citrus_HLB_Lab 1204.JPG","76.0"
"UF.Citrus_HLB_Lab 1205.JPG","76.0"
"UF.Citrus_HLB_Lab 1206.JPG","76.0"
"UF.Citrus_HLB_Lab 1207.JPG","76.0"
"UF.Citrus_HLB_Lab 1208.JPG","76.0"
"UF.Citrus_HLB_Lab 1209.JPG","76.0"
"UF.Citrus_HLB_Lab 1210.JPG","76.0"
"UF.Citrus_HLB_Lab 1211.JPG","76.0"
"UF.Citrus_HLB_Lab 1212.JPG","77.0"
"UF.Citrus_HLB_Lab 1213.JPG","77.0"
"UF.Citrus_HLB_Lab 1214.JPG","77.0"
"UF.Citrus_HLB_Lab 1215.JPG","77.0"
"UF.Citrus_HLB_Lab 1216.JPG","77.0"
"UF.Citrus_HLB_Lab 1217.JPG","77.0"
"UF.Citrus_HLB_Lab 1218.JPG","77.0"
"UF.Citrus_HLB_Lab 1219.JPG","77.0"
"UF.Citrus_HLB_Lab 1220.JPG","77.0"
"UF.Citrus_HLB_Lab 1221.JPG","77.0"
"UF.Citrus_HLB_Lab 1222.JPG","77.0"
"UF.Citrus_HLB_Lab 1223.JPG","77.0"
"UF.Citrus_HLB_Lab 1224.JPG","77.0"
"UF.Citrus_HLB_Lab 1225.JPG","77.0"
"UF.Citrus_HLB_Lab 1226.JPG","77.0"
"UF.Citrus_HLB_Lab 1227.JPG","78.0"
"UF.Citrus_HLB_Lab 1228.JPG","78.0"
"UF.Citrus_HLB_Lab 1229.JPG","78.0"
"UF.Citrus_HLB_Lab 1230.JPG","78.0"
"UF.Citrus_HLB_Lab 1231.JPG","78.0"
"UF.Citrus_HLB_Lab 1232.JPG","78.0"
"UF.Citrus_HLB_Lab 1233.JPG","78.0"
"UF.Citrus_HLB_Lab 1234.JPG","78.0"
"UF.Citrus_HLB_Lab 1235.JPG","78.0"
"UF.Citrus_HLB_Lab 1236.JPG","78.0"
"UF.Citrus_HLB_Lab 1237.JPG","78.0"
"UF.Citrus_HLB_Lab 1238.JPG","78.0"
"UF.Citrus_HLB_Lab 1239.JPG","78.0"
"UF.Citrus_HLB_Lab 1240.JPG","78.0"
"UF.Citrus_HLB_Lab 1241.JPG","79.0"
"UF.Citrus_HLB_Lab 1242.JPG","79.0"
"UF.Citrus_HLB_Lab 1243.JPG","79.0"
"UF.Citrus_HLB_Lab 1244.JPG","79.0"
"UF.Citrus_HLB_Lab 1245.JPG","79.0"
"UF.Citrus_HLB_Lab 1246.JPG","79.0"
"UF.Citrus_HLB_Lab 1247.JPG","79.0"
"UF.Citrus_HLB_Lab 1248.JPG","79.0"
"UF.Citrus_HLB_Lab 1249.JPG","79.0"
"UF.Citrus_HLB_Lab 1250.JPG","79.0"
"UF.Citrus_HLB_Lab 1251.JPG","79.0"
"UF.Citrus_HLB_Lab 1252.JPG","79.0"
"UF.Citrus_HLB_Lab 1253.JPG","79.0"
"UF.Citrus_HLB_Lab 1254.JPG","79.0"
"UF.Citrus_HLB_Lab 1255.JPG","80.0"
"UF.Citrus_HLB_Lab 1256.JPG","80.0"
"UF.Citrus_HLB_Lab 1257.JPG","80.0"
"UF.Citrus_HLB_Lab 1258.JPG","80.0"
"UF.Citrus_HLB_Lab 1259.JPG","80.0"
"UF.Citrus_HLB_Lab 1260.JPG","80.0"
"UF.Citrus_HLB_Lab 1261.JPG","80.0"
"UF.Citrus_HLB_Lab 1262.JPG","80.0"
"UF.Citrus_HLB_Lab 1263.JPG","80.0"
"UF.Citrus_HLB_Lab 1264.JPG","80.0"
"UF.Citrus_HLB_Lab 1265.JPG","80.0"
"UF.Citrus_HLB_Lab 1266.JPG","80.0"
"UF.Citrus_HLB_Lab 1267.JPG","80.0"
"UF.Citrus_HLB_Lab 1268.JPG","80.0"
"UF.Citrus_HLB_Lab 1269.JPG","80.0"
"UF.Citrus_HLB_Lab 1270.JPG","80.0"
"UF.Citrus_HLB_Lab 1271.JPG","81.0"
"UF.Citrus_HLB_Lab 1272.JPG","81.0"
"UF.Citrus_HLB_Lab 1273.JPG","81.0"
"UF.Citrus_HLB_Lab 1274.JPG","81.0"
"UF.Citrus_HLB_Lab 1275.JPG","81.0"
"UF.Citrus_HLB_Lab 1276.JPG","81.0"
"UF.Citrus_HLB_Lab 1277.JPG","81.0"
"UF.Citrus_HLB_Lab 1278.JPG","81.0"
"UF.Citrus_HLB_Lab 1279.JPG","81.0"
"UF.Citrus_HLB_Lab 1280.JPG","81.0"
"UF.Citrus_HLB_Lab 1281.JPG","81.0"
"UF.Citrus_HLB_Lab 1282.JPG","81.0"
"UF.Citrus_HLB_Lab 1283.JPG","81.0"
"UF.Citrus_HLB_Lab 1284.JPG","82.0"
"UF.Citrus_HLB_Lab 1285.JPG","82.0"
"UF.Citrus_HLB_Lab 1286.JPG","82.0"
"UF.Citrus_HLB_Lab 1287.JPG","82.0"
"UF.Citrus_HLB_Lab 1288.JPG","82.0"
"UF.Citrus_HLB_Lab 1289.JPG","82.0"
"UF.Citrus_HLB_Lab 1290.JPG","82.0"
"UF.Citrus_HLB_Lab 1291.JPG","82.0"
"UF.Citrus_HLB_Lab 1292.JPG","82.0"
"UF.Citrus_HLB_Lab 1293.JPG","82.0"
"UF.Citrus_HLB_Lab 1294.JPG","82.0"
"UF.Citrus_HLB_Lab 1295.JPG","82.0"
"UF.Citrus_HLB_Lab 1296.JPG","82.0"
"UF.Citrus_HLB_Lab 1297.JPG","82.0"
"UF.Citrus_HLB_Lab 1298.JPG","83.0"
"UF.Citrus_HLB_Lab 1299.JPG","83.0"
"UF.Citrus_HLB_Lab 1300.JPG","83.0"
"UF.Citrus_HLB_Lab 1301.JPG","83.0"
"UF.Citrus_HLB_Lab 1302.JPG","83.0"
"UF.Citrus_HLB_Lab 1303.JPG","83.0"
"UF.Citrus_HLB_Lab 1304.JPG","83.0"
"UF.Citrus_HLB_Lab 1305.JPG","83.0"
"UF.Citrus_HLB_Lab 1306.JPG","83.0"
"UF.Citrus_HLB_Lab 1307.JPG","83.0"
"UF.Citrus_HLB_Lab 1308.JPG","83.0"
"UF.Citrus_HLB_Lab 1309.JPG","83.0"
"UF.Citrus_HLB_Lab 1310.JPG","83.0"
"UF.Citrus_HLB_Lab 1311.JPG","83.0"
"UF.Citrus_HLB_Lab 1312.JPG","83.0"
"UF.Citrus_HLB_Lab 1313.JPG","84.0"
"UF.Citrus_HLB_Lab 1314.JPG","84.0"
"UF.Citrus_HLB_Lab 1315.JPG","84.0"
"UF.Citrus_HLB_Lab 1316.JPG","84.0"
"UF.Citrus_HLB_Lab 1317.JPG","84.0"
"UF.Citrus_HLB_Lab 1318.JPG","84.0"
"UF.Citrus_HLB_Lab 1319.JPG","84.0"
"UF.Citrus_HLB_Lab 1320.JPG","84.0"
"UF.Citrus_HLB_Lab 1321.JPG","84.0"
"UF.Citrus_HLB_Lab 1322.JPG","84.0"
"UF.Citrus_HLB_Lab 1323.JPG","84.0"
"UF.Citrus_HLB_Lab 1324.JPG","84.0"
"UF.Citrus_HLB_Lab 1325.JPG","84.0"
"UF.Citrus_HLB_Lab 1326.JPG","84.0"
"UF.Citrus_HLB_Lab 1327.JPG","85.0"
"UF.Citrus_HLB_Lab 1328.JPG","85.0"
"UF.Citrus_HLB_Lab 1329.JPG","85.0"
"UF.Citrus_HLB_Lab 1330.JPG","85.0"
"UF.Citrus_HLB_Lab 1331.JPG","85.0"
"UF.Citrus_HLB_Lab 1332.JPG","85.0"
"UF.Citrus_HLB_Lab 1333.JPG","85.0"
"UF.Citrus_HLB_Lab 1334.JPG","85.0"
"UF.Citrus_HLB_Lab 1335.JPG","85.0"
"UF.Citrus_HLB_Lab 1336.JPG","85.0"
"UF.Citrus_HLB_Lab 1337.JPG","85.0"
"UF.Citrus_HLB_Lab 1338.JPG","85.0"
"UF.Citrus_HLB_Lab 1339.JPG","85.0"
"UF.Citrus_HLB_Lab 1340.JPG","85.0"
"UF.Citrus_HLB_Lab 1341.JPG","85.0"
"UF.Citrus_HLB_Lab 1342.JPG","86.0"
"UF.Citrus_HLB_Lab 1343.JPG","86.0"
"UF.Citrus_HLB_Lab 1344.JPG","86.0"
"UF.Citrus_HLB_Lab 1345.JPG","86.0"
"UF.Citrus_HLB_Lab 1346.JPG","86.0"
"UF.Citrus_HLB_Lab 1347.JPG","86.0"
"UF.Citrus_HLB_Lab 1348.JPG","86.0"
"UF.Citrus_HLB_Lab 1349.JPG","86.0"
"UF.Citrus_HLB_Lab 1350.JPG","86.0"
"UF.Citrus_HLB_Lab 1351.JPG","86.0"
"UF.Citrus_HLB_Lab 1352.JPG","86.0"
"UF.Citrus_HLB_Lab 1353.JPG","86.0"
"UF.Citrus_HLB_Lab 1354.JPG","86.0"
"UF.Citrus_HLB_Lab 1355.JPG","87.0"
"UF.Citrus_HLB_Lab 1356.JPG","87.0"
"UF.Citrus_HLB_Lab 1357.JPG","87.0"
"UF.Citrus_HLB_Lab 1358.JPG","87.0"
"UF.Citrus_HLB_Lab 1359.JPG","87.0"
"UF.Citrus_HLB_Lab 1360.JPG","87.0"
"UF.Citrus_HLB_Lab 1361.JPG","87.0"
"UF.Citrus_HLB_Lab 1362.JPG","87.0"
"UF.Citrus_HLB_Lab 1363.JPG","87.0"
"UF.Citrus_HLB_Lab 1364.JPG","87.0"
"UF.Citrus_HLB_Lab 1365.JPG","87.0"
"UF.Citrus_HLB_Lab 1366.JPG","87.0"
"UF.Citrus_HLB_Lab 1367.JPG","87.0"
"UF.Citrus_HLB_Lab 1368.JPG","87.0"
"UF.Citrus_HLB_Lab 1369.JPG","87.0"
"UF.Citrus_HLB_Lab 1370.JPG","88.0"
"UF.Citrus_HLB_Lab 1371.JPG","88.0"
"UF.Citrus_HLB_Lab 1372.JPG","88.0"
"UF.Citrus_HLB_Lab 1373.JPG","88.0"
"UF.Citrus_HLB_Lab 1374.JPG","88.0"
"UF.Citrus_HLB_Lab 1375.JPG","88.0"
"UF.Citrus_HLB_Lab 1376.JPG","88.0"
"UF.Citrus_HLB_Lab 1377.JPG","88.0"
"UF.Citrus_HLB_Lab 1378.JPG","88.0"
"UF.Citrus_HLB_Lab 1379.JPG","88.0"
"UF.Citrus_HLB_Lab 1380.JPG","88.0"
"UF.Citrus_HLB_Lab 1381.JPG","88.0"
"UF.Citrus_HLB_Lab 1382.JPG","88.0"
"UF.Citrus_HLB_Lab 1383.JPG","88.0"
"UF.Citrus_HLB_Lab 1384.JPG","89.0"
"UF.Citrus_HLB_Lab 1385.JPG","89.0"
"UF.Citrus_HLB_Lab 1386.JPG","89.0"
"UF.Citrus_HLB_Lab 1387.JPG","89.0"
"UF.Citrus_HLB_Lab 1388.JPG","89.0"
"UF.Citrus_HLB_Lab 1389.JPG","89.0"
"UF.Citrus_HLB_Lab 1390.JPG","89.0"
"UF.Citrus_HLB_Lab 1391.JPG","89.0"
"UF.Citrus_HLB_Lab 1392.JPG","89.0"
"UF.Citrus_HLB_Lab 1393.JPG","89.0"
"UF.Citrus_HLB_Lab 1394.JPG","89.0"
"UF.Citrus_HLB_Lab 1395.JPG","89.0"
"UF.Citrus_HLB_Lab 1396.JPG","89.0"
"UF.Citrus_HLB_Lab 1397.JPG","89.0"
"UF.Citrus_HLB_Lab 1398.JPG","89.0"
"UF.Citrus_HLB_Lab 1399.JPG","89.0"
"UF.Citrus_HLB_Lab 1400.JPG","89.0"
"UF.Citrus_HLB_Lab 1401.JPG","89.0"
"UF.Citrus_HLB_Lab 1402.JPG","89.0"
"UF.Citrus_HLB_Lab 1403.JPG","89.0"
"UF.Citrus_HLB_Lab 1404.JPG","90.0"
"UF.Citrus_HLB_Lab 1405.JPG","90.0"
"UF.Citrus_HLB_Lab 1406.JPG","90.0"
"UF.Citrus_HLB_Lab 1407.JPG","90.0"
"UF.Citrus_HLB_Lab 1408.JPG","90.0"
"UF.Citrus_HLB_Lab 1409.JPG","90.0"
"UF.Citrus_HLB_Lab 1410.JPG","90.0"
"UF.Citrus_HLB_Lab 1411.JPG","90.0"
"UF.Citrus_HLB_Lab 1412.JPG","90.0"
"UF.Citrus_HLB_Lab 1413.JPG","90.0"
"UF.Citrus_HLB_Lab 1414.JPG","90.0"
"UF.Citrus_HLB_Lab 1415.JPG","90.0"
"UF.Citrus_HLB_Lab 1416.JPG","90.0"
"UF.Citrus_HLB_Lab 1417.JPG","90.0"
"UF.Citrus_HLB_Lab 1418.JPG","90.0"
"UF.Citrus_HLB_Lab 1419.JPG","90.0"
"UF.Citrus_HLB_Lab 1420.JPG","90.0"
"UF.Citrus_HLB_Lab 1421.JPG","90.0"
"UF.Citrus_HLB_Lab 1422.JPG","90.0"
"UF.Citrus_HLB_Lab 1423.JPG","90.0"
"UF.Citrus_HLB_Lab 1424.JPG","90.0"
"UF.Citrus_HLB_Lab 1425.JPG","91.0"
"UF.Citrus_HLB_Lab 1426.JPG","91.0"
"UF.Citrus_HLB_Lab 1427.JPG","91.0"
"UF.Citrus_HLB_Lab 1428.JPG","91.0"
"UF.Citrus_HLB_Lab 1429.JPG","91.0"
"UF.Citrus_HLB_Lab 1430.JPG","91.0"
"UF.Citrus_HLB_Lab 1431.JPG","91.0"
"UF.Citrus_HLB_Lab 1432.JPG","91.0"
"UF.Citrus_HLB_Lab 1433.JPG","91.0"
"UF.Citrus_HLB_Lab 1434.JPG","91.0"
"UF.Citrus_HLB_Lab 1435.JPG","91.0"
"UF.Citrus_HLB_Lab 1436.JPG","91.0"
"UF.Citrus_HLB_Lab 1437.JPG","91.0"
"UF.Citrus_HLB_Lab 1438.JPG","91.0"
"UF.Citrus_HLB_Lab 1439.JPG","91.0"
"UF.Citrus_HLB_Lab 1440.JPG","91.0"
"UF.Citrus_HLB_Lab 1441.JPG","91.0"
"UF.Citrus_HLB_Lab 1442.JPG","91.0"
"UF.Citrus_HLB_Lab 1443.JPG","92.0"
"UF.Citrus_HLB_Lab 1444.JPG","92.0"
"UF.Citrus_HLB_Lab 1445.JPG","92.0"
"UF.Citrus_HLB_Lab 1446.JPG","92.0"
"UF.Citrus_HLB_Lab 1447.JPG","92.0"
"UF.Citrus_HLB_Lab 1448.JPG","92.0"
"UF.Citrus_HLB_Lab 1449.JPG","92.0"
"UF.Citrus_HLB_Lab 1450.JPG","92.0"
"UF.Citrus_HLB_Lab 1451.JPG","92.0"
"UF.Citrus_HLB_Lab 1452.JPG","92.0"
"UF.Citrus_HLB_Lab 1453.JPG","92.0"
"UF.Citrus_HLB_Lab 1454.JPG","92.0"
"UF.Citrus_HLB_Lab 1455.JPG","92.0"
"UF.Citrus_HLB_Lab 1456.JPG","92.0"
"UF.Citrus_HLB_Lab 1457.JPG","92.0"
"UF.Citrus_HLB_Lab 1458.JPG","92.0"
"UF.Citrus_HLB_Lab 1459.JPG","92.0"
"UF.Citrus_HLB_Lab 1460.JPG","92.0"
"UF.Citrus_HLB_Lab 1461.JPG","92.0"
"UF.Citrus_HLB_Lab 1462.JPG","92.0"
"UF.Citrus_HLB_Lab 1463.JPG","93.0"
"UF.Citrus_HLB_Lab 1464.JPG","93.0"
"UF.Citrus_HLB_Lab 1465.JPG","93.0"
"UF.Citrus_HLB_Lab 1466.JPG","93.0"
"UF.Citrus_HLB_Lab 1467.JPG","93.0"
"UF.Citrus_HLB_Lab 1468.JPG","93.0"
"UF.Citrus_HLB_Lab 1469.JPG","93.0"
"UF.Citrus_HLB_Lab 1470.JPG","93.0"
"UF.Citrus_HLB_Lab 1471.JPG","93.0"
"UF.Citrus_HLB_Lab 1472.JPG","93.0"
"UF.Citrus_HLB_Lab 1473.JPG","93.0"
"UF.Citrus_HLB_Lab 1474.JPG","93.0"
"UF.Citrus_HLB_Lab 1475.JPG","93.0"
"UF.Citrus_HLB_Lab 1476.JPG","93.0"
"UF.Citrus_HLB_Lab 1477.JPG","93.0"
"UF.Citrus_HLB_Lab 1478.JPG","93.0"
"UF.Citrus_HLB_Lab 1479.JPG","93.0"
"UF.Citrus_HLB_Lab 1480.JPG","93.0"
"UF.Citrus_HLB_Lab 1481.JPG","93.0"
"UF.Citrus_HLB_Lab 1482.JPG","94.0"
"UF.Citrus_HLB_Lab 1483.JPG","94.0"
"UF.Citrus_HLB_Lab 1484.JPG","94.0"
"UF.Citrus_HLB_Lab 1485.JPG","94.0"
"UF.Citrus_HLB_Lab 1486.JPG","94.0"
"UF.Citrus_HLB_Lab 1487.JPG","94.0"
"UF.Citrus_HLB_Lab 1488.JPG","94.0"
"UF.Citrus_HLB_Lab 1489.JPG","94.0"
"UF.Citrus_HLB_Lab 1490.JPG","94.0"
"UF.Citrus_HLB_Lab 1491.JPG","94.0"
"UF.Citrus_HLB_Lab 1492.JPG","94.0"
"UF.Citrus_HLB_Lab 1493.JPG","94.0"
"UF.Citrus_HLB_Lab 1494.JPG","94.0"
"UF.Citrus_HLB_Lab 1495.JPG","94.0"
"UF.Citrus_HLB_Lab 1496.JPG","94.0"
"UF.Citrus_HLB_Lab 1497.JPG","94.0"
"UF.Citrus_HLB_Lab 1498.JPG","94.0"
"UF.Citrus_HLB_Lab 1499.JPG","94.0"
"UF.Citrus_HLB_Lab 1500.JPG","94.0"
"UF.Citrus_HLB_Lab 1501.JPG","94.0"
"UF.Citrus_HLB_Lab 1502.JPG","94.0"
"UF.Citrus_HLB_Lab 1503.JPG","94.0"
"UF.Citrus_HLB_Lab 1504.JPG","94.0"
"UF.Citrus_HLB_Lab 1505.JPG","95.0"
"UF.Citrus_HLB_Lab 1506.JPG","95.0"
"UF.Citrus_HLB_Lab 1507.JPG","95.0"
"UF.Citrus_HLB_Lab 1508.JPG","95.0"
"UF.Citrus_HLB_Lab 1509.JPG","95.0"
"UF.Citrus_HLB_Lab 1510.JPG","95.0"
"UF.Citrus_HLB_Lab 1511.JPG","95.0"
"UF.Citrus_HLB_Lab 1512.JPG","95.0"
"UF.Citrus_HLB_Lab 1513.JPG","95.0"
"UF.Citrus_HLB_Lab 1514.JPG","95.0"
"UF.Citrus_HLB_Lab 1515.JPG","95.0"
"UF.Citrus_HLB_Lab 1516.JPG","95.0"
"UF.Citrus_HLB_Lab 1517.JPG","95.0"
"UF.Citrus_HLB_Lab 1518.JPG","95.0"
"UF.Citrus_HLB_Lab 1519.JPG","95.0"
"UF.Citrus_HLB_Lab 1520.JPG","95.0"
"UF.Citrus_HLB_Lab 1521.JPG","95.0"
"UF.Citrus_HLB_Lab 1522.JPG","95.0"
"UF.Citrus_HLB_Lab 1523.JPG","96.0"
"UF.Citrus_HLB_Lab 1524.JPG","96.0"
"UF.Citrus_HLB_Lab 1525.JPG","96.0"
"UF.Citrus_HLB_Lab 1526.JPG","96.0"
"UF.Citrus_HLB_Lab 1527.JPG","96.0"
"UF.Citrus_HLB_Lab 1528.JPG","96.0"
"UF.Citrus_HLB_Lab 1529.JPG","96.0"
"UF.Citrus_HLB_Lab 1530.JPG","96.0"
"UF.Citrus_HLB_Lab 1531.JPG","96.0"
"UF.Citrus_HLB_Lab 1532.JPG","96.0"
"UF.Citrus_HLB_Lab 1533.JPG","96.0"
"UF.Citrus_HLB_Lab 1534.JPG","96.0"
"UF.Citrus_HLB_Lab 1535.JPG","96.0"
"UF.Citrus_HLB_Lab 1536.JPG","96.0"
"UF.Citrus_HLB_Lab 1537.JPG","96.0"
"UF.Citrus_HLB_Lab 1538.JPG","96.0"
"UF.Citrus_HLB_Lab 1539.JPG","96.0"
"UF.Citrus_HLB_Lab 1540.JPG","96.0"
"UF.Citrus_HLB_Lab 1541.JPG","96.0"
"UF.Citrus_HLB_Lab 1542.JPG","96.0"
"UF.Citrus_HLB_Lab 1543.JPG","96.0"
"UF.Citrus_HLB_Lab 1544.JPG","96.0"
"UF.Citrus_HLB_Lab 1545.JPG","97.0"
"UF.Citrus_HLB_Lab 1546.JPG","97.0"
"UF.Citrus_HLB_Lab 1547.JPG","97.0"
"UF.Citrus_HLB_Lab 1548.JPG","97.0"
"UF.Citrus_HLB_Lab 1549.JPG","97.0"
"UF.Citrus_HLB_Lab 1550.JPG","97.0"
"UF.Citrus_HLB_Lab 1551.JPG","97.0"
"UF.Citrus_HLB_Lab 1552.JPG","97.0"
"UF.Citrus_HLB_Lab 1553.JPG","97.0"
"UF.Citrus_HLB_Lab 1554.JPG","97.0"
"UF.Citrus_HLB_Lab 1555.JPG","97.0"
"UF.Citrus_HLB_Lab 1556.JPG","97.0"
"UF.Citrus_HLB_Lab 1557.JPG","97.0"
"UF.Citrus_HLB_Lab 1558.JPG","97.0"
"UF.Citrus_HLB_Lab 1559.JPG","97.0"
"UF.Citrus_HLB_Lab 1560.JPG","97.0"
"UF.Citrus_HLB_Lab 1561.JPG","97.0"
"UF.Citrus_HLB_Lab 1562.JPG","97.0"
"UF.Citrus_HLB_Lab 1563.JPG","97.0"
"UF.Citrus_HLB_Lab 1564.JPG","97.0"
"UF.Citrus_HLB_Lab 1565.JPG","98.0"
"UF.Citrus_HLB_Lab 1566.JPG","98.0"
"UF.Citrus_HLB_Lab 1567.JPG","98.0"
"UF.Citrus_HLB_Lab 1568.JPG","98.0"
"UF.Citrus_HLB_Lab 1569.JPG","98.0"
"UF.Citrus_HLB_Lab 1570.JPG","98.0"
"UF.Citrus_HLB_Lab 1571.JPG","98.0"
"UF.Citrus_HLB_Lab 1572.JPG","98.0"
"UF.Citrus_HLB_Lab 1573.JPG","98.0"
"UF.Citrus_HLB_Lab 1574.JPG","99.0"
"UF.Citrus_HLB_Lab 1575.JPG","99.0"
"UF.Citrus_HLB_Lab 1576.JPG","99.0"
"UF.Citrus_HLB_Lab 1577.JPG","99.0"
"UF.Citrus_HLB_Lab 1578.JPG","99.0"
"UF.Citrus_HLB_Lab 1579.JPG","99.0"
"UF.Citrus_HLB_Lab 1580.JPG","99.0"
"UF.Citrus_HLB_Lab 1581.JPG","99.0"
"UF.Citrus_HLB_Lab 1582.JPG","99.0"
"UF.Citrus_HLB_Lab 1583.JPG","99.0"
"UF.Citrus_HLB_Lab 1584.JPG","99.0"
"UF.Citrus_HLB_Lab 1585.JPG","99.0"
"UF.Citrus_HLB_Lab 1586.JPG","99.0"
"UF.Citrus_HLB_Lab 1587.JPG","99.0"
"UF.Citrus_HLB_Lab 1588.JPG","99.0"
"UF.Citrus_HLB_Lab 1589.JPG","100.0"
"UF.Citrus_HLB_Lab 1590.JPG","100.0"
"UF.Citrus_HLB_Lab 1591.JPG","100.0"
"UF.Citrus_HLB_Lab 1592.JPG","100.0"
"UF.Citrus_HLB_Lab 1593.JPG","100.0"
"UF.Citrus_HLB_Lab 1594.JPG","100.0"
"UF.Citrus_HLB_Lab 1595.JPG","100.0"
"UF.Citrus_HLB_Lab 1596.JPG","100.0"
"UF.Citrus_HLB_Lab 1597.JPG","100.0"
"UF.Citrus_HLB_Lab 1598.JPG","100.0"
"UF.Citrus_HLB_Lab 1599.JPG","100.0"
"UF.Citrus_HLB_Lab 1600.JPG","100.0"
"UF.Citrus_HLB_Lab 1601.JPG","100.0"
"UF.Citrus_HLB_Lab 1602.JPG","100.0"
"UF.Citrus_HLB_Lab 1603.JPG","100.0"
"UF.Citrus_HLB_Lab 1604.JPG","100.0"
"UF.Citrus_HLB_Lab 1605.JPG","101.0"
"UF.Citrus_HLB_Lab 1606.JPG","101.0"
"UF.Citrus_HLB_Lab 1607.JPG","101.0"
"UF.Citrus_HLB_Lab 1608.JPG","101.0"
"UF.Citrus_HLB_Lab 1609.JPG","101.0"
"UF.Citrus_HLB_Lab 1610.JPG","101.0"
"UF.Citrus_HLB_Lab 1611.JPG","101.0"
"UF.Citrus_HLB_Lab 1612.JPG","101.0"
"UF.Citrus_HLB_Lab 1613.JPG","101.0"
"UF.Citrus_HLB_Lab 1614.JPG","102.0"
"UF.Citrus_HLB_Lab 1615.JPG","102.0"
"UF.Citrus_HLB_Lab 1616.JPG","102.0"
"UF.Citrus_HLB_Lab 1617.JPG","102.0"
"UF.Citrus_HLB_Lab 1618.JPG","102.0"
"UF.Citrus_HLB_Lab 1619.JPG","102.0"
"UF.Citrus_HLB_Lab 1620.JPG","102.0"
"UF.Citrus_HLB_Lab 1621.JPG","102.0"
"UF.Citrus_HLB_Lab 1622.JPG","102.0"
"UF.Citrus_HLB_Lab 1623.JPG","102.0"
"UF.Citrus_HLB_Lab 1624.JPG","102.0"
"UF.Citrus_HLB_Lab 1625.JPG","102.0"
"UF.Citrus_HLB_Lab 1626.JPG","102.0"
"UF.Citrus_HLB_Lab 1627.JPG","102.0"
"UF.Citrus_HLB_Lab 1628.JPG","102.0"
"UF.Citrus_HLB_Lab 1629.JPG","102.0"
"UF.Citrus_HLB_Lab 1630.JPG","103.0"
"UF.Citrus_HLB_Lab 1631.JPG","103.0"
"UF.Citrus_HLB_Lab 1632.JPG","103.0"
"UF.Citrus_HLB_Lab 1633.JPG","103.0"
"UF.Citrus_HLB_Lab 1634.JPG","103.0"
"UF.Citrus_HLB_Lab 1635.JPG","103.0"
"UF.Citrus_HLB_Lab 1636.JPG","103.0"
"UF.Citrus_HLB_Lab 1637.JPG","103.0"
"UF.Citrus_HLB_Lab 1638.JPG","103.0"
"UF.Citrus_HLB_Lab 1639.JPG","103.0"
"UF.Citrus_HLB_Lab 1640.JPG","103.0"
"UF.Citrus_HLB_Lab 1641.JPG","103.0"
"UF.Citrus_HLB_Lab 1642.JPG","103.0"
"UF.Citrus_HLB_Lab 1643.JPG","103.0"
"UF.Citrus_HLB_Lab 1644.JPG","103.0"
"UF.Citrus_HLB_Lab 1645.JPG","104.0"
"UF.Citrus_HLB_Lab 1646.JPG","104.0"
"UF.Citrus_HLB_Lab 1647.JPG","104.0"
"UF.Citrus_HLB_Lab 1648.JPG","104.0"
"UF.Citrus_HLB_Lab 1649.JPG","104.0"
"UF.Citrus_HLB_Lab 1650.JPG","104.0"
"UF.Citrus_HLB_Lab 1651.JPG","104.0"
"UF.Citrus_HLB_Lab 1652.JPG","104.0"
"UF.Citrus_HLB_Lab 1653.JPG","104.0"
"UF.Citrus_HLB_Lab 1654.JPG","104.0"
"UF.Citrus_HLB_Lab 1655.JPG","104.0"
"UF.Citrus_HLB_Lab 1656.JPG","104.0"
"UF.Citrus_HLB_Lab 1657.JPG","104.0"
"UF.Citrus_HLB_Lab 1658.JPG","104.0"
"UF.Citrus_HLB_Lab 1659.JPG","104.0"
"UF.Citrus_HLB_Lab 1660.JPG","104.0"
"UF.Citrus_HLB_Lab 1661.JPG","104.0"
"UF.Citrus_HLB_Lab 1662.JPG","104.0"
"UF.Citrus_HLB_Lab 1663.JPG","104.0"
"UF.Citrus_HLB_Lab 1664.JPG","104.0"
"UF.Citrus_HLB_Lab 1665.JPG","105.0"
"UF.Citrus_HLB_Lab 1666.JPG","105.0"
"UF.Citrus_HLB_Lab 1667.JPG","105.0"
"UF.Citrus_HLB_Lab 1668.JPG","105.0"
"UF.Citrus_HLB_Lab 1669.JPG","105.0"
"UF.Citrus_HLB_Lab 1670.JPG","105.0"
"UF.Citrus_HLB_Lab 1671.JPG","105.0"
"UF.Citrus_HLB_Lab 1672.JPG","105.0"
"UF.Citrus_HLB_Lab 1673.JPG","105.0"
"UF.Citrus_HLB_Lab 1674.JPG","105.0"
"UF.Citrus_HLB_Lab 1675.JPG","105.0"
"UF.Citrus_HLB_Lab 1676.JPG","105.0"
"UF.Citrus_HLB_Lab 1677.JPG","105.0"
"UF.Citrus_HLB_Lab 1678.JPG","105.0"
"UF.Citrus_HLB_Lab 1679.JPG","105.0"
"UF.Citrus_HLB_Lab 1680.JPG","105.0"
"UF.Citrus_HLB_Lab 1681.JPG","105.0"
"UF.Citrus_HLB_Lab 1682.JPG","105.0"
"UF.Citrus_HLB_Lab 1683.JPG","105.0"
"UF.Citrus_HLB_Lab 1684.JPG","105.0"
"UF.Citrus_HLB_Lab 1685.JPG","105.0"
"UF.Citrus_HLB_Lab 1686.JPG","105.0"
"UF.Citrus_HLB_Lab 1687.JPG","106.0"
"UF.Citrus_HLB_Lab 1688.JPG","106.0"
"UF.Citrus_HLB_Lab 1689.JPG","106.0"
"UF.Citrus_HLB_Lab 1690.JPG","106.0"
"UF.Citrus_HLB_Lab 1691.JPG","106.0"
"UF.Citrus_HLB_Lab 1692.JPG","106.0"
"UF.Citrus_HLB_Lab 1693.JPG","106.0"
"UF.Citrus_HLB_Lab 1694.JPG","106.0"
"UF.Citrus_HLB_Lab 1695.JPG","106.0"
"UF.Citrus_HLB_Lab 1696.JPG","106.0"
"UF.Citrus_HLB_Lab 1697.JPG","106.0"
"UF.Citrus_HLB_Lab 1698.JPG","106.0"
"UF.Citrus_HLB_Lab 1699.JPG","106.0"
"UF.Citrus_HLB_Lab 1700.JPG","106.0"
"UF.Citrus_HLB_Lab 1701.JPG","106.0"
"UF.Citrus_HLB_Lab 1702.JPG","106.0"
"UF.Citrus_HLB_Lab 1703.JPG","107.0"
"UF.Citrus_HLB_Lab 1704.JPG","107.0"
"UF.Citrus_HLB_Lab 1705.JPG","107.0"
"UF.Citrus_HLB_Lab 1706.JPG","107.0"
"UF.Citrus_HLB_Lab 1707.JPG","107.0"
"UF.Citrus_HLB_Lab 1708.JPG","107.0"
"UF.Citrus_HLB_Lab 1709.JPG","107.0"
"UF.Citrus_HLB_Lab 1710.JPG","107.0"
"UF.Citrus_HLB_Lab 1711.JPG","107.0"
"UF.Citrus_HLB_Lab 1712.JPG","107.0"
"UF.Citrus_HLB_Lab 1713.JPG","107.0"
"UF.Citrus_HLB_Lab 1714.JPG","107.0"
"UF.Citrus_HLB_Lab 1715.JPG","107.0"
"UF.Citrus_HLB_Lab 1716.JPG","107.0"
"UF.Citrus_HLB_Lab 1717.JPG","107.0"
"UF.Citrus_HLB_Lab 1718.JPG","107.0"
"UF.Citrus_HLB_Lab 1719.JPG","107.0"
"UF.Citrus_HLB_Lab 1720.JPG","107.0"
"UF.Citrus_HLB_Lab 1721.JPG","107.0"
"UF.Citrus_HLB_Lab 1722.JPG","107.0"
"UF.Citrus_HLB_Lab 1723.JPG","108.0"
"UF.Citrus_HLB_Lab 1724.JPG","108.0"
"UF.Citrus_HLB_Lab 1725.JPG","108.0"
"UF.Citrus_HLB_Lab 1726.JPG","108.0"
"UF.Citrus_HLB_Lab 1727.JPG","108.0"
"UF.Citrus_HLB_Lab 1728.JPG","108.0"
"UF.Citrus_HLB_Lab 1729.JPG","108.0"
"UF.Citrus_HLB_Lab 1730.JPG","109.0"
"UF.Citrus_HLB_Lab 1731.JPG","109.0"
"UF.Citrus_HLB_Lab 1732.JPG","109.0"
"UF.Citrus_HLB_Lab 1733.JPG","109.0"
"UF.Citrus_HLB_Lab 1734.JPG","109.0"
"UF.Citrus_HLB_Lab 1735.JPG","109.0"
"UF.Citrus_HLB_Lab 1736.JPG","109.0"
"UF.Citrus_HLB_Lab 1737.JPG","109.0"
"UF.Citrus_HLB_Lab 1738.JPG","109.0"
"UF.Citrus_HLB_Lab 1739.JPG","109.0"
"UF.Citrus_HLB_Lab 1740.JPG","109.0"
"UF.Citrus_HLB_Lab 1741.JPG","109.0"
"UF.Citrus_HLB_Lab 1742.JPG","109.0"
"UF.Citrus_HLB_Lab 1743.JPG","109.0"
"UF.Citrus_HLB_Lab 1744.JPG","109.0"
"UF.Citrus_HLB_Lab 1745.JPG","109.0"
"UF.Citrus_HLB_Lab 1746.JPG","109.0"
"UF.Citrus_HLB_Lab 1747.JPG","110.0"
"UF.Citrus_HLB_Lab 1748.JPG","110.0"
"UF.Citrus_HLB_Lab 1749.JPG","110.0"
"UF.Citrus_HLB_Lab 1750.JPG","110.0"
"UF.Citrus_HLB_Lab 1751.JPG","110.0"
"UF.Citrus_HLB_Lab 1752.JPG","110.0"
"UF.Citrus_HLB_Lab 1753.JPG","110.0"
"UF.Citrus_HLB_Lab 1754.JPG","110.0"
"UF.Citrus_HLB_Lab 1755.JPG","110.0"
"UF.Citrus_HLB_Lab 1756.JPG","110.0"
"UF.Citrus_HLB_Lab 1757.JPG","110.0"
"UF.Citrus_HLB_Lab 1758.JPG","110.0"
"UF.Citrus_HLB_Lab 1759.JPG","110.0"
"UF.Citrus_HLB_Lab 1760.JPG","110.0"
"UF.Citrus_HLB_Lab 1761.JPG","110.0"
"UF.Citrus_HLB_Lab 1762.JPG","110.0"
"UF.Citrus_HLB_Lab 1763.JPG","110.0"
"UF.Citrus_HLB_Lab 1764.JPG","110.0"
"UF.Citrus_HLB_Lab 9626.JPG","111.0"
"UF.Citrus_HLB_Lab 9628.JPG","111.0"
"UF.Citrus_HLB_Lab 9629.JPG","111.0"
"UF.Citrus_HLB_Lab 9630.JPG","111.0"
"UF.Citrus_HLB_Lab 9631.JPG","111.0"
"UF.Citrus_HLB_Lab 9632.JPG","111.0"
"UF.Citrus_HLB_Lab 9633.JPG","111.0"
"UF.Citrus_HLB_Lab 9634.JPG","111.0"
"UF.Citrus_HLB_Lab 9635.JPG","111.0"
"UF.Citrus_HLB_Lab 9636.JPG","112.0"
"UF.Citrus_HLB_Lab 9637.JPG","112.0"
"UF.Citrus_HLB_Lab 9638.JPG","112.0"
"UF.Citrus_HLB_Lab 9639.JPG","112.0"
"UF.Citrus_HLB_Lab 9640.JPG","112.0"
"UF.Citrus_HLB_Lab 9641.JPG","112.0"
"UF.Citrus_HLB_Lab 9642.JPG","112.0"
"UF.Citrus_HLB_Lab 9643.JPG","112.0"
"UF.Citrus_HLB_Lab 9644.JPG","112.0"
"UF.Citrus_HLB_Lab 9645.JPG","112.0"
"UF.Citrus_HLB_Lab 9646.JPG","112.0"
"UF.Citrus_HLB_Lab 9647.JPG","113.0"
"UF.Citrus_HLB_Lab 9648.JPG","113.0"
"UF.Citrus_HLB_Lab 9649.JPG","113.0"
"UF.Citrus_HLB_Lab 9650.JPG","113.0"
"UF.Citrus_HLB_Lab 9651.JPG","113.0"
"UF.Citrus_HLB_Lab 9652.JPG","113.0"
"UF.Citrus_HLB_Lab 9653.JPG","113.0"
"UF.Citrus_HLB_Lab 9654.JPG","113.0"
"UF.Citrus_HLB_Lab 9655.JPG","113.0"
"UF.Citrus_HLB_Lab 9656.JPG","113.0"
"UF.Citrus_HLB_Lab 9657.JPG","114.0"
"UF.Citrus_HLB_Lab 9658.JPG","114.0"
"UF.Citrus_HLB_Lab 9659.JPG","114.0"
"UF.Citrus_HLB_Lab 9660.JPG","114.0"
"UF.Citrus_HLB_Lab 9661.JPG","114.0"
"UF.Citrus_HLB_Lab 9662.JPG","114.0"
"UF.Citrus_HLB_Lab 9663.JPG","114.0"
"UF.Citrus_HLB_Lab 9664.JPG","114.0"
"UF.Citrus_HLB_Lab 9665.JPG","114.0"
"UF.Citrus_HLB_Lab 9666.JPG","114.0"
"UF.Citrus_HLB_Lab 9667.JPG","115.0"
"UF.Citrus_HLB_Lab 9668.JPG","115.0"
"UF.Citrus_HLB_Lab 9669.JPG","115.0"
"UF.Citrus_HLB_Lab 9670.JPG","115.0"
"UF.Citrus_HLB_Lab 9671.JPG","115.0"
"UF.Citrus_HLB_Lab 9672.JPG","115.0"
"UF.Citrus_HLB_Lab 9673.JPG","115.0"
"UF.Citrus_HLB_Lab 9674.JPG","115.0"
"UF.Citrus_HLB_Lab 9675.JPG","115.0"
"UF.Citrus_HLB_Lab 9676.JPG","115.0"
"UF.Citrus_HLB_Lab 9677.JPG","116.0"
"UF.Citrus_HLB_Lab 9678.JPG","116.0"
"UF.Citrus_HLB_Lab 9679.JPG","116.0"
"UF.Citrus_HLB_Lab 9680.JPG","116.0"
"UF.Citrus_HLB_Lab 9681.JPG","116.0"
"UF.Citrus_HLB_Lab 9682.JPG","116.0"
"UF.Citrus_HLB_Lab 9683.JPG","116.0"
"UF.Citrus_HLB_Lab 9684.JPG","116.0"
"UF.Citrus_HLB_Lab 9685.JPG","116.0"
"UF.Citrus_HLB_Lab 9686.JPG","116.0"
"UF.Citrus_HLB_Lab 9687.JPG","117.0"
"UF.Citrus_HLB_Lab 9688.JPG","117.0"
"UF.Citrus_HLB_Lab 9689.JPG","117.0"
"UF.Citrus_HLB_Lab 9690.JPG","117.0"
"UF.Citrus_HLB_Lab 9691.JPG","117.0"
"UF.Citrus_HLB_Lab 9692.JPG","117.0"
"UF.Citrus_HLB_Lab 9693.JPG","117.0"
"UF.Citrus_HLB_Lab 9694.JPG","117.0"
"UF.Citrus_HLB_Lab 9695.JPG","117.0"
"UF.Citrus_HLB_Lab 9696.JPG","117.0"
"UF.Citrus_HLB_Lab 9697.JPG","118.0"
"UF.Citrus_HLB_Lab 9698.JPG","118.0"
"UF.Citrus_HLB_Lab 9699.JPG","118.0"
"UF.Citrus_HLB_Lab 9700.JPG","118.0"
"UF.Citrus_HLB_Lab 9701.JPG","118.0"
"UF.Citrus_HLB_Lab 9702.JPG","118.0"
"UF.Citrus_HLB_Lab 9703.JPG","118.0"
"UF.Citrus_HLB_Lab 9704.JPG","118.0"
"UF.Citrus_HLB_Lab 9705.JPG","118.0"
"UF.Citrus_HLB_Lab 9706.JPG","118.0"
"UF.Citrus_HLB_Lab 9707.JPG","119.0"
"UF.Citrus_HLB_Lab 9708.JPG","119.0"
"UF.Citrus_HLB_Lab 9709.JPG","119.0"
"UF.Citrus_HLB_Lab 9710.JPG","119.0"
"UF.Citrus_HLB_Lab 9711.JPG","119.0"
"UF.Citrus_HLB_Lab 9712.JPG","119.0"
"UF.Citrus_HLB_Lab 9713.JPG","119.0"
"UF.Citrus_HLB_Lab 9714.JPG","119.0"
"UF.Citrus_HLB_Lab 9715.JPG","119.0"
"UF.Citrus_HLB_Lab 9716.JPG","119.0"
"UF.Citrus_HLB_Lab 9717.JPG","120.0"
"UF.Citrus_HLB_Lab 9718.JPG","120.0"
"UF.Citrus_HLB_Lab 9719.JPG","120.0"
"UF.Citrus_HLB_Lab 9720.JPG","120.0"
"UF.Citrus_HLB_Lab 9721.JPG","120.0"
"UF.Citrus_HLB_Lab 9722.JPG","120.0"
"UF.Citrus_HLB_Lab 9723.JPG","120.0"
"UF.Citrus_HLB_Lab 9724.JPG","120.0"
"UF.Citrus_HLB_Lab 9725.JPG","120.0"
"UF.Citrus_HLB_Lab 9726.JPG","120.0"
"UF.Citrus_HLB_Lab 9727.JPG","121.0"
"UF.Citrus_HLB_Lab 9728.JPG","121.0"
"UF.Citrus_HLB_Lab 9729.JPG","121.0"
"UF.Citrus_HLB_Lab 9730.JPG","121.0"
"UF.Citrus_HLB_Lab 9731.JPG","121.0"
"UF.Citrus_HLB_Lab 9732.JPG","121.0"
"UF.Citrus_HLB_Lab 9733.JPG","121.0"
"UF.Citrus_HLB_Lab 9734.JPG","121.0"
"UF.Citrus_HLB_Lab 9735.JPG","121.0"
"UF.Citrus_HLB_Lab 9736.JPG","121.0"
"UF.Citrus_HLB_Lab 9737.JPG","122.0"
"UF.Citrus_HLB_Lab 9738.JPG","122.0"
"UF.Citrus_HLB_Lab 9739.JPG","122.0"
"UF.Citrus_HLB_Lab 9740.JPG","122.0"
"UF.Citrus_HLB_Lab 9741.JPG","122.0"
"UF.Citrus_HLB_Lab 9742.JPG","122.0"
"UF.Citrus_HLB_Lab 9743.JPG","122.0"
"UF.Citrus_HLB_Lab 9744.JPG","122.0"
"UF.Citrus_HLB_Lab 9745.JPG","122.0"
"UF.Citrus_HLB_Lab 9746.JPG","122.0"
"UF.Citrus_HLB_Lab 9747.JPG","123.0"
"UF.Citrus_HLB_Lab 9748.JPG","123.0"
"UF.Citrus_HLB_Lab 9749.JPG","123.0"
"UF.Citrus_HLB_Lab 9750.JPG","123.0"
"UF.Citrus_HLB_Lab 9751.JPG","123.0"
"UF.Citrus_HLB_Lab 9752.JPG","123.0"
"UF.Citrus_HLB_Lab 9753.JPG","123.0"
"UF.Citrus_HLB_Lab 9754.JPG","123.0"
"UF.Citrus_HLB_Lab 9755.JPG","123.0"
"UF.Citrus_HLB_Lab 9756.JPG","123.0"
"UF.Citrus_HLB_Lab 9757.JPG","124.0"
"UF.Citrus_HLB_Lab 9758.JPG","124.0"
"UF.Citrus_HLB_Lab 9759.JPG","124.0"
"UF.Citrus_HLB_Lab 9760.JPG","124.0"
"UF.Citrus_HLB_Lab 9761.JPG","124.0"
"UF.Citrus_HLB_Lab 9762.JPG","124.0"
"UF.Citrus_HLB_Lab 9763.JPG","124.0"
"UF.Citrus_HLB_Lab 9764.JPG","124.0"
"UF.Citrus_HLB_Lab 9765.JPG","124.0"
"UF.Citrus_HLB_Lab 9766.JPG","124.0"
"UF.Citrus_HLB_Lab 9767.JPG","125.0"
"UF.Citrus_HLB_Lab 9768.JPG","125.0"
"UF.Citrus_HLB_Lab 9769.JPG","125.0"
"UF.Citrus_HLB_Lab 9770.JPG","125.0"
"UF.Citrus_HLB_Lab 9771.JPG","125.0"
"UF.Citrus_HLB_Lab 9772.JPG","125.0"
"UF.Citrus_HLB_Lab 9773.JPG","125.0"
"UF.Citrus_HLB_Lab 9774.JPG","125.0"
"UF.Citrus_HLB_Lab 9775.JPG","125.0"
"UF.Citrus_HLB_Lab 9776.JPG","125.0"
"UF.Citrus_HLB_Lab 9777.JPG","125.0"
"UF.Citrus_HLB_Lab 9778.JPG","126.0"
"UF.Citrus_HLB_Lab 9779.JPG","126.0"
"UF.Citrus_HLB_Lab 9780.JPG","126.0"
"UF.Citrus_HLB_Lab 9781.JPG","126.0"
"UF.Citrus_HLB_Lab 9782.JPG","126.0"
"UF.Citrus_HLB_Lab 9783.JPG","126.0"
"UF.Citrus_HLB_Lab 9784.JPG","127.0"
"UF.Citrus_HLB_Lab 9785.JPG","127.0"
"UF.Citrus_HLB_Lab 9786.JPG","127.0"
"UF.Citrus_HLB_Lab 9787.JPG","127.0"
"UF.Citrus_HLB_Lab 9788.JPG","127.0"
"UF.Citrus_HLB_Lab 9789.JPG","127.0"
"UF.Citrus_HLB_Lab 9790.JPG","127.0"
"UF.Citrus_HLB_Lab 9791.JPG","127.0"
"UF.Citrus_HLB_Lab 9792.JPG","127.0"
"UF.Citrus_HLB_Lab 9793.JPG","127.0"
"UF.Citrus_HLB_Lab 9794.JPG","127.0"
"UF.Citrus_HLB_Lab 9795.JPG","128.0"
"UF.Citrus_HLB_Lab 9796.JPG","128.0"
"UF.Citrus_HLB_Lab 9797.JPG","128.0"
"UF.Citrus_HLB_Lab 9798.JPG","128.0"
"UF.Citrus_HLB_Lab 9799.JPG","128.0"
"UF.Citrus_HLB_Lab 9800.JPG","128.0"
"UF.Citrus_HLB_Lab 9801.JPG","128.0"
"UF.Citrus_HLB_Lab 9802.JPG","128.0"
"UF.Citrus_HLB_Lab 9803.JPG","128.0"
"UF.Citrus_HLB_Lab 9804.JPG","128.0"
"UF.Citrus_HLB_Lab 9805.JPG","129.0"
"UF.Citrus_HLB_Lab 9806.JPG","129.0"
"UF.Citrus_HLB_Lab 9807.JPG","129.0"
"UF.Citrus_HLB_Lab 9808.JPG","129.0"
"UF.Citrus_HLB_Lab 9809.JPG","129.0"
"UF.Citrus_HLB_Lab 9810.JPG","129.0"
"UF.Citrus_HLB_Lab 9811.JPG","129.0"
"UF.Citrus_HLB_Lab 9812.JPG","129.0"
"UF.Citrus_HLB_Lab 9813.JPG","129.0"
"UF.Citrus_HLB_Lab 9814.JPG","129.0"
"UF.Citrus_HLB_Lab 9815.JPG","130.0"
"UF.Citrus_HLB_Lab 9816.JPG","130.0"
"UF.Citrus_HLB_Lab 9817.JPG","130.0"
"UF.Citrus_HLB_Lab 9818.JPG","130.0"
"UF.Citrus_HLB_Lab 9819.JPG","130.0"
"UF.Citrus_HLB_Lab 9820.JPG","130.0"
"UF.Citrus_HLB_Lab 9821.JPG","130.0"
"UF.Citrus_HLB_Lab 9822.JPG","130.0"
"UF.Citrus_HLB_Lab 9823.JPG","130.0"
"UF.Citrus_HLB_Lab 9824.JPG","130.0"
"UF.Citrus_HLB_Lab 9825.JPG","131.0"
"UF.Citrus_HLB_Lab 9826.JPG","131.0"
"UF.Citrus_HLB_Lab 9827.JPG","131.0"
"UF.Citrus_HLB_Lab 9828.JPG","131.0"
"UF.Citrus_HLB_Lab 9829.JPG","131.0"
"UF.Citrus_HLB_Lab 9830.JPG","131.0"
"UF.Citrus_HLB_Lab 9831.JPG","131.0"
"UF.Citrus_HLB_Lab 9832.JPG","131.0"
"UF.Citrus_HLB_Lab 9833.JPG","131.0"
"UF.Citrus_HLB_Lab 9834.JPG","131.0"
"UF.Citrus_HLB_Lab 9835.JPG","132.0"
"UF.Citrus_HLB_Lab 9836.JPG","132.0"
"UF.Citrus_HLB_Lab 9837.JPG","132.0"
"UF.Citrus_HLB_Lab 9838.JPG","132.0"
"UF.Citrus_HLB_Lab 9839.JPG","132.0"
"UF.Citrus_HLB_Lab 9840.JPG","132.0"
"UF.Citrus_HLB_Lab 9841.JPG","132.0"
"UF.Citrus_HLB_Lab 9842.JPG","132.0"
"UF.Citrus_HLB_Lab 9843.JPG","132.0"
"UF.Citrus_HLB_Lab 9844.JPG","132.0"
"UF.Citrus_HLB_Lab 9845.JPG","133.0"
"UF.Citrus_HLB_Lab 9846.JPG","133.0"
"UF.Citrus_HLB_Lab 9847.JPG","133.0"
"UF.Citrus_HLB_Lab 9848.JPG","133.0"
"UF.Citrus_HLB_Lab 9849.JPG","133.0"
"UF.Citrus_HLB_Lab 9850.JPG","133.0"
"UF.Citrus_HLB_Lab 9851.JPG","133.0"
"UF.Citrus_HLB_Lab 9852.JPG","133.0"
"UF.Citrus_HLB_Lab 9853.JPG","133.0"
"UF.Citrus_HLB_Lab 9854.JPG","133.0"
"UF.Citrus_HLB_Lab 9855.JPG","133.0"
"UF.Citrus_HLB_Lab 9856.JPG","134.0"
"UF.Citrus_HLB_Lab 9857.JPG","134.0"
"UF.Citrus_HLB_Lab 9858.JPG","134.0"
"UF.Citrus_HLB_Lab 9859.JPG","134.0"
"UF.Citrus_HLB_Lab 9860.JPG","134.0"
"UF.Citrus_HLB_Lab 9861.JPG","134.0"
"UF.Citrus_HLB_Lab 9862.JPG","134.0"
"UF.Citrus_HLB_Lab 9863.JPG","134.0"
"UF.Citrus_HLB_Lab 9864.JPG","134.0"
"UF.Citrus_HLB_Lab 9865.JPG","134.0"
"UF.Citrus_HLB_Lab 9866.JPG","135.0"
"UF.Citrus_HLB_Lab 9867.JPG","135.0"
"UF.Citrus_HLB_Lab 9868.JPG","135.0"
"UF.Citrus_HLB_Lab 9869.JPG","135.0"
"UF.Citrus_HLB_Lab 9870.JPG","135.0"
"UF.Citrus_HLB_Lab 9871.JPG","135.0"
"UF.Citrus_HLB_Lab 9872.JPG","135.0"
"UF.Citrus_HLB_Lab 9873.JPG","135.0"
"UF.Citrus_HLB_Lab 9874.JPG","135.0"
"UF.Citrus_HLB_Lab 9875.JPG","135.0"
"UF.Citrus_HLB_Lab 9876.JPG","135.0"
"UF.Citrus_HLB_Lab 9877.JPG","136.0"
"UF.Citrus_HLB_Lab 9878.JPG","136.0"
"UF.Citrus_HLB_Lab 9879.JPG","136.0"
"UF.Citrus_HLB_Lab 9880.JPG","136.0"
"UF.Citrus_HLB_Lab 9881.JPG","136.0"
"UF.Citrus_HLB_Lab 9882.JPG","136.0"
"UF.Citrus_HLB_Lab 9883.JPG","136.0"
"UF.Citrus_HLB_Lab 9884.JPG","136.0"
"UF.Citrus_HLB_Lab 9885.JPG","136.0"
"UF.Citrus_HLB_Lab 9886.JPG","136.0"
"UF.Citrus_HLB_Lab 9887.JPG","137.0"
"UF.Citrus_HLB_Lab 9888.JPG","137.0"
"UF.Citrus_HLB_Lab 9889.JPG","137.0"
"UF.Citrus_HLB_Lab 9890.JPG","137.0"
"UF.Citrus_HLB_Lab 9891.JPG","137.0"
"UF.Citrus_HLB_Lab 9892.JPG","138.0"
"UF.Citrus_HLB_Lab 9893.JPG","138.0"
"UF.Citrus_HLB_Lab 9894.JPG","138.0"
"UF.Citrus_HLB_Lab 9895.JPG","138.0"
"UF.Citrus_HLB_Lab 9896.JPG","138.0"
"UF.Citrus_HLB_Lab 9897.JPG","138.0"
"UF.Citrus_HLB_Lab 9898.JPG","139.0"
"UF.Citrus_HLB_Lab 9899.JPG","139.0"
"UF.Citrus_HLB_Lab 9900.JPG","139.0"
"UF.Citrus_HLB_Lab 9901.JPG","139.0"
"UF.Citrus_HLB_Lab 9902.JPG","139.0"
"UF.Citrus_HLB_Lab 9903.JPG","139.0"
"UF.Citrus_HLB_Lab 9904.JPG","139.0"
"UF.Citrus_HLB_Lab 9905.JPG","139.0"
"UF.Citrus_HLB_Lab 9906.JPG","139.0"
"UF.Citrus_HLB_Lab 9907.JPG","139.0"
"UF.Citrus_HLB_Lab 9908.JPG","139.0"
"UF.Citrus_HLB_Lab 9909.JPG","139.0"
"UF.Citrus_HLB_Lab 9910.JPG","140.0"
"UF.Citrus_HLB_Lab 9911.JPG","140.0"
"UF.Citrus_HLB_Lab 9912.JPG","140.0"
"UF.Citrus_HLB_Lab 9913.JPG","140.0"
"UF.Citrus_HLB_Lab 9914.JPG","140.0"
"UF.Citrus_HLB_Lab 9915.JPG","140.0"
"UF.Citrus_HLB_Lab 9916.JPG","140.0"
"UF.Citrus_HLB_Lab 9917.JPG","140.0"
"UF.Citrus_HLB_Lab 9918.JPG","140.0"
"UF.Citrus_HLB_Lab 9919.JPG","140.0"
"UF.Citrus_HLB_Lab 9920.JPG","141.0"
"UF.Citrus_HLB_Lab 9921.JPG","141.0"
"UF.Citrus_HLB_Lab 9922.JPG","141.0"
"UF.Citrus_HLB_Lab 9923.JPG","141.0"
"UF.Citrus_HLB_Lab 9924.JPG","141.0"
"UF.Citrus_HLB_Lab 9925.JPG","141.0"
"UF.Citrus_HLB_Lab 9926.JPG","141.0"
"UF.Citrus_HLB_Lab 9927.JPG","141.0"
"UF.Citrus_HLB_Lab 9928.JPG","141.0"
"UF.Citrus_HLB_Lab 9929.JPG","141.0"
"UF.Citrus_HLB_Lab 9930.JPG","141.0"
"UF.Citrus_HLB_Lab 9931.JPG","142.0"
"UF.Citrus_HLB_Lab 9932.JPG","142.0"
"UF.Citrus_HLB_Lab 9933.JPG","142.0"
"UF.Citrus_HLB_Lab 9934.JPG","142.0"
"UF.Citrus_HLB_Lab 9935.JPG","142.0"
"UF.Citrus_HLB_Lab 9936.JPG","142.0"
"UF.Citrus_HLB_Lab 9937.JPG","142.0"
"UF.Citrus_HLB_Lab 9938.JPG","142.0"
"UF.Citrus_HLB_Lab 9939.JPG","142.0"
"UF.Citrus_HLB_Lab 9940.JPG","142.0"
"UF.Citrus_HLB_Lab 9941.JPG","142.0"
"UF.Citrus_HLB_Lab 9942.JPG","143.0"
"UF.Citrus_HLB_Lab 9943.JPG","143.0"
"UF.Citrus_HLB_Lab 9944.JPG","143.0"
"UF.Citrus_HLB_Lab 9945.JPG","143.0"
"UF.Citrus_HLB_Lab 9946.JPG","143.0"
"UF.Citrus_HLB_Lab 9947.JPG","143.0"
"UF.Citrus_HLB_Lab 9948.JPG","143.0"
"UF.Citrus_HLB_Lab 9949.JPG","143.0"
"UF.Citrus_HLB_Lab 9950.JPG","143.0"
"UF.Citrus_HLB_Lab 9951.JPG","143.0"
"UF.Citrus_HLB_Lab 9952.JPG","144.0"
"UF.Citrus_HLB_Lab 9953.JPG","144.0"
"UF.Citrus_HLB_Lab 9954.JPG","144.0"
"UF.Citrus_HLB_Lab 9955.JPG","144.0"
"UF.Citrus_HLB_Lab 9956.JPG","144.0"
"UF.Citrus_HLB_Lab 9957.JPG","144.0"
"UF.Citrus_HLB_Lab 9958.JPG","144.0"
"UF.Citrus_HLB_Lab 9959.JPG","144.0"
"UF.Citrus_HLB_Lab 9960.JPG","144.0"
"UF.Citrus_HLB_Lab 9961.JPG","144.0"
"UF.Citrus_HLB_Lab 9962.JPG","145.0"
"UF.Citrus_HLB_Lab 9963.JPG","145.0"
"UF.Citrus_HLB_Lab 9964.JPG","145.0"
"UF.Citrus_HLB_Lab 9965.JPG","145.0"
"UF.Citrus_HLB_Lab 9966.JPG","145.0"
"UF.Citrus_HLB_Lab 9967.JPG","145.0"
"UF.Citrus_HLB_Lab 9968.JPG","145.0"
"UF.Citrus_HLB_Lab 9969.JPG","145.0"
"UF.Citrus_HLB_Lab 9970.JPG","145.0"
"UF.Citrus_HLB_Lab 9971.JPG","145.0"
"UF.Citrus_HLB_Lab 9972.JPG","145.0"
"UF.Citrus_HLB_Lab 9973.JPG","146.0"
"UF.Citrus_HLB_Lab 9974.JPG","146.0"
"UF.Citrus_HLB_Lab 9975.JPG","146.0"
"UF.Citrus_HLB_Lab 9976.JPG","146.0"
"UF.Citrus_HLB_Lab 9977.JPG","146.0"
"UF.Citrus_HLB_Lab 9978.JPG","146.0"
"UF.Citrus_HLB_Lab 9979.JPG","146.0"
"UF.Citrus_HLB_Lab 9980.JPG","146.0"
"UF.Citrus_HLB_Lab 9981.JPG","146.0"
"UF.Citrus_HLB_Lab 9982.JPG","146.0"
"UF.Citrus_HLB_Lab 9983.JPG","146.0"
"UF.Citrus_HLB_Lab 9984.JPG","146.0"
"UF.Citrus_HLB_Lab 9985.JPG","147.0"
"UF.Citrus_HLB_Lab 9986.JPG","147.0"
"UF.Citrus_HLB_Lab 9987.JPG","147.0"
"UF.Citrus_HLB_Lab 9988.JPG","147.0"
"UF.Citrus_HLB_Lab 9989.JPG","147.0"
"UF.Citrus_HLB_Lab 9990.JPG","147.0"
"UF.Citrus_HLB_Lab 9991.JPG","147.0"
"UF.Citrus_HLB_Lab 9992.JPG","147.0"
"UF.Citrus_HLB_Lab 9993.JPG","147.0"
"UF.Citrus_HLB_Lab 9994.JPG","147.0"
"UF.Citrus_HLB_Lab 9995.JPG","148.0"
"UF.Citrus_HLB_Lab 9996.JPG","148.0"
"UF.Citrus_HLB_Lab 9997.JPG","148.0"
"UF.Citrus_HLB_Lab 9998.JPG","148.0"
"UF.Citrus_HLB_Lab 9999.JPG","148.0"
