"File Name","Leaf #"
"CREC_HLB 3867.JPG","1.0"
"CREC_HLB 3868.JPG","1.0"
"CREC_HLB 3869.JPG","1.0"
"CREC_HLB 3870.JPG","1.0"
"CREC_HLB 3871.JPG","2.0"
"CREC_HLB 3872.JPG","2.0"
"CREC_HLB 3873.JPG","2.0"
"CREC_HLB 3874.JPG","2.0"
"CREC_HLB 3875.JPG","3.0"
"CREC_HLB 3876.JPG","3.0"
"CREC_HLB 3877.JPG","3.0"
"CREC_HLB 3878.JPG","3.0"
"CREC_HLB 3879.JPG","4.0"
"CREC_HLB 3880.JPG","4.0"
"CREC_HLB 3881.JPG","4.0"
"CREC_HLB 3882.JPG","4.0"
"CREC_HLB 3883.JPG","5.0"
"CREC_HLB 3884.JPG","5.0"
"CREC_HLB 3885.JPG","5.0"
"CREC_HLB 3886.JPG","5.0"
"CREC_HLB 3887.JPG","6.0"
"CREC_HLB 3888.JPG","6.0"
"CREC_HLB 3889.JPG","6.0"
"CREC_HLB 3890.JPG","6.0"
"CREC_HLB 3891.JPG","7.0"
"CREC_HLB 3892.JPG","7.0"
"CREC_HLB 3893.JPG","7.0"
"CREC_HLB 3894.JPG","7.0"
"CREC_HLB 3895.JPG","8.0"
"CREC_HLB 3896.JPG","8.0"
"CREC_HLB 3897.JPG","8.0"
"CREC_HLB 3898.JPG","8.0"
"CREC_HLB 3899.JPG","9.0"
"CREC_HLB 3900.JPG","9.0"
"CREC_HLB 3901.JPG","9.0"
"CREC_HLB 3902.JPG","9.0"
"CREC_HLB 3903.JPG","10.0"
"CREC_HLB 3904.JPG","10.0"
"CREC_HLB 3905.JPG","10.0"
"CREC_HLB 3906.JPG","10.0"
"CREC_HLB 3907.JPG","11.0"
"CREC_HLB 3908.JPG","11.0"
"CREC_HLB 3909.JPG","11.0"
"CREC_HLB 3910.JPG","11.0"
"CREC_HLB 3911.JPG","12.0"
"CREC_HLB 3912.JPG","12.0"
"CREC_HLB 3913.JPG","12.0"
"CREC_HLB 3914.JPG","12.0"
"CREC_HLB 3915.JPG","13.0"
"CREC_HLB 3916.JPG","13.0"
"CREC_HLB 3917.JPG","13.0"
"CREC_HLB 3918.JPG","13.0"
"CREC_HLB 3919.JPG","14.0"
"CREC_HLB 3920.JPG","14.0"
"CREC_HLB 3921.JPG","14.0"
"CREC_HLB 3922.JPG","14.0"
"CREC_HLB 3923.JPG","15.0"
"CREC_HLB 3924.JPG","15.0"
"CREC_HLB 3925.JPG","15.0"
"CREC_HLB 3926.JPG","15.0"
"CREC_HLB 3927.JPG","16.0"
"CREC_HLB 3928.JPG","16.0"
"CREC_HLB 3929.JPG","16.0"
"CREC_HLB 3930.JPG","16.0"
"CREC_HLB 3931.JPG","17.0"
"CREC_HLB 3932.JPG","17.0"
"CREC_HLB 3933.JPG","17.0"
"CREC_HLB 3934.JPG","17.0"
"CREC_HLB 3935.JPG","18.0"
"CREC_HLB 3936.JPG","18.0"
"CREC_HLB 3937.JPG","18.0"
"CREC_HLB 3938.JPG","18.0"
"CREC_HLB 3939.JPG","19.0"
"CREC_HLB 3940.JPG","19.0"
"CREC_HLB 3941.JPG","19.0"
"CREC_HLB 3942.JPG","19.0"
"CREC_HLB 3943.JPG","20.0"
"CREC_HLB 3944.JPG","20.0"
"CREC_HLB 3945.JPG","20.0"
"CREC_HLB 3946.JPG","20.0"
"CREC_HLB 3947.JPG","21.0"
"CREC_HLB 3948.JPG","21.0"
"CREC_HLB 3949.JPG","21.0"
"CREC_HLB 3950.JPG","21.0"
"CREC_HLB 3951.JPG","22.0"
"CREC_HLB 3952.JPG","22.0"
"CREC_HLB 3953.JPG","22.0"
"CREC_HLB 3954.JPG","22.0"
"CREC_HLB 3955.JPG","23.0"
"CREC_HLB 3956.JPG","23.0"
"CREC_HLB 3957.JPG","23.0"
"CREC_HLB 3958.JPG","23.0"
"CREC_HLB 3959.JPG","24.0"
"CREC_HLB 3960.JPG","24.0"
"CREC_HLB 3961.JPG","24.0"
"CREC_HLB 3962.JPG","24.0"
"CREC_HLB 3963.JPG","25.0"
"CREC_HLB 3964.JPG","25.0"
"CREC_HLB 3965.JPG","25.0"
"CREC_HLB 3966.JPG","25.0"
"CREC_HLB 3967.JPG","26.0"
"CREC_HLB 3968.JPG","26.0"
"CREC_HLB 3969.JPG","26.0"
"CREC_HLB 3970.JPG","26.0"
"CREC_HLB 3971.JPG","27.0"
"CREC_HLB 3972.JPG","27.0"
"CREC_HLB 3973.JPG","27.0"
"CREC_HLB 3974.JPG","27.0"
"CREC_HLB 3975.JPG","28.0"
"CREC_HLB 3976.JPG","28.0"
"CREC_HLB 3977.JPG","28.0"
"CREC_HLB 3978.JPG","28.0"
"CREC_HLB 3979.JPG","29.0"
"CREC_HLB 3980.JPG","29.0"
"CREC_HLB 3981.JPG","29.0"
"CREC_HLB 3982.JPG","29.0"
"CREC_HLB 3983.JPG","30.0"
"CREC_HLB 3984.JPG","30.0"
"CREC_HLB 3985.JPG","30.0"
"CREC_HLB 3986.JPG","30.0"
"CREC_HLB 3987.JPG","31.0"
"CREC_HLB 3988.JPG","31.0"
"CREC_HLB 3989.JPG","31.0"
"CREC_HLB 3990.JPG","31.0"
"CREC_HLB 3991.JPG","32.0"
"CREC_HLB 3992.JPG","32.0"
"CREC_HLB 3993.JPG","32.0"
"CREC_HLB 3994.JPG","32.0"
"CREC_HLB 3995.JPG","33.0"
"CREC_HLB 3996.JPG","33.0"
"CREC_HLB 3997.JPG","33.0"
"CREC_HLB 3998.JPG","33.0"
"CREC_HLB 3999.JPG","34.0"
"CREC_HLB 4000.JPG","34.0"
"CREC_HLB 4001.JPG","34.0"
"CREC_HLB 4002.JPG","34.0"
"CREC_HLB 4003.JPG","35.0"
"CREC_HLB 4004.JPG","35.0"
"CREC_HLB 4005.JPG","35.0"
"CREC_HLB 4006.JPG","35.0"
"CREC_HLB 4007.JPG","36.0"
"CREC_HLB 4008.JPG","36.0"
"CREC_HLB 4009.JPG","36.0"
"CREC_HLB 4010.JPG","36.0"
"CREC_HLB 4011.JPG","37.0"
"CREC_HLB 4012.JPG","37.0"
"CREC_HLB 4013.JPG","37.0"
"CREC_HLB 4014.JPG","37.0"
"CREC_HLB 4015.JPG","38.0"
"CREC_HLB 4016.JPG","38.0"
"CREC_HLB 4017.JPG","38.0"
"CREC_HLB 4018.JPG","38.0"
"CREC_HLB 4019.JPG","39.0"
"CREC_HLB 4020.JPG","39.0"
"CREC_HLB 4021.JPG","39.0"
"CREC_HLB 4022.JPG","39.0"
"CREC_HLB 4023.JPG","40.0"
"CREC_HLB 4024.JPG","40.0"
"CREC_HLB 4025.JPG","40.0"
"CREC_HLB 4026.JPG","40.0"
"CREC_HLB 4027.JPG","41.0"
"CREC_HLB 4028.JPG","41.0"
"CREC_HLB 4029.JPG","41.0"
"CREC_HLB 4030.JPG","41.0"
"CREC_HLB 4031.JPG","42.0"
"CREC_HLB 4032.JPG","42.0"
"CREC_HLB 4033.JPG","42.0"
"CREC_HLB 4034.JPG","42.0"
"CREC_HLB 4035.JPG","43.0"
"CREC_HLB 4036.JPG","43.0"
"CREC_HLB 4037.JPG","43.0"
"CREC_HLB 4038.JPG","43.0"
"CREC_HLB 4039.JPG","44.0"
"CREC_HLB 4040.JPG","44.0"
"CREC_HLB 4041.JPG","44.0"
"CREC_HLB 4042.JPG","44.0"
"CREC_HLB 4043.JPG","45.0"
"CREC_HLB 4044.JPG","45.0"
"CREC_HLB 4045.JPG","45.0"
"CREC_HLB 4046.JPG","45.0"
"CREC_HLB 4047.JPG","46.0"
"CREC_HLB 4048.JPG","46.0"
"CREC_HLB 4049.JPG","46.0"
"CREC_HLB 4050.JPG","46.0"
"CREC_HLB 4051.JPG","47.0"
"CREC_HLB 4052.JPG","47.0"
"CREC_HLB 4053.JPG","47.0"
"CREC_HLB 4054.JPG","47.0"
"CREC_HLB 4055.JPG","48.0"
"CREC_HLB 4056.JPG","48.0"
"CREC_HLB 4057.JPG","48.0"
"CREC_HLB 4058.JPG","48.0"
"CREC_HLB 4059.JPG","49.0"
"CREC_HLB 4060.JPG","49.0"
"CREC_HLB 4061.JPG","49.0"
"CREC_HLB 4062.JPG","49.0"
"CREC_HLB 4063.JPG","50.0"
"CREC_HLB 4064.JPG","50.0"
"CREC_HLB 4065.JPG","50.0"
"CREC_HLB 4066.JPG","50.0"
"CREC_HLB 4067.JPG","51.0"
"CREC_HLB 4068.JPG","51.0"
"CREC_HLB 4069.JPG","51.0"
"CREC_HLB 4070.JPG","51.0"
"CREC_HLB 4071.JPG","52.0"
"CREC_HLB 4072.JPG","52.0"
"CREC_HLB 4073.JPG","52.0"
"CREC_HLB 4074.JPG","52.0"
"CREC_HLB 4075.JPG","53.0"
"CREC_HLB 4076.JPG","53.0"
"CREC_HLB 4077.JPG","53.0"
"CREC_HLB 4078.JPG","53.0"
"CREC_HLB 4079.JPG","54.0"
"CREC_HLB 4080.JPG","54.0"
"CREC_HLB 4081.JPG","54.0"
"CREC_HLB 4082.JPG","54.0"
"CREC_HLB 4083.JPG","55.0"
"CREC_HLB 4084.JPG","55.0"
"CREC_HLB 4085.JPG","55.0"
"CREC_HLB 4086.JPG","55.0"
"CREC_HLB 4087.JPG","56.0"
"CREC_HLB 4088.JPG","56.0"
"CREC_HLB 4089.JPG","56.0"
"CREC_HLB 4090.JPG","56.0"
"CREC_HLB 4091.JPG","57.0"
"CREC_HLB 4092.JPG","57.0"
"CREC_HLB 4093.JPG","57.0"
"CREC_HLB 4094.JPG","57.0"
"CREC_HLB 4095.JPG","58.0"
"CREC_HLB 4096.JPG","58.0"
"CREC_HLB 4097.JPG","58.0"
"CREC_HLB 4098.JPG","58.0"
"CREC_HLB 4099.JPG","59.0"
"CREC_HLB 4100.JPG","59.0"
"CREC_HLB 4101.JPG","59.0"
"CREC_HLB 4102.JPG","59.0"
"CREC_HLB 4103.JPG","60.0"
"CREC_HLB 4104.JPG","60.0"
"CREC_HLB 4105.JPG","60.0"
"CREC_HLB 4106.JPG","60.0"
"CREC_HLB 4107.JPG","61.0"
"CREC_HLB 4108.JPG","61.0"
"CREC_HLB 4109.JPG","61.0"
"CREC_HLB 4110.JPG","61.0"
"CREC_HLB 4111.JPG","62.0"
"CREC_HLB 4112.JPG","62.0"
"CREC_HLB 4113.JPG","62.0"
"CREC_HLB 4114.JPG","62.0"
"CREC_HLB 4115.JPG","63.0"
"CREC_HLB 4116.JPG","63.0"
"CREC_HLB 4117.JPG","63.0"
"CREC_HLB 4118.JPG","63.0"
"CREC_HLB 4119.JPG","64.0"
"CREC_HLB 4120.JPG","64.0"
"CREC_HLB 4121.JPG","64.0"
"CREC_HLB 4122.JPG","64.0"
"CREC_HLB 4123.JPG","65.0"
"CREC_HLB 4124.JPG","65.0"
"CREC_HLB 4125.JPG","65.0"
"CREC_HLB 4126.JPG","65.0"
"CREC_HLB 4127.JPG","66.0"
"CREC_HLB 4128.JPG","66.0"
"CREC_HLB 4129.JPG","66.0"
"CREC_HLB 4130.JPG","66.0"
"CREC_HLB 4131.JPG","67.0"
"CREC_HLB 4132.JPG","67.0"
"CREC_HLB 4133.JPG","67.0"
"CREC_HLB 4134.JPG","67.0"
"CREC_HLB 4135.JPG","68.0"
"CREC_HLB 4136.JPG","68.0"
"CREC_HLB 4137.JPG","68.0"
"CREC_HLB 4138.JPG","68.0"
"CREC_HLB 4139.JPG","69.0"
"CREC_HLB 4140.JPG","69.0"
"CREC_HLB 4141.JPG","69.0"
"CREC_HLB 4142.JPG","69.0"
"CREC_HLB 4143.JPG","70.0"
"CREC_HLB 4144.JPG","70.0"
"CREC_HLB 4145.JPG","70.0"
"CREC_HLB 4146.JPG","70.0"
"CREC_HLB 4147.JPG","71.0"
"CREC_HLB 4148.JPG","71.0"
"CREC_HLB 4149.JPG","71.0"
"CREC_HLB 4150.JPG","71.0"
"CREC_HLB 4151.JPG","72.0"
"CREC_HLB 4152.JPG","72.0"
"CREC_HLB 4153.JPG","72.0"
"CREC_HLB 4154.JPG","72.0"
"CREC_HLB 4155.JPG","73.0"
"CREC_HLB 4156.JPG","73.0"
"CREC_HLB 4157.JPG","73.0"
"CREC_HLB 4158.JPG","73.0"
"CREC_HLB 4159.JPG","74.0"
"CREC_HLB 4160.JPG","74.0"
"CREC_HLB 4161.JPG","74.0"
"CREC_HLB 4162.JPG","74.0"
"CREC_HLB 4163.JPG","75.0"
"CREC_HLB 4164.JPG","75.0"
"CREC_HLB 4165.JPG","75.0"
"CREC_HLB 4166.JPG","75.0"
"CREC_HLB 4167.JPG","76.0"
"CREC_HLB 4168.JPG","76.0"
"CREC_HLB 4169.JPG","76.0"
"CREC_HLB 4170.JPG","76.0"
"CREC_HLB 4171.JPG","77.0"
"CREC_HLB 4172.JPG","77.0"
"CREC_HLB 4173.JPG","77.0"
"CREC_HLB 4174.JPG","77.0"
"CREC_HLB 4175.JPG","78.0"
"CREC_HLB 4176.JPG","78.0"
"CREC_HLB 4177.JPG","78.0"
"CREC_HLB 4178.JPG","78.0"
"CREC_HLB 4179.JPG","79.0"
"CREC_HLB 4180.JPG","79.0"
"CREC_HLB 4181.JPG","79.0"
"CREC_HLB 4182.JPG","79.0"
"CREC_HLB 4183.JPG","80.0"
"CREC_HLB 4184.JPG","80.0"
"CREC_HLB 4185.JPG","80.0"
"CREC_HLB 4186.JPG","80.0"
"CREC_HLB 4187.JPG","81.0"
"CREC_HLB 4188.JPG","81.0"
"CREC_HLB 4189.JPG","81.0"
"CREC_HLB 4190.JPG","81.0"
"CREC_HLB 4191.JPG","82.0"
"CREC_HLB 4192.JPG","82.0"
"CREC_HLB 4193.JPG","82.0"
"CREC_HLB 4194.JPG","82.0"
"CREC_HLB 4195.JPG","83.0"
"CREC_HLB 4196.JPG","83.0"
"CREC_HLB 4197.JPG","83.0"
"CREC_HLB 4198.JPG","83.0"
"CREC_HLB 4199.JPG","84.0"
"CREC_HLB 4200.JPG","84.0"
"CREC_HLB 4201.JPG","84.0"
"CREC_HLB 4202.JPG","84.0"
"CREC_HLB 4203.JPG","85.0"
"CREC_HLB 4204.JPG","85.0"
"CREC_HLB 4205.JPG","85.0"
"CREC_HLB 4206.JPG","85.0"
"CREC_HLB 4207.JPG","86.0"
"CREC_HLB 4208.JPG","86.0"
"CREC_HLB 4209.JPG","86.0"
"CREC_HLB 4210.JPG","86.0"
"CREC_HLB 4211.JPG","87.0"
"CREC_HLB 4212.JPG","87.0"
"CREC_HLB 4213.JPG","87.0"
"CREC_HLB 4214.JPG","87.0"
"CREC_HLB 4215.JPG","88.0"
"CREC_HLB 4216.JPG","88.0"
"CREC_HLB 4217.JPG","88.0"
"CREC_HLB 4218.JPG","88.0"
"CREC_HLB 4219.JPG","89.0"
"CREC_HLB 4220.JPG","89.0"
"CREC_HLB 4221.JPG","89.0"
"CREC_HLB 4222.JPG","89.0"
"CREC_HLB 4223.JPG","90.0"
"CREC_HLB 4224.JPG","90.0"
"CREC_HLB 4225.JPG","90.0"
"CREC_HLB 4226.JPG","90.0"
"CREC_HLB 4227.JPG","91.0"
"CREC_HLB 4228.JPG","91.0"
"CREC_HLB 4229.JPG","91.0"
"CREC_HLB 4230.JPG","91.0"
"CREC_HLB 4231.JPG","92.0"
"CREC_HLB 4232.JPG","92.0"
"CREC_HLB 4233.JPG","92.0"
"CREC_HLB 4234.JPG","92.0"
"CREC_HLB 4235.JPG","93.0"
"CREC_HLB 4236.JPG","93.0"
"CREC_HLB 4237.JPG","93.0"
"CREC_HLB 4238.JPG","93.0"
"CREC_HLB 4239.JPG","94.0"
"CREC_HLB 4240.JPG","94.0"
"CREC_HLB 4241.JPG","94.0"
"CREC_HLB 4242.JPG","94.0"
"CREC_HLB 4243.JPG","95.0"
"CREC_HLB 4244.JPG","95.0"
"CREC_HLB 4245.JPG","95.0"
"CREC_HLB 4246.JPG","95.0"
"CREC_HLB 4247.JPG","96.0"
"CREC_HLB 4248.JPG","96.0"
"CREC_HLB 4249.JPG","96.0"
"CREC_HLB 4250.JPG","96.0"
"CREC_HLB 4251.JPG","97.0"
"CREC_HLB 4252.JPG","97.0"
"CREC_HLB 4253.JPG","97.0"
"CREC_HLB 4254.JPG","97.0"
"CREC_HLB 4255.JPG","98.0"
"CREC_HLB 4256.JPG","98.0"
"CREC_HLB 4257.JPG","98.0"
"CREC_HLB 4258.JPG","98.0"
"CREC_HLB 4259.JPG","99.0"
"CREC_HLB 4260.JPG","99.0"
"CREC_HLB 4261.JPG","99.0"
"CREC_HLB 4262.JPG","99.0"
"CREC_HLB 4263.JPG","100.0"
"CREC_HLB 4264.JPG","100.0"
"CREC_HLB 4265.JPG","100.0"
"CREC_HLB 4266.JPG","100.0"
"CREC_HLB 4267.JPG","101.0"
"CREC_HLB 4268.JPG","101.0"
"CREC_HLB 4269.JPG","101.0"
"CREC_HLB 4270.JPG","101.0"
"CREC_HLB 4271.JPG","102.0"
"CREC_HLB 4272.JPG","102.0"
"CREC_HLB 4273.JPG","102.0"
"CREC_HLB 4274.JPG","102.0"
"CREC_HLB 4275.JPG","103.0"
"CREC_HLB 4276.JPG","103.0"
"CREC_HLB 4277.JPG","103.0"
"CREC_HLB 4278.JPG","103.0"
"CREC_HLB 4279.JPG","104.0"
"CREC_HLB 4280.JPG","104.0"
"CREC_HLB 4281.JPG","104.0"
"CREC_HLB 4282.JPG","104.0"
"CREC_HLB 4283.JPG","105.0"
"CREC_HLB 4284.JPG","105.0"
"CREC_HLB 4285.JPG","105.0"
"CREC_HLB 4286.JPG","105.0"
"CREC_HLB 4287.JPG","106.0"
"CREC_HLB 4288.JPG","106.0"
"CREC_HLB 4289.JPG","106.0"
"CREC_HLB 4290.JPG","106.0"
"CREC_HLB 4291.JPG","107.0"
"CREC_HLB 4292.JPG","107.0"
"CREC_HLB 4293.JPG","107.0"
"CREC_HLB 4294.JPG","107.0"
"CREC_HLB 4295.JPG","108.0"
"CREC_HLB 4296.JPG","108.0"
"CREC_HLB 4297.JPG","108.0"
"CREC_HLB 4298.JPG","108.0"
"CREC_HLB 4299.JPG","109.0"
"CREC_HLB 4300.JPG","109.0"
"CREC_HLB 4303.JPG","109.0"
"CREC_HLB 4304.JPG","109.0"
"CREC_HLB 4305.JPG","110.0"
"CREC_HLB 4306.JPG","110.0"
"CREC_HLB 4307.JPG","110.0"
"CREC_HLB 4308.JPG","110.0"
"CREC_HLB 4309.JPG","111.0"
"CREC_HLB 4310.JPG","111.0"
"CREC_HLB 4311.JPG","111.0"
"CREC_HLB 4312.JPG","111.0"
"CREC_HLB 4313.JPG","112.0"
"CREC_HLB 4314.JPG","112.0"
"CREC_HLB 4315.JPG","112.0"
"CREC_HLB 4316.JPG","112.0"
"CREC_HLB 4317.JPG","113.0"
"CREC_HLB 4318.JPG","113.0"
"CREC_HLB 4319.JPG","113.0"
"CREC_HLB 4320.JPG","113.0"
"CREC_HLB 4321.JPG","114.0"
"CREC_HLB 4322.JPG","114.0"
"CREC_HLB 4323.JPG","114.0"
"CREC_HLB 4324.JPG","114.0"
"CREC_HLB 4325.JPG","115.0"
"CREC_HLB 4326.JPG","115.0"
"CREC_HLB 4327.JPG","115.0"
"CREC_HLB 4328.JPG","115.0"
"CREC_HLB 4329.JPG","116.0"
"CREC_HLB 4330.JPG","116.0"
"CREC_HLB 4331.JPG","116.0"
"CREC_HLB 4332.JPG","116.0"
"CREC_HLB 4333.JPG","117.0"
"CREC_HLB 4334.JPG","117.0"
"CREC_HLB 4335.JPG","117.0"
"CREC_HLB 4336.JPG","117.0"
"CREC_HLB 4337.JPG","118.0"
"CREC_HLB 4338.JPG","118.0"
"CREC_HLB 4339.JPG","118.0"
"CREC_HLB 4340.JPG","118.0"
"CREC_HLB 4341.JPG","119.0"
"CREC_HLB 4342.JPG","119.0"
"CREC_HLB 4343.JPG","119.0"
"CREC_HLB 4344.JPG","119.0"
"CREC_HLB 4345.JPG","120.0"
"CREC_HLB 4346.JPG","120.0"
"CREC_HLB 4347.JPG","120.0"
"CREC_HLB 4348.JPG","120.0"
"CREC_HLB 4349.JPG","121.0"
"CREC_HLB 4350.JPG","121.0"
"CREC_HLB 4351.JPG","121.0"
"CREC_HLB 4352.JPG","121.0"
"CREC_HLB 4353.JPG","122.0"
"CREC_HLB 4354.JPG","122.0"
"CREC_HLB 4355.JPG","122.0"
"CREC_HLB 4356.JPG","122.0"
"CREC_HLB 4357.JPG","123.0"
"CREC_HLB 4358.JPG","123.0"
"CREC_HLB 4359.JPG","123.0"
"CREC_HLB 4360.JPG","123.0"
"CREC_HLB 4361.JPG","124.0"
"CREC_HLB 4362.JPG","124.0"
"CREC_HLB 4363.JPG","124.0"
"CREC_HLB 4364.JPG","124.0"
"CREC_HLB 4365.JPG","125.0"
"CREC_HLB 4366.JPG","125.0"
"CREC_HLB 4367.JPG","125.0"
"CREC_HLB 4368.JPG","125.0"
"CREC_HLB 4369.JPG","126.0"
"CREC_HLB 4370.JPG","126.0"
"CREC_HLB 4371.JPG","126.0"
"CREC_HLB 4372.JPG","126.0"
"CREC_HLB 4373.JPG","127.0"
"CREC_HLB 4374.JPG","127.0"
"CREC_HLB 4375.JPG","127.0"
"CREC_HLB 4376.JPG","127.0"
"CREC_HLB 4377.JPG","128.0"
"CREC_HLB 4378.JPG","128.0"
"CREC_HLB 4379.JPG","128.0"
"CREC_HLB 4380.JPG","128.0"
"CREC_HLB 4381.JPG","129.0"
"CREC_HLB 4382.JPG","129.0"
"CREC_HLB 4383.JPG","129.0"
"CREC_HLB 4384.JPG","129.0"
"CREC_HLB 4385.JPG","130.0"
"CREC_HLB 4386.JPG","130.0"
"CREC_HLB 4387.JPG","130.0"
"CREC_HLB 4388.JPG","130.0"
"CREC_HLB 4389.JPG","131.0"
"CREC_HLB 4390.JPG","131.0"
"CREC_HLB 4391.JPG","131.0"
"CREC_HLB 4392.JPG","131.0"
"CREC_HLB 4393.JPG","132.0"
"CREC_HLB 4394.JPG","132.0"
"CREC_HLB 4395.JPG","132.0"
"CREC_HLB 4396.JPG","132.0"
"CREC_HLB 4397.JPG","133.0"
"CREC_HLB 4398.JPG","133.0"
"CREC_HLB 4399.JPG","133.0"
"CREC_HLB 4400.JPG","133.0"
"CREC_HLB 4401.JPG","134.0"
"CREC_HLB 4402.JPG","134.0"
"CREC_HLB 4403.JPG","134.0"
"CREC_HLB 4404.JPG","134.0"
"CREC_HLB 4405.JPG","135.0"
"CREC_HLB 4406.JPG","135.0"
"CREC_HLB 4407.JPG","135.0"
"CREC_HLB 4408.JPG","135.0"
"CREC_HLB 4409.JPG","136.0"
"CREC_HLB 4410.JPG","136.0"
"CREC_HLB 4411.JPG","136.0"
"CREC_HLB 4412.JPG","136.0"
"CREC_HLB 4413.JPG","137.0"
"CREC_HLB 4414.JPG","137.0"
"CREC_HLB 4415.JPG","137.0"
"CREC_HLB 4416.JPG","137.0"
"CREC_HLB 4417.JPG","138.0"
"CREC_HLB 4418.JPG","138.0"
"CREC_HLB 4419.JPG","138.0"
"CREC_HLB 4420.JPG","138.0"
"CREC_HLB 4421.JPG","139.0"
"CREC_HLB 4422.JPG","139.0"
"CREC_HLB 4423.JPG","139.0"
"CREC_HLB 4424.JPG","139.0"
"CREC_HLB 4425.JPG","140.0"
"CREC_HLB 4426.JPG","140.0"
"CREC_HLB 4427.JPG","140.0"
"CREC_HLB 4428.JPG","140.0"
"CREC_HLB 4429.JPG","141.0"
"CREC_HLB 4430.JPG","141.0"
"CREC_HLB 4431.JPG","141.0"
"CREC_HLB 4432.JPG","141.0"
"CREC_HLB 4433.JPG","142.0"
"CREC_HLB 4434.JPG","142.0"
"CREC_HLB 4435.JPG","142.0"
"CREC_HLB 4436.JPG","142.0"
"CREC_HLB 4437.JPG","143.0"
"CREC_HLB 4438.JPG","143.0"
"CREC_HLB 4439.JPG","143.0"
"CREC_HLB 4440.JPG","143.0"
"CREC_HLB 4441.JPG","144.0"
"CREC_HLB 4442.JPG","144.0"
"CREC_HLB 4443.JPG","144.0"
"CREC_HLB 4444.JPG","144.0"
"CREC_HLB 4445.JPG","145.0"
"CREC_HLB 4446.JPG","145.0"
"CREC_HLB 4447.JPG","145.0"
"CREC_HLB 4448.JPG","145.0"
"CREC_HLB 4449.JPG","146.0"
"CREC_HLB 4450.JPG","146.0"
"CREC_HLB 4451.JPG","146.0"
"CREC_HLB 4452.JPG","146.0"
"CREC_HLB 4454.JPG","147.0"
"CREC_HLB 4455.JPG","147.0"
"CREC_HLB 4456.JPG","147.0"
"CREC_HLB 4457.JPG","147.0"
"CREC_HLB 4458.JPG","148.0"
"CREC_HLB 4459.JPG","148.0"
"CREC_HLB 4460.JPG","148.0"
"CREC_HLB 4461.JPG","148.0"
"CREC_HLB 4462.JPG","149.0"
"CREC_HLB 4463.JPG","149.0"
"CREC_HLB 4464.JPG","149.0"
"CREC_HLB 4465.JPG","149.0"
"CREC_HLB 4466.JPG","150.0"
"CREC_HLB 4467.JPG","150.0"
"CREC_HLB 4468.JPG","150.0"
"CREC_HLB 4469.JPG","150.0"
"CREC_HLB 4470.JPG","151.0"
"CREC_HLB 4471.JPG","151.0"
"CREC_HLB 4472.JPG","151.0"
"CREC_HLB 4473.JPG","151.0"
"CREC_HLB 4474.JPG","152.0"
"CREC_HLB 4475.JPG","152.0"
"CREC_HLB 4476.JPG","152.0"
"CREC_HLB 4477.JPG","152.0"
"CREC_HLB 4478.JPG","153.0"
"CREC_HLB 4479.JPG","153.0"
"CREC_HLB 4480.JPG","153.0"
"CREC_HLB 4481.JPG","153.0"
"CREC_HLB 4482.JPG","154.0"
"CREC_HLB 4483.JPG","154.0"
"CREC_HLB 4484.JPG","154.0"
"CREC_HLB 4485.JPG","154.0"
"CREC_HLB 4486.JPG","155.0"
"CREC_HLB 4487.JPG","155.0"
"CREC_HLB 4488.JPG","155.0"
"CREC_HLB 4489.JPG","155.0"
"CREC_HLB 4490.JPG","156.0"
"CREC_HLB 4491.JPG","156.0"
"CREC_HLB 4492.JPG","156.0"
"CREC_HLB 4493.JPG","156.0"
"CREC_HLB 4494.JPG","157.0"
"CREC_HLB 4495.JPG","157.0"
"CREC_HLB 4496.JPG","157.0"
"CREC_HLB 4497.JPG","157.0"
"CREC_HLB 4498.JPG","158.0"
"CREC_HLB 4499.JPG","158.0"
"CREC_HLB 4500.JPG","158.0"
"CREC_HLB 4501.JPG","158.0"
"CREC_HLB 4502.JPG","159.0"
"CREC_HLB 4503.JPG","159.0"
"CREC_HLB 4504.JPG","159.0"
"CREC_HLB 4505.JPG","159.0"
"CREC_HLB 4506.JPG","160.0"
"CREC_HLB 4507.JPG","160.0"
"CREC_HLB 4508.JPG","160.0"
"CREC_HLB 4509.JPG","160.0"
"CREC_HLB 4510.JPG","161.0"
"CREC_HLB 4511.JPG","161.0"
"CREC_HLB 4512.JPG","161.0"
"CREC_HLB 4513.JPG","161.0"
"CREC_HLB 4514.JPG","162.0"
"CREC_HLB 4515.JPG","162.0"
"CREC_HLB 4516.JPG","162.0"
"CREC_HLB 4517.JPG","162.0"
"CREC_HLB 4518.JPG","163.0"
"CREC_HLB 4519.JPG","163.0"
"CREC_HLB 4520.JPG","163.0"
"CREC_HLB 4521.JPG","163.0"
"CREC_HLB 4522.JPG","164.0"
"CREC_HLB 4523.JPG","164.0"
"CREC_HLB 4524.JPG","164.0"
"CREC_HLB 4525.JPG","164.0"
"CREC_HLB 4526.JPG","165.0"
"CREC_HLB 4527.JPG","165.0"
"CREC_HLB 4528.JPG","165.0"
"CREC_HLB 4529.JPG","165.0"
"CREC_HLB 4530.JPG","166.0"
"CREC_HLB 4531.JPG","166.0"
"CREC_HLB 4532.JPG","166.0"
"CREC_HLB 4533.JPG","166.0"
"CREC_HLB 4534.JPG","167.0"
"CREC_HLB 4535.JPG","167.0"
"CREC_HLB 4536.JPG","167.0"
"CREC_HLB 4537.JPG","167.0"
"CREC_HLB 4538.JPG","168.0"
"CREC_HLB 4539.JPG","168.0"
"CREC_HLB 4540.JPG","168.0"
"CREC_HLB 4541.JPG","168.0"
"CREC_HLB 4542.JPG","169.0"
"CREC_HLB 4543.JPG","169.0"
"CREC_HLB 4544.JPG","169.0"
"CREC_HLB 4545.JPG","169.0"
"CREC_HLB 4546.JPG","170.0"
"CREC_HLB 4547.JPG","170.0"
"CREC_HLB 4548.JPG","170.0"
"CREC_HLB 4549.JPG","170.0"
"CREC_HLB 4550.JPG","171.0"
"CREC_HLB 4551.JPG","171.0"
"CREC_HLB 4552.JPG","171.0"
"CREC_HLB 4553.JPG","171.0"
"CREC_HLB 4554.JPG","172.0"
"CREC_HLB 4555.JPG","172.0"
"CREC_HLB 4556.JPG","172.0"
"CREC_HLB 4557.JPG","172.0"
"CREC_HLB 4558.JPG","173.0"
"CREC_HLB 4559.JPG","173.0"
"CREC_HLB 4560.JPG","173.0"
"CREC_HLB 4561.JPG","173.0"
"CREC_HLB 4562.JPG","174.0"
"CREC_HLB 4563.JPG","174.0"
"CREC_HLB 4564.JPG","174.0"
"CREC_HLB 4565.JPG","174.0"
"CREC_HLB 4566.JPG","175.0"
"CREC_HLB 4567.JPG","175.0"
"CREC_HLB 4568.JPG","175.0"
"CREC_HLB 4569.JPG","175.0"
"CREC_HLB 4570.JPG","176.0"
"CREC_HLB 4571.JPG","176.0"
"CREC_HLB 4572.JPG","176.0"
"CREC_HLB 4573.JPG","176.0"
"CREC_HLB 4574.JPG","177.0"
"CREC_HLB 4575.JPG","177.0"
"CREC_HLB 4576.JPG","177.0"
"CREC_HLB 4577.JPG","177.0"
"CREC_HLB 4578.JPG","178.0"
"CREC_HLB 4579.JPG","178.0"
"CREC_HLB 4580.JPG","178.0"
"CREC_HLB 4581.JPG","178.0"
"CREC_HLB 4582.JPG","179.0"
"CREC_HLB 4583.JPG","179.0"
"CREC_HLB 4584.JPG","179.0"
"CREC_HLB 4585.JPG","179.0"
"CREC_HLB 4586.JPG","180.0"
"CREC_HLB 4587.JPG","180.0"
"CREC_HLB 4588.JPG","180.0"
"CREC_HLB 4589.JPG","180.0"
"CREC_HLB 4590.JPG","181.0"
"CREC_HLB 4591.JPG","181.0"
"CREC_HLB 4592.JPG","181.0"
"CREC_HLB 4593.JPG","181.0"
"CREC_HLB 4594.JPG","182.0"
"CREC_HLB 4595.JPG","182.0"
"CREC_HLB 4596.JPG","182.0"
"CREC_HLB 4597.JPG","182.0"
"CREC_HLB 4598.JPG","183.0"
"CREC_HLB 4599.JPG","183.0"
"CREC_HLB 4600.JPG","183.0"
"CREC_HLB 4601.JPG","183.0"
"CREC_HLB 4602.JPG","184.0"
"CREC_HLB 4603.JPG","184.0"
"CREC_HLB 4604.JPG","184.0"
"CREC_HLB 4605.JPG","184.0"
"CREC_HLB 4606.JPG","185.0"
"CREC_HLB 4607.JPG","185.0"
"CREC_HLB 4608.JPG","185.0"
"CREC_HLB 4609.JPG","185.0"
"CREC_HLB 4610.JPG","186.0"
"CREC_HLB 4611.JPG","186.0"
"CREC_HLB 4612.JPG","186.0"
"CREC_HLB 4613.JPG","186.0"
"CREC_HLB 4614.JPG","187.0"
"CREC_HLB 4615.JPG","187.0"
"CREC_HLB 4616.JPG","187.0"
"CREC_HLB 4617.JPG","187.0"
"CREC_HLB 4618.JPG","188.0"
"CREC_HLB 4619.JPG","188.0"
"CREC_HLB 4620.JPG","188.0"
"CREC_HLB 4621.JPG","188.0"
"CREC_HLB 4622.JPG","189.0"
"CREC_HLB 4623.JPG","189.0"
"CREC_HLB 4624.JPG","189.0"
"CREC_HLB 4625.JPG","189.0"
"CREC_HLB 4626.JPG","190.0"
"CREC_HLB 4627.JPG","190.0"
"CREC_HLB 4628.JPG","190.0"
"CREC_HLB 4629.JPG","190.0"
"CREC_HLB 4630.JPG","191.0"
"CREC_HLB 4631.JPG","191.0"
"CREC_HLB 4632.JPG","191.0"
"CREC_HLB 4633.JPG","191.0"
"CREC_HLB 4634.JPG","192.0"
"CREC_HLB 4635.JPG","192.0"
"CREC_HLB 4636.JPG","192.0"
"CREC_HLB 4637.JPG","192.0"
"CREC_HLB 4638.JPG","193.0"
"CREC_HLB 4639.JPG","193.0"
"CREC_HLB 4640.JPG","193.0"
"CREC_HLB 4641.JPG","193.0"
"CREC_HLB 4642.JPG","194.0"
"CREC_HLB 4643.JPG","194.0"
"CREC_HLB 4644.JPG","194.0"
"CREC_HLB 4645.JPG","194.0"
"CREC_HLB 4646.JPG","195.0"
"CREC_HLB 4647.JPG","195.0"
"CREC_HLB 4648.JPG","195.0"
"CREC_HLB 4649.JPG","195.0"
"CREC_HLB 4650.JPG","196.0"
"CREC_HLB 4651.JPG","196.0"
"CREC_HLB 4652.JPG","196.0"
"CREC_HLB 4653.JPG","196.0"
"CREC_HLB 4654.JPG","197.0"
"CREC_HLB 4655.JPG","197.0"
"CREC_HLB 4656.JPG","197.0"
"CREC_HLB 4657.JPG","197.0"
"CREC_HLB 4658.JPG","198.0"
"CREC_HLB 4659.JPG","198.0"
"CREC_HLB 4660.JPG","198.0"
"CREC_HLB 4661.JPG","198.0"
"CREC_HLB 4662.JPG","199.0"
"CREC_HLB 4663.JPG","199.0"
"CREC_HLB 4664.JPG","199.0"
"CREC_HLB 4665.JPG","199.0"
"CREC_HLB 4666.JPG","200.0"
"CREC_HLB 4667.JPG","200.0"
"CREC_HLB 4668.JPG","200.0"
"CREC_HLB 4669.JPG","200.0"
"CREC_HLB 4670.JPG","201.0"
"CREC_HLB 4671.JPG","201.0"
"CREC_HLB 4672.JPG","201.0"
"CREC_HLB 4673.JPG","201.0"
"CREC_HLB 4674.JPG","202.0"
"CREC_HLB 4675.JPG","202.0"
"CREC_HLB 4676.JPG","202.0"
"CREC_HLB 4677.JPG","202.0"
"CREC_HLB 4678.JPG","203.0"
"CREC_HLB 4679.JPG","203.0"
"CREC_HLB 4680.JPG","203.0"
"CREC_HLB 4681.JPG","203.0"
"CREC_HLB 4682.JPG","204.0"
"CREC_HLB 4683.JPG","204.0"
"CREC_HLB 4684.JPG","204.0"
"CREC_HLB 4685.JPG","204.0"
"CREC_HLB 4686.JPG","205.0"
"CREC_HLB 4687.JPG","205.0"
"CREC_HLB 4688.JPG","205.0"
"CREC_HLB 4689.JPG","205.0"
"CREC_HLB 4690.JPG","206.0"
"CREC_HLB 4691.JPG","206.0"
"CREC_HLB 4692.JPG","206.0"
"CREC_HLB 4693.JPG","206.0"
"CREC_HLB 4694.JPG","207.0"
"CREC_HLB 4695.JPG","207.0"
"CREC_HLB 4696.JPG","207.0"
"CREC_HLB 4697.JPG","207.0"
"CREC_HLB 4698.JPG","208.0"
"CREC_HLB 4699.JPG","208.0"
"CREC_HLB 4700.JPG","208.0"
"CREC_HLB 4701.JPG","208.0"
"CREC_HLB 4702.JPG","209.0"
"CREC_HLB 4703.JPG","209.0"
"CREC_HLB 4704.JPG","209.0"
"CREC_HLB 4705.JPG","209.0"
"CREC_HLB 4706.JPG","210.0"
"CREC_HLB 4707.JPG","210.0"
"CREC_HLB 4708.JPG","210.0"
"CREC_HLB 4709.JPG","210.0"
"CREC_HLB 4711.JPG","211.0"
"CREC_HLB 4712.JPG","211.0"
"CREC_HLB 4713.JPG","211.0"
"CREC_HLB 4714.JPG","211.0"
"CREC_HLB 4715.JPG","212.0"
"CREC_HLB 4716.JPG","212.0"
"CREC_HLB 4717.JPG","212.0"
"CREC_HLB 4718.JPG","212.0"
"CREC_HLB 4719.JPG","213.0"
"CREC_HLB 4720.JPG","213.0"
"CREC_HLB 4721.JPG","213.0"
"CREC_HLB 4722.JPG","213.0"
"CREC_HLB 4723.JPG","214.0"
"CREC_HLB 4724.JPG","214.0"
"CREC_HLB 4725.JPG","214.0"
"CREC_HLB 4726.JPG","214.0"
"CREC_HLB 4727.JPG","215.0"
"CREC_HLB 4728.JPG","215.0"
"CREC_HLB 4729.JPG","215.0"
"CREC_HLB 4730.JPG","215.0"
"CREC_HLB 4732.JPG","216.0"
"CREC_HLB 4733.JPG","216.0"
"CREC_HLB 4734.JPG","216.0"
"CREC_HLB 4735.JPG","216.0"
"CREC_HLB 4736.JPG","217.0"
"CREC_HLB 4737.JPG","217.0"
"CREC_HLB 4738.JPG","217.0"
"CREC_HLB 4739.JPG","217.0"
"CREC_HLB 4741.JPG","218.0"
"CREC_HLB 4742.JPG","218.0"
"CREC_HLB 4743.JPG","218.0"
"CREC_HLB 4744.JPG","218.0"
"CREC_HLB 4745.JPG","219.0"
"CREC_HLB 4746.JPG","219.0"
"CREC_HLB 4747.JPG","219.0"
"CREC_HLB 4748.JPG","219.0"
"CREC_HLB 4749.JPG","220.0"
"CREC_HLB 4750.JPG","220.0"
"CREC_HLB 4751.JPG","220.0"
"CREC_HLB 4752.JPG","220.0"
"CREC_HLB 4753.JPG","221.0"
"CREC_HLB 4754.JPG","221.0"
"CREC_HLB 4755.JPG","221.0"
"CREC_HLB 4756.JPG","221.0"
"CREC_HLB 4757.JPG","222.0"
"CREC_HLB 4758.JPG","222.0"
"CREC_HLB 4759.JPG","222.0"
"CREC_HLB 4760.JPG","222.0"
"CREC_HLB 4761.JPG","223.0"
"CREC_HLB 4762.JPG","223.0"
"CREC_HLB 4763.JPG","223.0"
"CREC_HLB 4764.JPG","223.0"
"CREC_HLB 4765.JPG","224.0"
"CREC_HLB 4766.JPG","224.0"
"CREC_HLB 4767.JPG","224.0"
"CREC_HLB 4768.JPG","224.0"
"CREC_HLB 4769.JPG","225.0"
"CREC_HLB 4770.JPG","225.0"
"CREC_HLB 4771.JPG","225.0"
"CREC_HLB 4772.JPG","225.0"
"CREC_HLB 4773.JPG","226.0"
"CREC_HLB 4774.JPG","226.0"
"CREC_HLB 4775.JPG","226.0"
"CREC_HLB 4776.JPG","226.0"
"CREC_HLB 4777.JPG","227.0"
"CREC_HLB 4778.JPG","227.0"
"CREC_HLB 4779.JPG","227.0"
"CREC_HLB 4780.JPG","227.0"
"CREC_HLB 4781.JPG","228.0"
"CREC_HLB 4782.JPG","228.0"
"CREC_HLB 4783.JPG","228.0"
"CREC_HLB 4784.JPG","228.0"
"CREC_HLB 4785.JPG","229.0"
"CREC_HLB 4786.JPG","229.0"
"CREC_HLB 4787.JPG","229.0"
"CREC_HLB 4788.JPG","229.0"
"CREC_HLB 4789.JPG","230.0"
"CREC_HLB 4790.JPG","230.0"
"CREC_HLB 4791.JPG","230.0"
"CREC_HLB 4792.JPG","230.0"
"CREC_HLB 4793.JPG","231.0"
"CREC_HLB 4794.JPG","231.0"
"CREC_HLB 4795.JPG","231.0"
"CREC_HLB 4796.JPG","231.0"
"CREC_HLB 4797.JPG","232.0"
"CREC_HLB 4798.JPG","232.0"
"CREC_HLB 4799.JPG","232.0"
"CREC_HLB 4800.JPG","232.0"
"CREC_HLB 4801.JPG","233.0"
"CREC_HLB 4802.JPG","233.0"
"CREC_HLB 4803.JPG","233.0"
"CREC_HLB 4804.JPG","233.0"
"CREC_HLB 4805.JPG","234.0"
"CREC_HLB 4806.JPG","234.0"
"CREC_HLB 4807.JPG","234.0"
"CREC_HLB 4808.JPG","234.0"
"CREC_HLB 4809.JPG","235.0"
"CREC_HLB 4810.JPG","235.0"
"CREC_HLB 4811.JPG","235.0"
"CREC_HLB 4812.JPG","235.0"
"CREC_HLB 4813.JPG","236.0"
"CREC_HLB 4814.JPG","236.0"
"CREC_HLB 4815.JPG","236.0"
"CREC_HLB 4816.JPG","236.0"
"CREC_HLB 4817.JPG","237.0"
"CREC_HLB 4818.JPG","237.0"
"CREC_HLB 4819.JPG","237.0"
"CREC_HLB 4820.JPG","237.0"
"CREC_HLB 4821.JPG","238.0"
"CREC_HLB 4822.JPG","238.0"
"CREC_HLB 4823.JPG","238.0"
"CREC_HLB 4824.JPG","238.0"
"CREC_HLB 4825.JPG","239.0"
"CREC_HLB 4826.JPG","239.0"
"CREC_HLB 4827.JPG","239.0"
"CREC_HLB 4828.JPG","239.0"
"CREC_HLB 4829.JPG","240.0"
"CREC_HLB 4830.JPG","240.0"
"CREC_HLB 4831.JPG","240.0"
"CREC_HLB 4832.JPG","240.0"
"CREC_HLB 4834.JPG","241.0"
"CREC_HLB 4835.JPG","241.0"
"CREC_HLB 4836.JPG","241.0"
"CREC_HLB 4837.JPG","241.0"
"CREC_HLB 4838.JPG","242.0"
"CREC_HLB 4839.JPG","242.0"
"CREC_HLB 4840.JPG","242.0"
"CREC_HLB 4841.JPG","242.0"
"CREC_HLB 4842.JPG","243.0"
"CREC_HLB 4843.JPG","243.0"
"CREC_HLB 4844.JPG","243.0"
"CREC_HLB 4845.JPG","243.0"
"CREC_HLB 4846.JPG","244.0"
"CREC_HLB 4847.JPG","244.0"
"CREC_HLB 4848.JPG","244.0"
"CREC_HLB 4849.JPG","244.0"
"CREC_HLB 4850.JPG","245.0"
"CREC_HLB 4851.JPG","245.0"
"CREC_HLB 4852.JPG","245.0"
"CREC_HLB 4853.JPG","245.0"
"CREC_HLB 4854.JPG","246.0"
"CREC_HLB 4855.JPG","246.0"
"CREC_HLB 4856.JPG","246.0"
"CREC_HLB 4857.JPG","246.0"
"CREC_HLB 4858.JPG","247.0"
"CREC_HLB 4859.JPG","247.0"
"CREC_HLB 4860.JPG","247.0"
"CREC_HLB 4861.JPG","247.0"
"CREC_HLB 4862.JPG","248.0"
"CREC_HLB 4863.JPG","248.0"
"CREC_HLB 4864.JPG","248.0"
"CREC_HLB 4865.JPG","248.0"
"CREC_HLB 4866.JPG","249.0"
"CREC_HLB 4867.JPG","249.0"
"CREC_HLB 4868.JPG","249.0"
"CREC_HLB 4869.JPG","249.0"
"CREC_HLB 4870.JPG","250.0"
"CREC_HLB 4871.JPG","250.0"
"CREC_HLB 4872.JPG","250.0"
"CREC_HLB 4873.JPG","250.0"
"CREC_HLB 4874.JPG","251.0"
"CREC_HLB 4875.JPG","251.0"
"CREC_HLB 4876.JPG","251.0"
"CREC_HLB 4877.JPG","251.0"
"CREC_HLB 4878.JPG","252.0"
"CREC_HLB 4879.JPG","252.0"
"CREC_HLB 4880.JPG","252.0"
"CREC_HLB 4881.JPG","252.0"
"CREC_HLB 4882.JPG","253.0"
"CREC_HLB 4883.JPG","253.0"
"CREC_HLB 4884.JPG","253.0"
"CREC_HLB 4885.JPG","253.0"
"CREC_HLB 4886.JPG","254.0"
"CREC_HLB 4887.JPG","254.0"
"CREC_HLB 4888.JPG","254.0"
"CREC_HLB 4889.JPG","254.0"
"CREC_HLB 4890.JPG","255.0"
"CREC_HLB 4891.JPG","255.0"
"CREC_HLB 4892.JPG","255.0"
"CREC_HLB 4893.JPG","255.0"
"CREC_HLB 4894.JPG","256.0"
"CREC_HLB 4895.JPG","256.0"
"CREC_HLB 4896.JPG","256.0"
"CREC_HLB 4897.JPG","256.0"
"CREC_HLB 4898.JPG","257.0"
"CREC_HLB 4899.JPG","257.0"
"CREC_HLB 4900.JPG","257.0"
"CREC_HLB 4901.JPG","257.0"
"CREC_HLB 4902.JPG","258.0"
"CREC_HLB 4903.JPG","258.0"
"CREC_HLB 4904.JPG","258.0"
"CREC_HLB 4905.JPG","258.0"
"CREC_HLB 4906.JPG","259.0"
"CREC_HLB 4907.JPG","259.0"
"CREC_HLB 4908.JPG","259.0"
"CREC_HLB 4909.JPG","259.0"
"CREC_HLB 4910.JPG","260.0"
"CREC_HLB 4911.JPG","260.0"
"CREC_HLB 4912.JPG","260.0"
"CREC_HLB 4913.JPG","260.0"
"CREC_HLB 4914.JPG","261.0"
"CREC_HLB 4915.JPG","261.0"
"CREC_HLB 4916.JPG","261.0"
"CREC_HLB 4917.JPG","261.0"
"CREC_HLB 4918.JPG","262.0"
"CREC_HLB 4919.JPG","262.0"
"CREC_HLB 4920.JPG","262.0"
"CREC_HLB 4921.JPG","262.0"
"CREC_HLB 4922.JPG","263.0"
"CREC_HLB 4923.JPG","263.0"
"CREC_HLB 4924.JPG","263.0"
"CREC_HLB 4925.JPG","263.0"
"CREC_HLB 4926.JPG","264.0"
"CREC_HLB 4927.JPG","264.0"
"CREC_HLB 4928.JPG","264.0"
"CREC_HLB 4929.JPG","264.0"
"CREC_HLB 4930.JPG","265.0"
"CREC_HLB 4931.JPG","265.0"
"CREC_HLB 4932.JPG","265.0"
"CREC_HLB 4933.JPG","265.0"
"CREC_HLB 4934.JPG","266.0"
"CREC_HLB 4935.JPG","266.0"
"CREC_HLB 4936.JPG","266.0"
"CREC_HLB 4937.JPG","266.0"
"CREC_HLB 4938.JPG","267.0"
"CREC_HLB 4939.JPG","267.0"
"CREC_HLB 4940.JPG","267.0"
"CREC_HLB 4941.JPG","267.0"
"CREC_HLB 4942.JPG","268.0"
"CREC_HLB 4943.JPG","268.0"
"CREC_HLB 4944.JPG","268.0"
"CREC_HLB 4945.JPG","268.0"
"CREC_HLB 4946.JPG","269.0"
"CREC_HLB 4947.JPG","269.0"
"CREC_HLB 4948.JPG","269.0"
"CREC_HLB 4949.JPG","269.0"
"CREC_HLB 4950.JPG","270.0"
"CREC_HLB 4951.JPG","270.0"
"CREC_HLB 4952.JPG","270.0"
"CREC_HLB 4953.JPG","270.0"
"CREC_HLB 4954.JPG","271.0"
"CREC_HLB 4955.JPG","271.0"
"CREC_HLB 4956.JPG","271.0"
"CREC_HLB 4957.JPG","271.0"
"CREC_HLB 4958.JPG","272.0"
"CREC_HLB 4959.JPG","272.0"
"CREC_HLB 4960.JPG","272.0"
"CREC_HLB 4961.JPG","272.0"
"CREC_HLB 4962.JPG","273.0"
"CREC_HLB 4963.JPG","273.0"
"CREC_HLB 4964.JPG","273.0"
"CREC_HLB 4965.JPG","273.0"
"CREC_HLB 4966.JPG","274.0"
"CREC_HLB 4967.JPG","274.0"
"CREC_HLB 4968.JPG","274.0"
"CREC_HLB 4969.JPG","274.0"
"CREC_HLB 4970.JPG","275.0"
"CREC_HLB 4971.JPG","275.0"
"CREC_HLB 4972.JPG","275.0"
"CREC_HLB 4973.JPG","275.0"
"CREC_HLB 4974.JPG","276.0"
"CREC_HLB 4975.JPG","276.0"
"CREC_HLB 4976.JPG","276.0"
"CREC_HLB 4977.JPG","276.0"
"CREC_HLB 4978.JPG","277.0"
"CREC_HLB 4979.JPG","277.0"
"CREC_HLB 4980.JPG","277.0"
"CREC_HLB 4981.JPG","277.0"
"CREC_HLB 4982.JPG","278.0"
"CREC_HLB 4983.JPG","278.0"
"CREC_HLB 4984.JPG","278.0"
"CREC_HLB 4985.JPG","278.0"
"CREC_HLB 4986.JPG","279.0"
"CREC_HLB 4987.JPG","279.0"
"CREC_HLB 4988.JPG","279.0"
"CREC_HLB 4989.JPG","279.0"
"CREC_HLB 4990.JPG","280.0"
"CREC_HLB 4991.JPG","280.0"
"CREC_HLB 4992.JPG","280.0"
"CREC_HLB 4993.JPG","280.0"
"CREC_HLB 4994.JPG","281.0"
"CREC_HLB 4995.JPG","281.0"
"CREC_HLB 4996.JPG","281.0"
"CREC_HLB 4997.JPG","281.0"
"CREC_HLB 4998.JPG","282.0"
"CREC_HLB 4999.JPG","282.0"
"CREC_HLB 5000.JPG","282.0"
"CREC_HLB 5001.JPG","282.0"
"CREC_HLB 5002.JPG","283.0"
"CREC_HLB 5003.JPG","283.0"
"CREC_HLB 5004.JPG","283.0"
"CREC_HLB 5005.JPG","283.0"
"CREC_HLB 5006.JPG","284.0"
"CREC_HLB 5007.JPG","284.0"
"CREC_HLB 5008.JPG","284.0"
"CREC_HLB 5009.JPG","284.0"
"CREC_HLB 5010.JPG","285.0"
"CREC_HLB 5011.JPG","285.0"
"CREC_HLB 5012.JPG","285.0"
"CREC_HLB 5013.JPG","285.0"
"CREC_HLB 5014.JPG","286.0"
"CREC_HLB 5015.JPG","286.0"
"CREC_HLB 5016.JPG","286.0"
"CREC_HLB 5017.JPG","286.0"
"CREC_HLB 5018.JPG","287.0"
"CREC_HLB 5019.JPG","287.0"
"CREC_HLB 5020.JPG","287.0"
"CREC_HLB 5021.JPG","287.0"
"CREC_HLB 5022.JPG","288.0"
"CREC_HLB 5023.JPG","288.0"
"CREC_HLB 5024.JPG","288.0"
"CREC_HLB 5025.JPG","288.0"
"CREC_HLB 5026.JPG","289.0"
"CREC_HLB 5027.JPG","289.0"
"CREC_HLB 5028.JPG","289.0"
"CREC_HLB 5029.JPG","289.0"
"CREC_HLB 5030.JPG","290.0"
"CREC_HLB 5031.JPG","290.0"
"CREC_HLB 5032.JPG","290.0"
"CREC_HLB 5033.JPG","290.0"
"CREC_HLB 5034.JPG","291.0"
"CREC_HLB 5035.JPG","291.0"
"CREC_HLB 5036.JPG","291.0"
"CREC_HLB 5037.JPG","291.0"
"CREC_HLB 5038.JPG","292.0"
"CREC_HLB 5039.JPG","292.0"
"CREC_HLB 5040.JPG","292.0"
"CREC_HLB 5041.JPG","292.0"
"CREC_HLB 5042.JPG","293.0"
"CREC_HLB 5043.JPG","293.0"
"CREC_HLB 5044.JPG","293.0"
"CREC_HLB 5045.JPG","293.0"
"CREC_HLB 5046.JPG","294.0"
"CREC_HLB 5047.JPG","294.0"
"CREC_HLB 5048.JPG","294.0"
"CREC_HLB 5049.JPG","294.0"
"CREC_HLB 5050.JPG","295.0"
"CREC_HLB 5051.JPG","295.0"
"CREC_HLB 5052.JPG","295.0"
"CREC_HLB 5053.JPG","295.0"
"CREC_HLB 5054.JPG","296.0"
"CREC_HLB 5055.JPG","296.0"
"CREC_HLB 5056.JPG","296.0"
"CREC_HLB 5057.JPG","296.0"
"CREC_HLB 5058.JPG","297.0"
"CREC_HLB 5059.JPG","297.0"
"CREC_HLB 5060.JPG","297.0"
"CREC_HLB 5061.JPG","297.0"
"CREC_HLB 5062.JPG","298.0"
"CREC_HLB 5063.JPG","298.0"
"CREC_HLB 5064.JPG","298.0"
"CREC_HLB 5065.JPG","298.0"
"CREC_HLB 5066.JPG","299.0"
"CREC_HLB 5067.JPG","299.0"
"CREC_HLB 5068.JPG","299.0"
"CREC_HLB 5069.JPG","299.0"
"CREC_HLB 5070.JPG","300.0"
"CREC_HLB 5071.JPG","300.0"
"CREC_HLB 5072.JPG","300.0"
"CREC_HLB 5073.JPG","300.0"
"CREC_HLB 5074.JPG","301.0"
"CREC_HLB 5075.JPG","301.0"
"CREC_HLB 5076.JPG","301.0"
"CREC_HLB 5077.JPG","301.0"
"CREC_HLB 5078.JPG","302.0"
"CREC_HLB 5079.JPG","302.0"
"CREC_HLB 5080.JPG","302.0"
"CREC_HLB 5081.JPG","302.0"
"CREC_HLB 5082.JPG","303.0"
"CREC_HLB 5083.JPG","303.0"
"CREC_HLB 5085.JPG","303.0"
"CREC_HLB 5086.JPG","303.0"
"CREC_HLB 5087.JPG","304.0"
"CREC_HLB 5088.JPG","304.0"
"CREC_HLB 5089.JPG","304.0"
"CREC_HLB 5090.JPG","304.0"
"CREC_HLB 5091.JPG","305.0"
"CREC_HLB 5092.JPG","305.0"
"CREC_HLB 5093.JPG","305.0"
"CREC_HLB 5094.JPG","305.0"
"CREC_HLB 5095.JPG","306.0"
"CREC_HLB 5096.JPG","306.0"
"CREC_HLB 5097.JPG","306.0"
"CREC_HLB 5098.JPG","306.0"
"CREC_HLB 5099.JPG","307.0"
"CREC_HLB 5100.JPG","307.0"
"CREC_HLB 5101.JPG","307.0"
"CREC_HLB 5102.JPG","307.0"
"CREC_HLB 5103.JPG","308.0"
"CREC_HLB 5104.JPG","308.0"
"CREC_HLB 5105.JPG","308.0"
"CREC_HLB 5106.JPG","308.0"
"CREC_HLB 5107.JPG","309.0"
"CREC_HLB 5108.JPG","309.0"
"CREC_HLB 5109.JPG","309.0"
"CREC_HLB 5110.JPG","309.0"
"CREC_HLB 5111.JPG","310.0"
"CREC_HLB 5112.JPG","310.0"
"CREC_HLB 5113.JPG","310.0"
"CREC_HLB 5114.JPG","310.0"
"CREC_HLB 5115.JPG","311.0"
"CREC_HLB 5116.JPG","311.0"
"CREC_HLB 5117.JPG","311.0"
"CREC_HLB 5118.JPG","311.0"
"CREC_HLB 5119.JPG","312.0"
"CREC_HLB 5120.JPG","312.0"
"CREC_HLB 5121.JPG","312.0"
"CREC_HLB 5122.JPG","312.0"
"CREC_HLB 5123.JPG","313.0"
"CREC_HLB 5124.JPG","313.0"
"CREC_HLB 5125.JPG","313.0"
"CREC_HLB 5126.JPG","313.0"
"CREC_HLB 5127.JPG","314.0"
"CREC_HLB 5128.JPG","314.0"
"CREC_HLB 5129.JPG","314.0"
"CREC_HLB 5130.JPG","314.0"
"CREC_HLB 5131.JPG","315.0"
"CREC_HLB 5132.JPG","315.0"
"CREC_HLB 5133.JPG","315.0"
"CREC_HLB 5134.JPG","315.0"
"CREC_HLB 5135.JPG","316.0"
"CREC_HLB 5136.JPG","316.0"
"CREC_HLB 5137.JPG","316.0"
"CREC_HLB 5138.JPG","316.0"
"CREC_HLB 5139.JPG","317.0"
"CREC_HLB 5140.JPG","317.0"
"CREC_HLB 5141.JPG","317.0"
"CREC_HLB 5142.JPG","317.0"
"CREC_HLB 5143.JPG","318.0"
"CREC_HLB 5144.JPG","318.0"
"CREC_HLB 5145.JPG","318.0"
"CREC_HLB 5146.JPG","318.0"
"CREC_HLB 5147.JPG","319.0"
"CREC_HLB 5148.JPG","319.0"
"CREC_HLB 5149.JPG","319.0"
"CREC_HLB 5150.JPG","319.0"
"CREC_HLB 5151.JPG","320.0"
"CREC_HLB 5152.JPG","320.0"
"CREC_HLB 5153.JPG","320.0"
"CREC_HLB 5154.JPG","320.0"
"CREC_HLB 5155.JPG","321.0"
"CREC_HLB 5156.JPG","321.0"
"CREC_HLB 5157.JPG","321.0"
"CREC_HLB 5158.JPG","321.0"
"CREC_HLB 5159.JPG","322.0"
"CREC_HLB 5160.JPG","322.0"
"CREC_HLB 5161.JPG","322.0"
"CREC_HLB 5162.JPG","322.0"
"CREC_HLB 5163.JPG","323.0"
"CREC_HLB 5164.JPG","323.0"
"CREC_HLB 5165.JPG","323.0"
"CREC_HLB 5166.JPG","323.0"
"CREC_HLB 5167.JPG","324.0"
"CREC_HLB 5168.JPG","324.0"
"CREC_HLB 5169.JPG","324.0"
"CREC_HLB 5170.JPG","324.0"
"CREC_HLB 5171.JPG","325.0"
"CREC_HLB 5172.JPG","325.0"
"CREC_HLB 5173.JPG","325.0"
"CREC_HLB 5174.JPG","325.0"
"CREC_HLB 5175.JPG","326.0"
"CREC_HLB 5176.JPG","326.0"
"CREC_HLB 5177.JPG","326.0"
"CREC_HLB 5178.JPG","326.0"
"CREC_HLB 5179.JPG","327.0"
"CREC_HLB 5180.JPG","327.0"
"CREC_HLB 5181.JPG","327.0"
"CREC_HLB 5182.JPG","327.0"
"CREC_HLB 5183.JPG","328.0"
"CREC_HLB 5184.JPG","328.0"
"CREC_HLB 5185.JPG","328.0"
"CREC_HLB 5186.JPG","328.0"
"CREC_HLB 5187.JPG","329.0"
"CREC_HLB 5188.JPG","329.0"
"CREC_HLB 5189.JPG","329.0"
"CREC_HLB 5190.JPG","329.0"
"CREC_HLB 5191.JPG","330.0"
"CREC_HLB 5192.JPG","330.0"
"CREC_HLB 5193.JPG","330.0"
"CREC_HLB 5194.JPG","330.0"
"CREC_HLB 5195.JPG","331.0"
"CREC_HLB 5196.JPG","331.0"
"CREC_HLB 5197.JPG","331.0"
"CREC_HLB 5198.JPG","331.0"
"CREC_HLB 5199.JPG","332.0"
"CREC_HLB 5200.JPG","332.0"
"CREC_HLB 5201.JPG","332.0"
"CREC_HLB 5202.JPG","332.0"
"CREC_HLB 5203.JPG","333.0"
"CREC_HLB 5204.JPG","333.0"
"CREC_HLB 5205.JPG","333.0"
"CREC_HLB 5206.JPG","333.0"
"CREC_HLB 5207.JPG","334.0"
"CREC_HLB 5208.JPG","334.0"
"CREC_HLB 5209.JPG","334.0"
"CREC_HLB 5210.JPG","334.0"
"CREC_HLB 5211.JPG","335.0"
"CREC_HLB 5212.JPG","335.0"
"CREC_HLB 5213.JPG","335.0"
"CREC_HLB 5214.JPG","335.0"
"CREC_HLB 5215.JPG","336.0"
"CREC_HLB 5216.JPG","336.0"
"CREC_HLB 5217.JPG","336.0"
"CREC_HLB 5218.JPG","336.0"
"CREC_HLB 5219.JPG","337.0"
"CREC_HLB 5220.JPG","337.0"
"CREC_HLB 5221.JPG","337.0"
"CREC_HLB 5222.JPG","337.0"
"CREC_HLB 5223.JPG","338.0"
"CREC_HLB 5224.JPG","338.0"
"CREC_HLB 5225.JPG","338.0"
"CREC_HLB 5226.JPG","338.0"
"CREC_HLB 5227.JPG","339.0"
"CREC_HLB 5228.JPG","339.0"
"CREC_HLB 5229.JPG","339.0"
"CREC_HLB 5230.JPG","339.0"
"CREC_HLB 5231.JPG","340.0"
"CREC_HLB 5232.JPG","340.0"
"CREC_HLB 5233.JPG","340.0"
"CREC_HLB 5234.JPG","340.0"
"CREC_HLB 5235.JPG","341.0"
"CREC_HLB 5236.JPG","341.0"
"CREC_HLB 5237.JPG","341.0"
"CREC_HLB 5238.JPG","341.0"
"CREC_HLB 5239.JPG","342.0"
"CREC_HLB 5240.JPG","342.0"
"CREC_HLB 5241.JPG","342.0"
"CREC_HLB 5242.JPG","342.0"
"CREC_HLB 5243.JPG","343.0"
"CREC_HLB 5244.JPG","343.0"
"CREC_HLB 5245.JPG","343.0"
"CREC_HLB 5246.JPG","343.0"
"CREC_HLB 5247.JPG","344.0"
"CREC_HLB 5248.JPG","344.0"
"CREC_HLB 5249.JPG","344.0"
"CREC_HLB 5250.JPG","344.0"
"CREC_HLB 5251.JPG","345.0"
"CREC_HLB 5252.JPG","345.0"
"CREC_HLB 5253.JPG","345.0"
"CREC_HLB 5254.JPG","345.0"
"CREC_HLB 5255.JPG","346.0"
"CREC_HLB 5256.JPG","346.0"
"CREC_HLB 5257.JPG","346.0"
"CREC_HLB 5258.JPG","346.0"
"CREC_HLB 5259.JPG","347.0"
"CREC_HLB 5260.JPG","347.0"
"CREC_HLB 5261.JPG","347.0"
"CREC_HLB 5262.JPG","347.0"
"CREC_HLB 5263.JPG","348.0"
"CREC_HLB 5264.JPG","348.0"
"CREC_HLB 5265.JPG","348.0"
"CREC_HLB 5266.JPG","348.0"
"CREC_HLB 5267.JPG","349.0"
"CREC_HLB 5268.JPG","349.0"
"CREC_HLB 5269.JPG","349.0"
"CREC_HLB 5270.JPG","349.0"
"CREC_HLB 5271.JPG","350.0"
"CREC_HLB 5272.JPG","350.0"
"CREC_HLB 5273.JPG","350.0"
"CREC_HLB 5274.JPG","350.0"
"CREC_HLB 5275.JPG","351.0"
"CREC_HLB 5276.JPG","351.0"
"CREC_HLB 5277.JPG","351.0"
"CREC_HLB 5278.JPG","351.0"
"CREC_HLB 5279.JPG","352.0"
"CREC_HLB 5280.JPG","352.0"
"CREC_HLB 5281.JPG","352.0"
"CREC_HLB 5282.JPG","352.0"
"CREC_HLB 5283.JPG","353.0"
"CREC_HLB 5284.JPG","353.0"
"CREC_HLB 5285.JPG","353.0"
"CREC_HLB 5286.JPG","353.0"
"CREC_HLB 5287.JPG","354.0"
"CREC_HLB 5288.JPG","354.0"
"CREC_HLB 5289.JPG","354.0"
"CREC_HLB 5290.JPG","354.0"
"CREC_HLB 5291.JPG","355.0"
"CREC_HLB 5292.JPG","355.0"
"CREC_HLB 5293.JPG","355.0"
"CREC_HLB 5294.JPG","355.0"
"CREC_HLB 5295.JPG","356.0"
"CREC_HLB 5296.JPG","356.0"
"CREC_HLB 5297.JPG","356.0"
"CREC_HLB 5298.JPG","356.0"
"CREC_HLB 5299.JPG","357.0"
"CREC_HLB 5300.JPG","357.0"
"CREC_HLB 5301.JPG","357.0"
"CREC_HLB 5302.JPG","357.0"
"CREC_HLB 5303.JPG","358.0"
"CREC_HLB 5304.JPG","358.0"
"CREC_HLB 5305.JPG","358.0"
"CREC_HLB 5306.JPG","358.0"
"CREC_HLB 5307.JPG","359.0"
"CREC_HLB 5308.JPG","359.0"
"CREC_HLB 5309.JPG","359.0"
"CREC_HLB 5310.JPG","359.0"
"CREC_HLB 5311.JPG","360.0"
"CREC_HLB 5312.JPG","360.0"
"CREC_HLB 5313.JPG","360.0"
"CREC_HLB 5314.JPG","360.0"
"CREC_HLB 5315.JPG","361.0"
"CREC_HLB 5316.JPG","361.0"
"CREC_HLB 5317.JPG","361.0"
"CREC_HLB 5318.JPG","361.0"
"CREC_HLB 5319.JPG","362.0"
"CREC_HLB 5320.JPG","362.0"
"CREC_HLB 5321.JPG","362.0"
"CREC_HLB 5322.JPG","362.0"
"CREC_HLB 5323.JPG","363.0"
"CREC_HLB 5324.JPG","363.0"
"CREC_HLB 5325.JPG","363.0"
"CREC_HLB 5326.JPG","363.0"
"CREC_HLB 5327.JPG","364.0"
"CREC_HLB 5328.JPG","364.0"
"CREC_HLB 5329.JPG","364.0"
"CREC_HLB 5330.JPG","364.0"
"CREC_HLB 5331.JPG","365.0"
"CREC_HLB 5332.JPG","365.0"
"CREC_HLB 5333.JPG","365.0"
"CREC_HLB 5334.JPG","365.0"
"CREC_HLB 5335.JPG","366.0"
"CREC_HLB 5336.JPG","366.0"
"CREC_HLB 5337.JPG","366.0"
"CREC_HLB 5338.JPG","366.0"
"CREC_HLB 5339.JPG","367.0"
"CREC_HLB 5340.JPG","367.0"
"CREC_HLB 5341.JPG","367.0"
"CREC_HLB 5342.JPG","367.0"
"CREC_HLB 5343.JPG","368.0"
"CREC_HLB 5344.JPG","368.0"
"CREC_HLB 5345.JPG","368.0"
"CREC_HLB 5346.JPG","368.0"
"CREC_HLB 5347.JPG","369.0"
"CREC_HLB 5348.JPG","369.0"
"CREC_HLB 5349.JPG","369.0"
"CREC_HLB 5350.JPG","369.0"
"CREC_HLB 5351.JPG","370.0"
"CREC_HLB 5352.JPG","370.0"
"CREC_HLB 5353.JPG","370.0"
"CREC_HLB 5354.JPG","370.0"
"CREC_HLB 5355.JPG","371.0"
"CREC_HLB 5356.JPG","371.0"
"CREC_HLB 5357.JPG","371.0"
"CREC_HLB 5358.JPG","371.0"
"CREC_HLB 5359.JPG","372.0"
"CREC_HLB 5360.JPG","372.0"
"CREC_HLB 5361.JPG","372.0"
"CREC_HLB 5362.JPG","372.0"
"CREC_HLB 5363.JPG","373.0"
"CREC_HLB 5364.JPG","373.0"
"CREC_HLB 5365.JPG","373.0"
"CREC_HLB 5366.JPG","373.0"
"CREC_HLB 5367.JPG","374.0"
"CREC_HLB 5368.JPG","374.0"
"CREC_HLB 5369.JPG","374.0"
"CREC_HLB 5370.JPG","374.0"
"CREC_HLB 5371.JPG","375.0"
"CREC_HLB 5372.JPG","375.0"
"CREC_HLB 5373.JPG","375.0"
"CREC_HLB 5374.JPG","375.0"
"CREC_HLB 5375.JPG","376.0"
"CREC_HLB 5376.JPG","376.0"
"CREC_HLB 5377.JPG","376.0"
"CREC_HLB 5378.JPG","376.0"
"CREC_HLB 5379.JPG","377.0"
"CREC_HLB 5380.JPG","377.0"
"CREC_HLB 5381.JPG","377.0"
"CREC_HLB 5382.JPG","377.0"
"CREC_HLB 5383.JPG","378.0"
"CREC_HLB 5384.JPG","378.0"
"CREC_HLB 5385.JPG","378.0"
"CREC_HLB 5386.JPG","378.0"
"CREC_HLB 5387.JPG","379.0"
"CREC_HLB 5388.JPG","379.0"
"CREC_HLB 5389.JPG","379.0"
"CREC_HLB 5390.JPG","379.0"
"CREC_HLB 5391.JPG","380.0"
"CREC_HLB 5392.JPG","380.0"
"CREC_HLB 5393.JPG","380.0"
"CREC_HLB 5394.JPG","380.0"
"CREC_HLB 5395.JPG","381.0"
"CREC_HLB 5396.JPG","381.0"
"CREC_HLB 5397.JPG","381.0"
"CREC_HLB 5398.JPG","381.0"
"CREC_HLB 5399.JPG","382.0"
"CREC_HLB 5400.JPG","382.0"
"CREC_HLB 5401.JPG","382.0"
"CREC_HLB 5402.JPG","382.0"
"CREC_HLB 5403.JPG","383.0"
"CREC_HLB 5404.JPG","383.0"
"CREC_HLB 5405.JPG","383.0"
"CREC_HLB 5406.JPG","383.0"
"CREC_HLB 5407.JPG","384.0"
"CREC_HLB 5408.JPG","384.0"
"CREC_HLB 5409.JPG","384.0"
"CREC_HLB 5410.JPG","384.0"
"CREC_HLB 5411.JPG","385.0"
"CREC_HLB 5412.JPG","385.0"
"CREC_HLB 5413.JPG","385.0"
"CREC_HLB 5414.JPG","385.0"
"CREC_HLB 5415.JPG","386.0"
"CREC_HLB 5416.JPG","386.0"
"CREC_HLB 5417.JPG","386.0"
"CREC_HLB 5418.JPG","386.0"
"CREC_HLB 5419.JPG","387.0"
"CREC_HLB 5420.JPG","387.0"
"CREC_HLB 5421.JPG","387.0"
"CREC_HLB 5422.JPG","387.0"
"CREC_HLB 5423.JPG","388.0"
"CREC_HLB 5424.JPG","388.0"
"CREC_HLB 5425.JPG","388.0"
"CREC_HLB 5426.JPG","388.0"
"CREC_HLB 5427.JPG","389.0"
"CREC_HLB 5428.JPG","389.0"
"CREC_HLB 5429.JPG","389.0"
"CREC_HLB 5430.JPG","389.0"
"CREC_HLB 5431.JPG","390.0"
"CREC_HLB 5432.JPG","390.0"
"CREC_HLB 5433.JPG","390.0"
"CREC_HLB 5434.JPG","390.0"
"CREC_HLB 5435.JPG","391.0"
"CREC_HLB 5436.JPG","391.0"
"CREC_HLB 5437.JPG","391.0"
"CREC_HLB 5438.JPG","391.0"
"CREC_HLB 5439.JPG","392.0"
"CREC_HLB 5440.JPG","392.0"
"CREC_HLB 5441.JPG","392.0"
"CREC_HLB 5442.JPG","392.0"
"CREC_HLB 5443.JPG","393.0"
"CREC_HLB 5444.JPG","393.0"
"CREC_HLB 5445.JPG","393.0"
"CREC_HLB 5446.JPG","393.0"
"CREC_HLB 5447.JPG","394.0"
"CREC_HLB 5448.JPG","394.0"
"CREC_HLB 5449.JPG","394.0"
"CREC_HLB 5450.JPG","394.0"
"CREC_HLB 5451.JPG","395.0"
"CREC_HLB 5452.JPG","395.0"
"CREC_HLB 5453.JPG","395.0"
"CREC_HLB 5454.JPG","395.0"
"CREC_HLB 5455.JPG","396.0"
"CREC_HLB 5456.JPG","396.0"
"CREC_HLB 5457.JPG","396.0"
"CREC_HLB 5458.JPG","396.0"
"CREC_HLB 5459.JPG","397.0"
"CREC_HLB 5460.JPG","397.0"
"CREC_HLB 5461.JPG","397.0"
"CREC_HLB 5462.JPG","397.0"
"CREC_HLB 5463.JPG","398.0"
"CREC_HLB 5464.JPG","398.0"
"CREC_HLB 5465.JPG","398.0"
"CREC_HLB 5466.JPG","398.0"
"CREC_HLB 5467.JPG","399.0"
"CREC_HLB 5468.JPG","399.0"
"CREC_HLB 5469.JPG","399.0"
"CREC_HLB 5470.JPG","399.0"
"CREC_HLB 5471.JPG","400.0"
"CREC_HLB 5472.JPG","400.0"
"CREC_HLB 5473.JPG","400.0"
"CREC_HLB 5474.JPG","400.0"
"CREC_HLB 5475.JPG","401.0"
"CREC_HLB 5476.JPG","401.0"
"CREC_HLB 5477.JPG","401.0"
"CREC_HLB 5478.JPG","401.0"
"CREC_HLB 5479.JPG","402.0"
"CREC_HLB 5480.JPG","402.0"
"CREC_HLB 5481.JPG","402.0"
"CREC_HLB 5482.JPG","402.0"
"CREC_HLB 5483.JPG","403.0"
"CREC_HLB 5484.JPG","403.0"
"CREC_HLB 5485.JPG","403.0"
"CREC_HLB 5486.JPG","403.0"
"CREC_HLB 5487.JPG","404.0"
"CREC_HLB 5488.JPG","404.0"
"CREC_HLB 5489.JPG","404.0"
"CREC_HLB 5490.JPG","404.0"
"CREC_HLB 5491.JPG","405.0"
"CREC_HLB 5492.JPG","405.0"
"CREC_HLB 5493.JPG","405.0"
"CREC_HLB 5494.JPG","405.0"
"CREC_HLB 5495.JPG","406.0"
"CREC_HLB 5496.JPG","406.0"
"CREC_HLB 5497.JPG","406.0"
"CREC_HLB 5498.JPG","406.0"
"CREC_HLB 5499.JPG","407.0"
"CREC_HLB 5500.JPG","407.0"
"CREC_HLB 5501.JPG","407.0"
"CREC_HLB 5502.JPG","407.0"
"CREC_HLB 5503.JPG","408.0"
"CREC_HLB 5504.JPG","408.0"
"CREC_HLB 5505.JPG","408.0"
"CREC_HLB 5506.JPG","408.0"
"CREC_HLB 5507.JPG","409.0"
"CREC_HLB 5508.JPG","409.0"
"CREC_HLB 5509.JPG","409.0"
"CREC_HLB 5510.JPG","409.0"
"CREC_HLB 5511.JPG","410.0"
"CREC_HLB 5512.JPG","410.0"
"CREC_HLB 5513.JPG","410.0"
"CREC_HLB 5514.JPG","410.0"
"CREC_HLB 5515.JPG","411.0"
"CREC_HLB 5516.JPG","411.0"
"CREC_HLB 5517.JPG","411.0"
"CREC_HLB 5518.JPG","411.0"
"CREC_HLB 5519.JPG","412.0"
"CREC_HLB 5520.JPG","412.0"
"CREC_HLB 5521.JPG","412.0"
"CREC_HLB 5522.JPG","412.0"
"CREC_HLB 5523.JPG","413.0"
"CREC_HLB 5525.JPG","413.0"
"CREC_HLB 5526.JPG","413.0"
"CREC_HLB 5527.JPG","413.0"
"CREC_HLB 5528.JPG","414.0"
"CREC_HLB 5529.JPG","414.0"
"CREC_HLB 5530.JPG","414.0"
"CREC_HLB 5531.JPG","414.0"
"CREC_HLB 5532.JPG","415.0"
"CREC_HLB 5533.JPG","415.0"
"CREC_HLB 5534.JPG","415.0"
"CREC_HLB 5535.JPG","415.0"
"CREC_HLB 5536.JPG","416.0"
"CREC_HLB 5537.JPG","416.0"
"CREC_HLB 5538.JPG","416.0"
"CREC_HLB 5539.JPG","416.0"
"CREC_HLB 5540.JPG","417.0"
"CREC_HLB 5541.JPG","417.0"
"CREC_HLB 5542.JPG","417.0"
"CREC_HLB 5543.JPG","417.0"
"CREC_HLB 5544.JPG","418.0"
"CREC_HLB 5545.JPG","418.0"
"CREC_HLB 5546.JPG","418.0"
"CREC_HLB 5547.JPG","418.0"
"CREC_HLB 5548.JPG","419.0"
"CREC_HLB 5549.JPG","419.0"
"CREC_HLB 5550.JPG","419.0"
"CREC_HLB 5551.JPG","419.0"
"CREC_HLB 5552.JPG","420.0"
"CREC_HLB 5553.JPG","420.0"
"CREC_HLB 5554.JPG","420.0"
"CREC_HLB 5555.JPG","420.0"
"CREC_HLB 5556.JPG","421.0"
"CREC_HLB 5557.JPG","421.0"
"CREC_HLB 5558.JPG","421.0"
"CREC_HLB 5559.JPG","421.0"
"CREC_HLB 5560.JPG","422.0"
"CREC_HLB 5561.JPG","422.0"
"CREC_HLB 5562.JPG","422.0"
"CREC_HLB 5563.JPG","422.0"
"CREC_HLB 5564.JPG","423.0"
"CREC_HLB 5565.JPG","423.0"
"CREC_HLB 5566.JPG","423.0"
"CREC_HLB 5567.JPG","423.0"
"CREC_HLB 5568.JPG","424.0"
"CREC_HLB 5569.JPG","424.0"
"CREC_HLB 5570.JPG","424.0"
"CREC_HLB 5571.JPG","424.0"
"CREC_HLB 5572.JPG","425.0"
"CREC_HLB 5573.JPG","425.0"
"CREC_HLB 5574.JPG","425.0"
"CREC_HLB 5575.JPG","425.0"
"CREC_HLB 5576.JPG","426.0"
"CREC_HLB 5577.JPG","426.0"
"CREC_HLB 5578.JPG","426.0"
"CREC_HLB 5579.JPG","426.0"
"CREC_HLB 5580.JPG","427.0"
"CREC_HLB 5581.JPG","427.0"
"CREC_HLB 5582.JPG","427.0"
"CREC_HLB 5583.JPG","427.0"
"CREC_HLB 5584.JPG","428.0"
"CREC_HLB 5585.JPG","428.0"
"CREC_HLB 5586.JPG","428.0"
"CREC_HLB 5587.JPG","428.0"
"CREC_HLB 5588.JPG","429.0"
"CREC_HLB 5589.JPG","429.0"
"CREC_HLB 5590.JPG","429.0"
"CREC_HLB 5591.JPG","429.0"
"CREC_HLB 5592.JPG","430.0"
"CREC_HLB 5593.JPG","430.0"
"CREC_HLB 5594.JPG","430.0"
"CREC_HLB 5595.JPG","430.0"
"CREC_HLB 5596.JPG","431.0"
"CREC_HLB 5597.JPG","431.0"
"CREC_HLB 5598.JPG","431.0"
"CREC_HLB 5599.JPG","431.0"
"CREC_HLB 5600.JPG","432.0"
"CREC_HLB 5601.JPG","432.0"
"CREC_HLB 5602.JPG","432.0"
"CREC_HLB 5603.JPG","432.0"
"CREC_HLB 5604.JPG","433.0"
"CREC_HLB 5605.JPG","433.0"
"CREC_HLB 5606.JPG","433.0"
"CREC_HLB 5607.JPG","433.0"
"CREC_HLB 5608.JPG","434.0"
"CREC_HLB 5609.JPG","434.0"
"CREC_HLB 5610.JPG","434.0"
"CREC_HLB 5611.JPG","434.0"
"CREC_HLB 5613.JPG","435.0"
"CREC_HLB 5614.JPG","435.0"
"CREC_HLB 5615.JPG","435.0"
"CREC_HLB 5616.JPG","435.0"
"CREC_HLB 5617.JPG","436.0"
"CREC_HLB 5618.JPG","436.0"
"CREC_HLB 5619.JPG","436.0"
"CREC_HLB 5620.JPG","436.0"
"CREC_HLB 5621.JPG","437.0"
"CREC_HLB 5622.JPG","437.0"
"CREC_HLB 5623.JPG","437.0"
"CREC_HLB 5624.JPG","437.0"
"CREC_HLB 5625.JPG","438.0"
"CREC_HLB 5626.JPG","438.0"
"CREC_HLB 5627.JPG","438.0"
"CREC_HLB 5628.JPG","438.0"
"CREC_HLB 5629.JPG","439.0"
"CREC_HLB 5630.JPG","439.0"
"CREC_HLB 5632.JPG","439.0"
"CREC_HLB 5633.JPG","439.0"
"CREC_HLB 5634.JPG","440.0"
"CREC_HLB 5635.JPG","440.0"
"CREC_HLB 5636.JPG","440.0"
"CREC_HLB 5637.JPG","440.0"
"CREC_HLB 5638.JPG","441.0"
"CREC_HLB 5639.JPG","441.0"
"CREC_HLB 5640.JPG","441.0"
"CREC_HLB 5641.JPG","441.0"
"CREC_HLB 5642.JPG","442.0"
"CREC_HLB 5643.JPG","442.0"
"CREC_HLB 5644.JPG","442.0"
"CREC_HLB 5645.JPG","442.0"
"CREC_HLB 5646.JPG","443.0"
"CREC_HLB 5647.JPG","443.0"
"CREC_HLB 5648.JPG","443.0"
"CREC_HLB 5649.JPG","443.0"
"CREC_HLB 5650.JPG","444.0"
"CREC_HLB 5651.JPG","444.0"
"CREC_HLB 5652.JPG","444.0"
"CREC_HLB 5653.JPG","444.0"
"CREC_HLB 5654.JPG","445.0"
"CREC_HLB 5655.JPG","445.0"
"CREC_HLB 5656.JPG","445.0"
"CREC_HLB 5657.JPG","445.0"
"CREC_HLB 5658.JPG","446.0"
"CREC_HLB 5659.JPG","446.0"
"CREC_HLB 5660.JPG","446.0"
"CREC_HLB 5661.JPG","446.0"
"CREC_HLB 5663.JPG","447.0"
"CREC_HLB 5664.JPG","447.0"
"CREC_HLB 5665.JPG","447.0"
"CREC_HLB 5666.JPG","447.0"
"CREC_HLB 5667.JPG","448.0"
"CREC_HLB 5668.JPG","448.0"
"CREC_HLB 5669.JPG","448.0"
"CREC_HLB 5670.JPG","448.0"
"CREC_HLB 5671.JPG","449.0"
"CREC_HLB 5672.JPG","449.0"
"CREC_HLB 5673.JPG","449.0"
"CREC_HLB 5674.JPG","449.0"
"CREC_HLB 5675.JPG","450.0"
"CREC_HLB 5676.JPG","450.0"
"CREC_HLB 5677.JPG","450.0"
"CREC_HLB 5678.JPG","450.0"
"CREC_HLB 5679.JPG","451.0"
"CREC_HLB 5680.JPG","451.0"
"CREC_HLB 5681.JPG","451.0"
"CREC_HLB 5682.JPG","451.0"
"CREC_HLB 5683.JPG","452.0"
"CREC_HLB 5684.JPG","452.0"
"CREC_HLB 5685.JPG","452.0"
"CREC_HLB 5686.JPG","452.0"
"CREC_HLB 5687.JPG","453.0"
"CREC_HLB 5688.JPG","453.0"
"CREC_HLB 5689.JPG","453.0"
"CREC_HLB 5690.JPG","453.0"
"CREC_HLB 5691.JPG","454.0"
"CREC_HLB 5692.JPG","454.0"
"CREC_HLB 5693.JPG","454.0"
"CREC_HLB 5694.JPG","454.0"
"CREC_HLB 5695.JPG","455.0"
"CREC_HLB 5696.JPG","455.0"
"CREC_HLB 5697.JPG","455.0"
"CREC_HLB 5698.JPG","455.0"
"CREC_HLB 5699.JPG","456.0"
"CREC_HLB 5700.JPG","456.0"
"CREC_HLB 5701.JPG","456.0"
"CREC_HLB 5702.JPG","456.0"
"CREC_HLB 5703.JPG","457.0"
"CREC_HLB 5704.JPG","457.0"
"CREC_HLB 5705.JPG","457.0"
"CREC_HLB 5706.JPG","457.0"
"CREC_HLB 5707.JPG","458.0"
"CREC_HLB 5708.JPG","458.0"
"CREC_HLB 5709.JPG","458.0"
"CREC_HLB 5710.JPG","458.0"
"CREC_HLB 5711.JPG","459.0"
"CREC_HLB 5712.JPG","459.0"
"CREC_HLB 5713.JPG","459.0"
"CREC_HLB 5714.JPG","459.0"
"CREC_HLB 5715.JPG","460.0"
"CREC_HLB 5716.JPG","460.0"
"CREC_HLB 5717.JPG","460.0"
"CREC_HLB 5718.JPG","460.0"
"CREC_HLB 6398.JPG","461.0"
"CREC_HLB 6399.JPG","461.0"
"CREC_HLB 6400.JPG","461.0"
"CREC_HLB 6401.JPG","461.0"
"CREC_HLB 6402.JPG","462.0"
"CREC_HLB 6403.JPG","462.0"
"CREC_HLB 6404.JPG","462.0"
"CREC_HLB 6405.JPG","462.0"
"CREC_HLB 6406.JPG","463.0"
"CREC_HLB 6407.JPG","463.0"
"CREC_HLB 6408.JPG","463.0"
"CREC_HLB 6409.JPG","463.0"
"CREC_HLB 6410.JPG","464.0"
"CREC_HLB 6411.JPG","464.0"
"CREC_HLB 6412.JPG","464.0"
"CREC_HLB 6413.JPG","464.0"
"CREC_HLB 6414.JPG","465.0"
"CREC_HLB 6415.JPG","465.0"
"CREC_HLB 6416.JPG","465.0"
"CREC_HLB 6417.JPG","465.0"
"CREC_HLB 6418.JPG","466.0"
"CREC_HLB 6419.JPG","466.0"
"CREC_HLB 6420.JPG","466.0"
"CREC_HLB 6421.JPG","466.0"
"CREC_HLB 6422.JPG","467.0"
"CREC_HLB 6423.JPG","467.0"
"CREC_HLB 6424.JPG","467.0"
"CREC_HLB 6425.JPG","467.0"
"CREC_HLB 6426.JPG","468.0"
"CREC_HLB 6427.JPG","468.0"
"CREC_HLB 6428.JPG","468.0"
"CREC_HLB 6429.JPG","468.0"
"CREC_HLB 6430.JPG","469.0"
"CREC_HLB 6431.JPG","469.0"
"CREC_HLB 6432.JPG","469.0"
"CREC_HLB 6433.JPG","469.0"
"CREC_HLB 6434.JPG","470.0"
"CREC_HLB 6435.JPG","470.0"
"CREC_HLB 6436.JPG","470.0"
"CREC_HLB 6437.JPG","470.0"
"CREC_HLB 6438.JPG","471.0"
"CREC_HLB 6439.JPG","471.0"
"CREC_HLB 6440.JPG","471.0"
"CREC_HLB 6441.JPG","471.0"
"CREC_HLB 6442.JPG","472.0"
"CREC_HLB 6443.JPG","472.0"
"CREC_HLB 6444.JPG","472.0"
"CREC_HLB 6445.JPG","472.0"
"CREC_HLB 6446.JPG","473.0"
"CREC_HLB 6447.JPG","473.0"
"CREC_HLB 6448.JPG","473.0"
"CREC_HLB 6449.JPG","473.0"
"CREC_HLB 6450.JPG","474.0"
"CREC_HLB 6451.JPG","474.0"
"CREC_HLB 6452.JPG","474.0"
"CREC_HLB 6453.JPG","474.0"
"CREC_HLB 6454.JPG","475.0"
"CREC_HLB 6455.JPG","475.0"
"CREC_HLB 6456.JPG","475.0"
"CREC_HLB 6457.JPG","475.0"
"CREC_HLB 6458.JPG","476.0"
"CREC_HLB 6459.JPG","476.0"
"CREC_HLB 6460.JPG","476.0"
"CREC_HLB 6461.JPG","476.0"
"CREC_HLB 6462.JPG","477.0"
"CREC_HLB 6463.JPG","477.0"
"CREC_HLB 6464.JPG","477.0"
"CREC_HLB 6465.JPG","477.0"
"CREC_HLB 6466.JPG","478.0"
"CREC_HLB 6467.JPG","478.0"
"CREC_HLB 6468.JPG","478.0"
"CREC_HLB 6469.JPG","478.0"
"CREC_HLB 6470.JPG","479.0"
"CREC_HLB 6471.JPG","479.0"
"CREC_HLB 6472.JPG","479.0"
"CREC_HLB 6473.JPG","479.0"
"CREC_HLB 6474.JPG","480.0"
"CREC_HLB 6475.JPG","480.0"
"CREC_HLB 6476.JPG","480.0"
"CREC_HLB 6477.JPG","480.0"
"CREC_HLB 6478.JPG","481.0"
"CREC_HLB 6479.JPG","481.0"
"CREC_HLB 6480.JPG","481.0"
"CREC_HLB 6481.JPG","481.0"
"CREC_HLB 6482.JPG","482.0"
"CREC_HLB 6483.JPG","482.0"
"CREC_HLB 6484.JPG","482.0"
"CREC_HLB 6485.JPG","482.0"
"CREC_HLB 6486.JPG","483.0"
"CREC_HLB 6487.JPG","483.0"
"CREC_HLB 6488.JPG","483.0"
"CREC_HLB 6489.JPG","483.0"
"CREC_HLB 6490.JPG","484.0"
"CREC_HLB 6491.JPG","484.0"
"CREC_HLB 6492.JPG","484.0"
"CREC_HLB 6493.JPG","484.0"
"CREC_HLB 6494.JPG","485.0"
"CREC_HLB 6495.JPG","485.0"
"CREC_HLB 6496.JPG","485.0"
"CREC_HLB 6497.JPG","485.0"
"CREC_HLB 6498.JPG","486.0"
"CREC_HLB 6499.JPG","486.0"
"CREC_HLB 6500.JPG","486.0"
"CREC_HLB 6501.JPG","486.0"
"CREC_HLB 6502.JPG","487.0"
"CREC_HLB 6503.JPG","487.0"
"CREC_HLB 6504.JPG","487.0"
"CREC_HLB 6505.JPG","487.0"
"CREC_HLB 6506.JPG","488.0"
"CREC_HLB 6507.JPG","488.0"
"CREC_HLB 6508.JPG","488.0"
"CREC_HLB 6509.JPG","488.0"
"CREC_HLB 6510.JPG","489.0"
"CREC_HLB 6511.JPG","489.0"
"CREC_HLB 6512.JPG","489.0"
"CREC_HLB 6513.JPG","489.0"
"CREC_HLB 6514.JPG","490.0"
"CREC_HLB 6515.JPG","490.0"
"CREC_HLB 6516.JPG","490.0"
"CREC_HLB 6517.JPG","490.0"
"CREC_HLB 6518.JPG","491.0"
"CREC_HLB 6519.JPG","491.0"
"CREC_HLB 6520.JPG","491.0"
"CREC_HLB 6521.JPG","491.0"
"CREC_HLB 6522.JPG","492.0"
"CREC_HLB 6523.JPG","492.0"
"CREC_HLB 6524.JPG","492.0"
"CREC_HLB 6525.JPG","492.0"
"CREC_HLB 6526.JPG","493.0"
"CREC_HLB 6527.JPG","493.0"
"CREC_HLB 6528.JPG","493.0"
"CREC_HLB 6529.JPG","493.0"
"CREC_HLB 6530.JPG","494.0"
"CREC_HLB 6531.JPG","494.0"
"CREC_HLB 6532.JPG","494.0"
"CREC_HLB 6533.JPG","494.0"
"CREC_HLB 6534.JPG","495.0"
"CREC_HLB 6535.JPG","495.0"
"CREC_HLB 6536.JPG","495.0"
"CREC_HLB 6537.JPG","495.0"
"CREC_HLB 6538.JPG","496.0"
"CREC_HLB 6539.JPG","496.0"
"CREC_HLB 6540.JPG","496.0"
"CREC_HLB 6541.JPG","496.0"
"CREC_HLB 6542.JPG","497.0"
"CREC_HLB 6543.JPG","497.0"
"CREC_HLB 6544.JPG","497.0"
"CREC_HLB 6545.JPG","497.0"
"CREC_HLB 6546.JPG","498.0"
"CREC_HLB 6547.JPG","498.0"
"CREC_HLB 6548.JPG","498.0"
"CREC_HLB 6549.JPG","498.0"
"CREC_HLB 6550.JPG","499.0"
"CREC_HLB 6551.JPG","499.0"
"CREC_HLB 6552.JPG","499.0"
"CREC_HLB 6553.JPG","499.0"
"CREC_HLB 6554.JPG","500.0"
"CREC_HLB 6555.JPG","500.0"
"CREC_HLB 6556.JPG","500.0"
"CREC_HLB 6557.JPG","500.0"
"CREC_HLB 6558.JPG","501.0"
"CREC_HLB 6559.JPG","501.0"
"CREC_HLB 6560.JPG","501.0"
"CREC_HLB 6561.JPG","501.0"
"CREC_HLB 6562.JPG","502.0"
"CREC_HLB 6563.JPG","502.0"
"CREC_HLB 6564.JPG","502.0"
"CREC_HLB 6565.JPG","502.0"
"CREC_HLB 6566.JPG","503.0"
"CREC_HLB 6567.JPG","503.0"
"CREC_HLB 6568.JPG","503.0"
"CREC_HLB 6569.JPG","503.0"
"CREC_HLB 6570.JPG","504.0"
"CREC_HLB 6571.JPG","504.0"
"CREC_HLB 6572.JPG","504.0"
"CREC_HLB 6573.JPG","504.0"
"CREC_HLB 6574.JPG","505.0"
"CREC_HLB 6575.JPG","505.0"
"CREC_HLB 6576.JPG","505.0"
"CREC_HLB 6577.JPG","505.0"
"CREC_HLB 6578.JPG","506.0"
"CREC_HLB 6579.JPG","506.0"
"CREC_HLB 6580.JPG","506.0"
"CREC_HLB 6581.JPG","506.0"
"CREC_HLB 6582.JPG","507.0"
"CREC_HLB 6583.JPG","507.0"
"CREC_HLB 6584.JPG","507.0"
"CREC_HLB 6585.JPG","507.0"
"CREC_HLB 6586.JPG","508.0"
"CREC_HLB 6587.JPG","508.0"
"CREC_HLB 6588.JPG","508.0"
"CREC_HLB 6589.JPG","508.0"
"CREC_HLB 6590.JPG","509.0"
"CREC_HLB 6591.JPG","509.0"
"CREC_HLB 6592.JPG","509.0"
"CREC_HLB 6593.JPG","509.0"
"CREC_HLB 6594.JPG","510.0"
"CREC_HLB 6595.JPG","510.0"
"CREC_HLB 6596.JPG","510.0"
"CREC_HLB 6597.JPG","510.0"
"CREC_HLB 6598.JPG","511.0"
"CREC_HLB 6599.JPG","511.0"
"CREC_HLB 6600.JPG","511.0"
"CREC_HLB 6601.JPG","511.0"
"CREC_HLB 6602.JPG","512.0"
"CREC_HLB 6603.JPG","512.0"
"CREC_HLB 6604.JPG","512.0"
"CREC_HLB 6605.JPG","512.0"
"CREC_HLB 6606.JPG","513.0"
"CREC_HLB 6607.JPG","513.0"
"CREC_HLB 6608.JPG","513.0"
"CREC_HLB 6609.JPG","513.0"
"CREC_HLB 6610.JPG","514.0"
"CREC_HLB 6611.JPG","514.0"
"CREC_HLB 6612.JPG","514.0"
"CREC_HLB 6613.JPG","514.0"
"CREC_HLB 6614.JPG","515.0"
"CREC_HLB 6615.JPG","515.0"
"CREC_HLB 6616.JPG","515.0"
"CREC_HLB 6617.JPG","515.0"
"CREC_HLB 6618.JPG","516.0"
"CREC_HLB 6619.JPG","516.0"
"CREC_HLB 6620.JPG","516.0"
"CREC_HLB 6621.JPG","516.0"
"CREC_HLB 6622.JPG","517.0"
"CREC_HLB 6623.JPG","517.0"
"CREC_HLB 6624.JPG","517.0"
"CREC_HLB 6625.JPG","517.0"
"CREC_HLB 6626.JPG","518.0"
"CREC_HLB 6627.JPG","518.0"
"CREC_HLB 6628.JPG","518.0"
"CREC_HLB 6629.JPG","518.0"
"CREC_HLB 6630.JPG","519.0"
"CREC_HLB 6631.JPG","519.0"
"CREC_HLB 6632.JPG","519.0"
"CREC_HLB 6633.JPG","519.0"
"CREC_HLB 6634.JPG","520.0"
"CREC_HLB 6635.JPG","520.0"
"CREC_HLB 6636.JPG","520.0"
"CREC_HLB 6637.JPG","520.0"
"CREC_HLB 6638.JPG","521.0"
"CREC_HLB 6639.JPG","521.0"
"CREC_HLB 6640.JPG","521.0"
"CREC_HLB 6641.JPG","521.0"
"CREC_HLB 6642.JPG","522.0"
"CREC_HLB 6643.JPG","522.0"
"CREC_HLB 6644.JPG","522.0"
"CREC_HLB 6645.JPG","522.0"
"CREC_HLB 6646.JPG","523.0"
"CREC_HLB 6647.JPG","523.0"
"CREC_HLB 6648.JPG","523.0"
"CREC_HLB 6649.JPG","523.0"
"CREC_HLB 6650.JPG","524.0"
"CREC_HLB 6651.JPG","524.0"
"CREC_HLB 6652.JPG","524.0"
"CREC_HLB 6653.JPG","524.0"
"CREC_HLB 6654.JPG","525.0"
"CREC_HLB 6655.JPG","525.0"
"CREC_HLB 6656.JPG","525.0"
"CREC_HLB 6657.JPG","525.0"
"CREC_HLB 6658.JPG","526.0"
"CREC_HLB 6659.JPG","526.0"
"CREC_HLB 6660.JPG","526.0"
"CREC_HLB 6661.JPG","526.0"
"CREC_HLB 6662.JPG","527.0"
"CREC_HLB 6663.JPG","527.0"
"CREC_HLB 6664.JPG","527.0"
"CREC_HLB 6665.JPG","527.0"
"CREC_HLB 6666.JPG","528.0"
"CREC_HLB 6667.JPG","528.0"
"CREC_HLB 6668.JPG","528.0"
"CREC_HLB 6669.JPG","528.0"
"CREC_HLB 6670.JPG","529.0"
"CREC_HLB 6671.JPG","529.0"
"CREC_HLB 6672.JPG","529.0"
"CREC_HLB 6673.JPG","529.0"
"CREC_HLB 6674.JPG","530.0"
"CREC_HLB 6675.JPG","530.0"
"CREC_HLB 6676.JPG","530.0"
"CREC_HLB 6677.JPG","530.0"
"CREC_HLB 6678.JPG","531.0"
"CREC_HLB 6679.JPG","531.0"
"CREC_HLB 6680.JPG","531.0"
"CREC_HLB 6681.JPG","531.0"
"CREC_HLB 6682.JPG","532.0"
"CREC_HLB 6683.JPG","532.0"
"CREC_HLB 6684.JPG","532.0"
"CREC_HLB 6685.JPG","532.0"
"CREC_HLB 6686.JPG","533.0"
"CREC_HLB 6687.JPG","533.0"
"CREC_HLB 6688.JPG","533.0"
"CREC_HLB 6689.JPG","533.0"
"CREC_HLB 6690.JPG","534.0"
"CREC_HLB 6691.JPG","534.0"
"CREC_HLB 6692.JPG","534.0"
"CREC_HLB 6693.JPG","534.0"
"CREC_HLB 6694.JPG","535.0"
"CREC_HLB 6695.JPG","535.0"
"CREC_HLB 6696.JPG","535.0"
"CREC_HLB 6697.JPG","535.0"
"CREC_HLB 6698.JPG","536.0"
"CREC_HLB 6699.JPG","536.0"
"CREC_HLB 6700.JPG","536.0"
"CREC_HLB 6701.JPG","536.0"
"CREC_HLB 6702.JPG","537.0"
"CREC_HLB 6703.JPG","537.0"
"CREC_HLB 6704.JPG","537.0"
"CREC_HLB 6705.JPG","537.0"
"CREC_HLB 6706.JPG","538.0"
"CREC_HLB 6707.JPG","538.0"
"CREC_HLB 6708.JPG","538.0"
"CREC_HLB 6709.JPG","538.0"
"CREC_HLB 6710.JPG","539.0"
"CREC_HLB 6711.JPG","539.0"
"CREC_HLB 6712.JPG","539.0"
"CREC_HLB 6713.JPG","539.0"
"CREC_HLB 6714.JPG","540.0"
"CREC_HLB 6715.JPG","540.0"
"CREC_HLB 6716.JPG","540.0"
"CREC_HLB 6717.JPG","540.0"
"CREC_HLB 6718.JPG","541.0"
"CREC_HLB 6719.JPG","541.0"
"CREC_HLB 6720.JPG","541.0"
"CREC_HLB 6721.JPG","541.0"
"CREC_HLB 6722.JPG","542.0"
"CREC_HLB 6723.JPG","542.0"
"CREC_HLB 6724.JPG","542.0"
"CREC_HLB 6725.JPG","542.0"
"CREC_HLB 6726.JPG","543.0"
"CREC_HLB 6727.JPG","543.0"
"CREC_HLB 6728.JPG","543.0"
"CREC_HLB 6729.JPG","543.0"
"CREC_HLB 6730.JPG","544.0"
"CREC_HLB 6731.JPG","544.0"
"CREC_HLB 6732.JPG","544.0"
"CREC_HLB 6733.JPG","544.0"
"CREC_HLB 6734.JPG","545.0"
"CREC_HLB 6735.JPG","545.0"
"CREC_HLB 6736.JPG","545.0"
"CREC_HLB 6737.JPG","545.0"
"CREC_HLB 6738.JPG","546.0"
"CREC_HLB 6739.JPG","546.0"
"CREC_HLB 6740.JPG","546.0"
"CREC_HLB 6741.JPG","546.0"
"CREC_HLB 6742.JPG","547.0"
"CREC_HLB 6743.JPG","547.0"
"CREC_HLB 6744.JPG","547.0"
"CREC_HLB 6745.JPG","547.0"
"CREC_HLB 6746.JPG","548.0"
"CREC_HLB 6747.JPG","548.0"
"CREC_HLB 6748.JPG","548.0"
"CREC_HLB 6749.JPG","548.0"
"CREC_HLB 6750.JPG","549.0"
"CREC_HLB 6751.JPG","549.0"
"CREC_HLB 6752.JPG","549.0"
"CREC_HLB 6753.JPG","549.0"
"CREC_HLB 6754.JPG","550.0"
"CREC_HLB 6755.JPG","550.0"
"CREC_HLB 6756.JPG","550.0"
"CREC_HLB 6757.JPG","550.0"
"CREC_HLB 6758.JPG","551.0"
"CREC_HLB 6759.JPG","551.0"
"CREC_HLB 6760.JPG","551.0"
"CREC_HLB 6761.JPG","551.0"
"CREC_HLB 6762.JPG","552.0"
"CREC_HLB 6763.JPG","552.0"
"CREC_HLB 6764.JPG","552.0"
"CREC_HLB 6765.JPG","552.0"
"CREC_HLB 6766.JPG","553.0"
"CREC_HLB 6767.JPG","553.0"
"CREC_HLB 6768.JPG","553.0"
"CREC_HLB 6769.JPG","553.0"
"CREC_HLB 6770.JPG","554.0"
"CREC_HLB 6771.JPG","554.0"
"CREC_HLB 6772.JPG","554.0"
"CREC_HLB 6773.JPG","554.0"
"CREC_HLB 6774.JPG","555.0"
"CREC_HLB 6775.JPG","555.0"
"CREC_HLB 6776.JPG","555.0"
"CREC_HLB 6777.JPG","555.0"
"CREC_HLB 6778.JPG","556.0"
"CREC_HLB 6779.JPG","556.0"
"CREC_HLB 6780.JPG","556.0"
"CREC_HLB 6781.JPG","556.0"
"CREC_HLB 6782.JPG","557.0"
"CREC_HLB 6783.JPG","557.0"
"CREC_HLB 6784.JPG","557.0"
"CREC_HLB 6785.JPG","557.0"
"CREC_HLB 6786.JPG","558.0"
"CREC_HLB 6787.JPG","558.0"
"CREC_HLB 6788.JPG","558.0"
"CREC_HLB 6789.JPG","558.0"
"CREC_HLB 6790.JPG","559.0"
"CREC_HLB 6791.JPG","559.0"
"CREC_HLB 6792.JPG","559.0"
"CREC_HLB 6793.JPG","559.0"
"CREC_HLB 6794.JPG","560.0"
"CREC_HLB 6795.JPG","560.0"
"CREC_HLB 6796.JPG","560.0"
"CREC_HLB 6797.JPG","560.0"
"CREC_HLB 6798.JPG","561.0"
"CREC_HLB 6799.JPG","561.0"
"CREC_HLB 6800.JPG","561.0"
"CREC_HLB 6801.JPG","561.0"
"CREC_HLB 6802.JPG","562.0"
"CREC_HLB 6803.JPG","562.0"
"CREC_HLB 6804.JPG","562.0"
"CREC_HLB 6805.JPG","562.0"
"CREC_HLB 6806.JPG","563.0"
"CREC_HLB 6807.JPG","563.0"
"CREC_HLB 6808.JPG","563.0"
"CREC_HLB 6809.JPG","563.0"
"CREC_HLB 6810.JPG","564.0"
"CREC_HLB 6811.JPG","564.0"
"CREC_HLB 6812.JPG","564.0"
"CREC_HLB 6813.JPG","564.0"
"CREC_HLB 6814.JPG","565.0"
"CREC_HLB 6815.JPG","565.0"
"CREC_HLB 6816.JPG","565.0"
"CREC_HLB 6817.JPG","565.0"
"CREC_HLB 6818.JPG","566.0"
"CREC_HLB 6819.JPG","566.0"
"CREC_HLB 6820.JPG","566.0"
"CREC_HLB 6821.JPG","566.0"
"CREC_HLB 6822.JPG","567.0"
"CREC_HLB 6823.JPG","567.0"
"CREC_HLB 6824.JPG","567.0"
"CREC_HLB 6825.JPG","567.0"
"CREC_HLB 6826.JPG","568.0"
"CREC_HLB 6827.JPG","568.0"
"CREC_HLB 6828.JPG","568.0"
"CREC_HLB 6829.JPG","568.0"
"CREC_HLB 6830.JPG","569.0"
"CREC_HLB 6831.JPG","569.0"
"CREC_HLB 6832.JPG","569.0"
"CREC_HLB 6833.JPG","569.0"
"CREC_HLB 6834.JPG","570.0"
"CREC_HLB 6835.JPG","570.0"
"CREC_HLB 6836.JPG","570.0"
"CREC_HLB 6837.JPG","570.0"
"CREC_HLB 6838.JPG","571.0"
"CREC_HLB 6839.JPG","571.0"
"CREC_HLB 6840.JPG","571.0"
"CREC_HLB 6841.JPG","571.0"
"CREC_HLB 6842.JPG","572.0"
"CREC_HLB 6843.JPG","572.0"
"CREC_HLB 6844.JPG","572.0"
"CREC_HLB 6845.JPG","572.0"
"CREC_HLB 6846.JPG","573.0"
"CREC_HLB 6847.JPG","573.0"
"CREC_HLB 6848.JPG","573.0"
"CREC_HLB 6849.JPG","573.0"
"CREC_HLB 6850.JPG","574.0"
"CREC_HLB 6851.JPG","574.0"
"CREC_HLB 6852.JPG","574.0"
"CREC_HLB 6853.JPG","574.0"
"CREC_HLB 6854.JPG","575.0"
"CREC_HLB 6855.JPG","575.0"
"CREC_HLB 6856.JPG","575.0"
"CREC_HLB 6857.JPG","575.0"
"CREC_HLB 6858.JPG","576.0"
"CREC_HLB 6859.JPG","576.0"
"CREC_HLB 6860.JPG","576.0"
"CREC_HLB 6861.JPG","576.0"
"CREC_HLB 6862.JPG","577.0"
"CREC_HLB 6863.JPG","577.0"
"CREC_HLB 6864.JPG","577.0"
"CREC_HLB 6865.JPG","577.0"
"CREC_HLB 6867.JPG","578.0"
"CREC_HLB 6868.JPG","578.0"
"CREC_HLB 6869.JPG","578.0"
"CREC_HLB 6870.JPG","578.0"
"CREC_HLB 6871.JPG","579.0"
"CREC_HLB 6872.JPG","579.0"
"CREC_HLB 6873.JPG","579.0"
"CREC_HLB 6874.JPG","579.0"
"CREC_HLB 6875.JPG","580.0"
"CREC_HLB 6876.JPG","580.0"
"CREC_HLB 6877.JPG","580.0"
"CREC_HLB 6878.JPG","580.0"
"CREC_HLB 6879.JPG","581.0"
"CREC_HLB 6880.JPG","581.0"
"CREC_HLB 6881.JPG","581.0"
"CREC_HLB 6882.JPG","581.0"
"CREC_HLB 6883.JPG","582.0"
"CREC_HLB 6884.JPG","582.0"
"CREC_HLB 6885.JPG","582.0"
"CREC_HLB 6886.JPG","582.0"
"CREC_HLB 6887.JPG","583.0"
"CREC_HLB 6888.JPG","583.0"
"CREC_HLB 6889.JPG","583.0"
"CREC_HLB 6890.JPG","583.0"
"CREC_HLB 6891.JPG","584.0"
"CREC_HLB 6892.JPG","584.0"
"CREC_HLB 6893.JPG","584.0"
"CREC_HLB 6894.JPG","584.0"
"CREC_HLB 6895.JPG","585.0"
"CREC_HLB 6896.JPG","585.0"
"CREC_HLB 6897.JPG","585.0"
"CREC_HLB 6898.JPG","585.0"
"CREC_HLB 6899.JPG","586.0"
"CREC_HLB 6900.JPG","586.0"
"CREC_HLB 6901.JPG","586.0"
"CREC_HLB 6902.JPG","586.0"
"CREC_HLB 6903.JPG","587.0"
"CREC_HLB 6904.JPG","587.0"
"CREC_HLB 6905.JPG","587.0"
"CREC_HLB 6906.JPG","587.0"
"CREC_HLB 6907.JPG","588.0"
"CREC_HLB 6908.JPG","588.0"
"CREC_HLB 6909.JPG","588.0"
"CREC_HLB 6910.JPG","588.0"
"CREC_HLB 6911.JPG","589.0"
"CREC_HLB 6912.JPG","589.0"
"CREC_HLB 6913.JPG","589.0"
"CREC_HLB 6914.JPG","589.0"
"CREC_HLB 6915.JPG","590.0"
"CREC_HLB 6916.JPG","590.0"
"CREC_HLB 6917.JPG","590.0"
"CREC_HLB 6918.JPG","590.0"
"CREC_HLB 6919.JPG","591.0"
"CREC_HLB 6920.JPG","591.0"
"CREC_HLB 6921.JPG","591.0"
"CREC_HLB 6922.JPG","591.0"
"CREC_HLB 6923.JPG","592.0"
"CREC_HLB 6924.JPG","592.0"
"CREC_HLB 6925.JPG","592.0"
"CREC_HLB 6926.JPG","592.0"
"CREC_HLB 6927.JPG","593.0"
"CREC_HLB 6928.JPG","593.0"
"CREC_HLB 6929.JPG","593.0"
"CREC_HLB 6930.JPG","593.0"
"CREC_HLB 6931.JPG","594.0"
"CREC_HLB 6932.JPG","594.0"
"CREC_HLB 6933.JPG","594.0"
"CREC_HLB 6934.JPG","594.0"
"CREC_HLB 6935.JPG","595.0"
"CREC_HLB 6936.JPG","595.0"
"CREC_HLB 6937.JPG","595.0"
"CREC_HLB 6938.JPG","595.0"
"CREC_HLB 6939.JPG","596.0"
"CREC_HLB 6940.JPG","596.0"
"CREC_HLB 6941.JPG","596.0"
"CREC_HLB 6942.JPG","596.0"
"CREC_HLB 6943.JPG","597.0"
"CREC_HLB 6944.JPG","597.0"
"CREC_HLB 6945.JPG","597.0"
"CREC_HLB 6946.JPG","597.0"
"CREC_HLB 6947.JPG","598.0"
"CREC_HLB 6948.JPG","598.0"
"CREC_HLB 6949.JPG","598.0"
"CREC_HLB 6950.JPG","598.0"
"CREC_HLB 6951.JPG","599.0"
"CREC_HLB 6952.JPG","599.0"
"CREC_HLB 6953.JPG","599.0"
"CREC_HLB 6954.JPG","599.0"
"CREC_HLB 6955.JPG","600.0"
"CREC_HLB 6956.JPG","600.0"
"CREC_HLB 6957.JPG","600.0"
"CREC_HLB 6958.JPG","600.0"
"CREC_HLB 6959.JPG","601.0"
"CREC_HLB 6960.JPG","601.0"
"CREC_HLB 6961.JPG","601.0"
"CREC_HLB 6962.JPG","601.0"
"CREC_HLB 6963.JPG","602.0"
"CREC_HLB 6964.JPG","602.0"
"CREC_HLB 6965.JPG","602.0"
"CREC_HLB 6966.JPG","602.0"
"CREC_HLB 6967.JPG","603.0"
"CREC_HLB 6968.JPG","603.0"
"CREC_HLB 6969.JPG","603.0"
"CREC_HLB 6970.JPG","603.0"
"CREC_HLB 6971.JPG","604.0"
"CREC_HLB 6972.JPG","604.0"
"CREC_HLB 6973.JPG","604.0"
"CREC_HLB 6974.JPG","604.0"
"CREC_HLB 6975.JPG","605.0"
"CREC_HLB 6976.JPG","605.0"
"CREC_HLB 6977.JPG","605.0"
"CREC_HLB 6978.JPG","605.0"
"CREC_HLB 6979.JPG","606.0"
"CREC_HLB 6980.JPG","606.0"
"CREC_HLB 6981.JPG","606.0"
"CREC_HLB 6982.JPG","606.0"
"CREC_HLB 6983.JPG","607.0"
"CREC_HLB 6984.JPG","607.0"
"CREC_HLB 6985.JPG","607.0"
"CREC_HLB 6986.JPG","607.0"
"CREC_HLB 6987.JPG","608.0"
"CREC_HLB 6988.JPG","608.0"
"CREC_HLB 6989.JPG","608.0"
"CREC_HLB 6990.JPG","608.0"
"CREC_HLB 6991.JPG","609.0"
"CREC_HLB 6992.JPG","609.0"
"CREC_HLB 6993.JPG","609.0"
"CREC_HLB 6994.JPG","609.0"
"CREC_HLB 6995.JPG","610.0"
"CREC_HLB 6996.JPG","610.0"
"CREC_HLB 6997.JPG","610.0"
"CREC_HLB 6998.JPG","610.0"
"CREC_HLB 6999.JPG","611.0"
"CREC_HLB 7000.JPG","611.0"
"CREC_HLB 7001.JPG","611.0"
"CREC_HLB 7002.JPG","611.0"
"CREC_HLB 7003.JPG","612.0"
"CREC_HLB 7004.JPG","612.0"
"CREC_HLB 7005.JPG","612.0"
"CREC_HLB 7006.JPG","612.0"
"CREC_HLB 7007.JPG","613.0"
"CREC_HLB 7008.JPG","613.0"
"CREC_HLB 7009.JPG","613.0"
"CREC_HLB 7010.JPG","613.0"
"CREC_HLB 7011.JPG","614.0"
"CREC_HLB 7012.JPG","614.0"
"CREC_HLB 7013.JPG","614.0"
"CREC_HLB 7014.JPG","614.0"
"CREC_HLB 7015.JPG","615.0"
"CREC_HLB 7016.JPG","615.0"
"CREC_HLB 7017.JPG","615.0"
"CREC_HLB 7018.JPG","615.0"
"CREC_HLB 7019.JPG","616.0"
"CREC_HLB 7020.JPG","616.0"
"CREC_HLB 7021.JPG","616.0"
"CREC_HLB 7022.JPG","616.0"
"CREC_HLB 7023.JPG","617.0"
"CREC_HLB 7024.JPG","617.0"
"CREC_HLB 7025.JPG","617.0"
"CREC_HLB 7026.JPG","617.0"
"CREC_HLB 7027.JPG","618.0"
"CREC_HLB 7028.JPG","618.0"
"CREC_HLB 7029.JPG","618.0"
"CREC_HLB 7030.JPG","618.0"
"CREC_HLB 7031.JPG","619.0"
"CREC_HLB 7032.JPG","619.0"
"CREC_HLB 7033.JPG","619.0"
"CREC_HLB 7034.JPG","619.0"
"CREC_HLB 7035.JPG","620.0"
"CREC_HLB 7036.JPG","620.0"
"CREC_HLB 7037.JPG","620.0"
"CREC_HLB 7038.JPG","620.0"
"CREC_HLB 7039.JPG","621.0"
"CREC_HLB 7040.JPG","621.0"
"CREC_HLB 7041.JPG","621.0"
"CREC_HLB 7042.JPG","621.0"
"CREC_HLB 7043.JPG","622.0"
"CREC_HLB 7044.JPG","622.0"
"CREC_HLB 7045.JPG","622.0"
"CREC_HLB 7046.JPG","622.0"
"CREC_HLB 7047.JPG","623.0"
"CREC_HLB 7048.JPG","623.0"
"CREC_HLB 7049.JPG","623.0"
"CREC_HLB 7050.JPG","623.0"
"CREC_HLB 7051.JPG","624.0"
"CREC_HLB 7052.JPG","624.0"
"CREC_HLB 7053.JPG","624.0"
"CREC_HLB 7054.JPG","624.0"
"CREC_HLB 7055.JPG","625.0"
"CREC_HLB 7056.JPG","625.0"
"CREC_HLB 7057.JPG","625.0"
"CREC_HLB 7058.JPG","625.0"
"CREC_HLB 7059.JPG","626.0"
"CREC_HLB 7060.JPG","626.0"
"CREC_HLB 7061.JPG","626.0"
"CREC_HLB 7062.JPG","626.0"
"CREC_HLB 7063.JPG","627.0"
"CREC_HLB 7064.JPG","627.0"
"CREC_HLB 7065.JPG","627.0"
"CREC_HLB 7066.JPG","627.0"
"CREC_HLB 7067.JPG","628.0"
"CREC_HLB 7068.JPG","628.0"
"CREC_HLB 7069.JPG","628.0"
"CREC_HLB 7070.JPG","628.0"
"CREC_HLB 7071.JPG","629.0"
"CREC_HLB 7072.JPG","629.0"
"CREC_HLB 7073.JPG","629.0"
"CREC_HLB 7074.JPG","629.0"
"CREC_HLB 7075.JPG","630.0"
"CREC_HLB 7076.JPG","630.0"
"CREC_HLB 7077.JPG","630.0"
"CREC_HLB 7078.JPG","630.0"
"CREC_HLB 7079.JPG","631.0"
"CREC_HLB 7080.JPG","631.0"
"CREC_HLB 7081.JPG","631.0"
"CREC_HLB 7082.JPG","631.0"
"CREC_HLB 7083.JPG","632.0"
"CREC_HLB 7084.JPG","632.0"
"CREC_HLB 7085.JPG","632.0"
"CREC_HLB 7086.JPG","632.0"
"CREC_HLB 7087.JPG","633.0"
"CREC_HLB 7088.JPG","633.0"
"CREC_HLB 7089.JPG","633.0"
"CREC_HLB 7090.JPG","633.0"
"CREC_HLB 7091.JPG","634.0"
"CREC_HLB 7092.JPG","634.0"
"CREC_HLB 7093.JPG","634.0"
"CREC_HLB 7094.JPG","634.0"
"CREC_HLB 7095.JPG","635.0"
"CREC_HLB 7096.JPG","635.0"
"CREC_HLB 7097.JPG","635.0"
"CREC_HLB 7098.JPG","635.0"
"CREC_HLB 7099.JPG","636.0"
"CREC_HLB 7100.JPG","636.0"
"CREC_HLB 7101.JPG","636.0"
"CREC_HLB 7102.JPG","636.0"
"CREC_HLB 7103.JPG","637.0"
"CREC_HLB 7104.JPG","637.0"
"CREC_HLB 7105.JPG","637.0"
"CREC_HLB 7106.JPG","637.0"
"CREC_HLB 7107.JPG","638.0"
"CREC_HLB 7108.JPG","638.0"
"CREC_HLB 7109.JPG","638.0"
"CREC_HLB 7110.JPG","638.0"
"CREC_HLB 7111.JPG","639.0"
"CREC_HLB 7112.JPG","639.0"
"CREC_HLB 7113.JPG","639.0"
"CREC_HLB 7114.JPG","639.0"
"CREC_HLB 7115.JPG","640.0"
"CREC_HLB 7116.JPG","640.0"
"CREC_HLB 7117.JPG","640.0"
"CREC_HLB 7118.JPG","640.0"
"CREC_HLB 7119.JPG","641.0"
"CREC_HLB 7120.JPG","641.0"
"CREC_HLB 7121.JPG","641.0"
"CREC_HLB 7122.JPG","641.0"
"CREC_HLB 7123.JPG","642.0"
"CREC_HLB 7124.JPG","642.0"
"CREC_HLB 7125.JPG","642.0"
"CREC_HLB 7126.JPG","642.0"
"CREC_HLB 7127.JPG","643.0"
"CREC_HLB 7128.JPG","643.0"
"CREC_HLB 7129.JPG","643.0"
"CREC_HLB 7130.JPG","643.0"
"CREC_HLB 7131.JPG","644.0"
"CREC_HLB 7132.JPG","644.0"
"CREC_HLB 7133.JPG","644.0"
"CREC_HLB 7134.JPG","644.0"
"CREC_HLB 7135.JPG","645.0"
"CREC_HLB 7136.JPG","645.0"
"CREC_HLB 7137.JPG","645.0"
"CREC_HLB 7138.JPG","645.0"
"CREC_HLB 7139.JPG","646.0"
"CREC_HLB 7140.JPG","646.0"
"CREC_HLB 7141.JPG","646.0"
"CREC_HLB 7142.JPG","646.0"
"CREC_HLB 7143.JPG","647.0"
"CREC_HLB 7144.JPG","647.0"
"CREC_HLB 7145.JPG","647.0"
"CREC_HLB 7146.JPG","647.0"
"CREC_HLB 7147.JPG","648.0"
"CREC_HLB 7148.JPG","648.0"
"CREC_HLB 7149.JPG","648.0"
"CREC_HLB 7150.JPG","648.0"
"CREC_HLB 7151.JPG","649.0"
"CREC_HLB 7152.JPG","649.0"
"CREC_HLB 7153.JPG","649.0"
"CREC_HLB 7154.JPG","649.0"
"CREC_HLB 7155.JPG","650.0"
"CREC_HLB 7156.JPG","650.0"
"CREC_HLB 7157.JPG","650.0"
"CREC_HLB 7158.JPG","650.0"
"CREC_HLB 7159.JPG","651.0"
"CREC_HLB 7160.JPG","651.0"
"CREC_HLB 7161.JPG","651.0"
"CREC_HLB 7162.JPG","651.0"
"CREC_HLB 7163.JPG","652.0"
"CREC_HLB 7164.JPG","652.0"
"CREC_HLB 7165.JPG","652.0"
"CREC_HLB 7166.JPG","652.0"
"CREC_HLB 7167.JPG","653.0"
"CREC_HLB 7168.JPG","653.0"
"CREC_HLB 7169.JPG","653.0"
"CREC_HLB 7170.JPG","653.0"
"CREC_HLB 7171.JPG","654.0"
"CREC_HLB 7172.JPG","654.0"
"CREC_HLB 7173.JPG","654.0"
"CREC_HLB 7174.JPG","654.0"
"CREC_HLB 7175.JPG","655.0"
"CREC_HLB 7176.JPG","655.0"
"CREC_HLB 7177.JPG","655.0"
"CREC_HLB 7178.JPG","655.0"
"CREC_HLB 7179.JPG","656.0"
"CREC_HLB 7180.JPG","656.0"
"CREC_HLB 7181.JPG","656.0"
"CREC_HLB 7182.JPG","656.0"
"CREC_HLB 7183.JPG","657.0"
"CREC_HLB 7184.JPG","657.0"
"CREC_HLB 7185.JPG","657.0"
"CREC_HLB 7186.JPG","657.0"
"CREC_HLB 7187.JPG","658.0"
"CREC_HLB 7188.JPG","658.0"
"CREC_HLB 7189.JPG","658.0"
"CREC_HLB 7190.JPG","658.0"
"CREC_HLB 7193.JPG","659.0"
"CREC_HLB 7194.JPG","659.0"
"CREC_HLB 7195.JPG","659.0"
"CREC_HLB 7196.JPG","659.0"
"CREC_HLB 7197.JPG","660.0"
"CREC_HLB 7198.JPG","660.0"
"CREC_HLB 7199.JPG","660.0"
"CREC_HLB 7200.JPG","660.0"
"CREC_HLB 7201.JPG","661.0"
"CREC_HLB 7202.JPG","661.0"
"CREC_HLB 7203.JPG","661.0"
"CREC_HLB 7204.JPG","661.0"
"CREC_HLB 7205.JPG","662.0"
"CREC_HLB 7206.JPG","662.0"
"CREC_HLB 7207.JPG","662.0"
"CREC_HLB 7208.JPG","662.0"
"CREC_HLB 7209.JPG","663.0"
"CREC_HLB 7210.JPG","663.0"
"CREC_HLB 7211.JPG","663.0"
"CREC_HLB 7212.JPG","663.0"
"CREC_HLB 7213.JPG","664.0"
"CREC_HLB 7214.JPG","664.0"
"CREC_HLB 7215.JPG","664.0"
"CREC_HLB 7216.JPG","664.0"
"CREC_HLB 7217.JPG","665.0"
"CREC_HLB 7218.JPG","665.0"
"CREC_HLB 7219.JPG","665.0"
"CREC_HLB 7220.JPG","665.0"
"CREC_HLB 7221.JPG","666.0"
"CREC_HLB 7222.JPG","666.0"
"CREC_HLB 7223.JPG","666.0"
"CREC_HLB 7224.JPG","666.0"
"CREC_HLB 7225.JPG","667.0"
"CREC_HLB 7226.JPG","667.0"
"CREC_HLB 7227.JPG","667.0"
"CREC_HLB 7228.JPG","667.0"
"CREC_HLB 7229.JPG","668.0"
"CREC_HLB 7230.JPG","668.0"
"CREC_HLB 7231.JPG","668.0"
"CREC_HLB 7232.JPG","668.0"
"CREC_HLB 7233.JPG","669.0"
"CREC_HLB 7234.JPG","669.0"
"CREC_HLB 7235.JPG","669.0"
"CREC_HLB 7236.JPG","669.0"
"CREC_HLB 7237.JPG","670.0"
"CREC_HLB 7238.JPG","670.0"
"CREC_HLB 7239.JPG","670.0"
"CREC_HLB 7240.JPG","670.0"
"CREC_HLB 7241.JPG","671.0"
"CREC_HLB 7242.JPG","671.0"
"CREC_HLB 7243.JPG","671.0"
"CREC_HLB 7244.JPG","671.0"
"CREC_HLB 7245.JPG","672.0"
"CREC_HLB 7246.JPG","672.0"
"CREC_HLB 7247.JPG","672.0"
"CREC_HLB 7248.JPG","672.0"
"CREC_HLB 7249.JPG","673.0"
"CREC_HLB 7250.JPG","673.0"
"CREC_HLB 7251.JPG","673.0"
"CREC_HLB 7252.JPG","673.0"
"CREC_HLB 7253.JPG","674.0"
"CREC_HLB 7254.JPG","674.0"
"CREC_HLB 7255.JPG","674.0"
"CREC_HLB 7256.JPG","674.0"
"CREC_HLB 7257.JPG","675.0"
"CREC_HLB 7258.JPG","675.0"
"CREC_HLB 7259.JPG","675.0"
"CREC_HLB 7260.JPG","675.0"
"CREC_HLB 7261.JPG","676.0"
"CREC_HLB 7262.JPG","676.0"
"CREC_HLB 7263.JPG","676.0"
"CREC_HLB 7264.JPG","676.0"
"CREC_HLB 7265.JPG","677.0"
"CREC_HLB 7266.JPG","677.0"
"CREC_HLB 7267.JPG","677.0"
"CREC_HLB 7268.JPG","677.0"
"CREC_HLB 7269.JPG","678.0"
"CREC_HLB 7270.JPG","678.0"
"CREC_HLB 7271.JPG","678.0"
"CREC_HLB 7272.JPG","678.0"
"CREC_HLB 7273.JPG","679.0"
"CREC_HLB 7274.JPG","679.0"
"CREC_HLB 7275.JPG","679.0"
"CREC_HLB 7276.JPG","679.0"
"CREC_HLB 7277.JPG","680.0"
"CREC_HLB 7278.JPG","680.0"
"CREC_HLB 7279.JPG","680.0"
"CREC_HLB 7280.JPG","680.0"
"CREC_HLB 7281.JPG","681.0"
"CREC_HLB 7282.JPG","681.0"
"CREC_HLB 7283.JPG","681.0"
"CREC_HLB 7284.JPG","681.0"
"CREC_HLB 7285.JPG","682.0"
"CREC_HLB 7286.JPG","682.0"
"CREC_HLB 7287.JPG","682.0"
"CREC_HLB 7288.JPG","682.0"
"CREC_HLB 7289.JPG","683.0"
"CREC_HLB 7290.JPG","683.0"
"CREC_HLB 7291.JPG","683.0"
"CREC_HLB 7292.JPG","683.0"
"CREC_HLB 7293.JPG","684.0"
"CREC_HLB 7294.JPG","684.0"
"CREC_HLB 7295.JPG","684.0"
"CREC_HLB 7296.JPG","684.0"
"CREC_HLB 7297.JPG","685.0"
"CREC_HLB 7298.JPG","685.0"
"CREC_HLB 7299.JPG","685.0"
"CREC_HLB 7300.JPG","685.0"
"CREC_HLB 7301.JPG","686.0"
"CREC_HLB 7302.JPG","686.0"
"CREC_HLB 7303.JPG","686.0"
"CREC_HLB 7304.JPG","686.0"
"CREC_HLB 7305.JPG","687.0"
"CREC_HLB 7306.JPG","687.0"
"CREC_HLB 7307.JPG","687.0"
"CREC_HLB 7308.JPG","687.0"
"CREC_HLB 7309.JPG","688.0"
"CREC_HLB 7310.JPG","688.0"
"CREC_HLB 7311.JPG","688.0"
"CREC_HLB 7312.JPG","688.0"
"CREC_HLB 7313.JPG","689.0"
"CREC_HLB 7314.JPG","689.0"
"CREC_HLB 7315.JPG","689.0"
"CREC_HLB 7316.JPG","689.0"
"CREC_HLB 7317.JPG","690.0"
"CREC_HLB 7318.JPG","690.0"
"CREC_HLB 7319.JPG","690.0"
"CREC_HLB 7320.JPG","690.0"
"CREC_HLB 7321.JPG","691.0"
"CREC_HLB 7322.JPG","691.0"
"CREC_HLB 7323.JPG","691.0"
"CREC_HLB 7324.JPG","691.0"
"CREC_HLB 7325.JPG","692.0"
"CREC_HLB 7326.JPG","692.0"
"CREC_HLB 7327.JPG","692.0"
"CREC_HLB 7328.JPG","692.0"
"CREC_HLB 7329.JPG","693.0"
"CREC_HLB 7330.JPG","693.0"
"CREC_HLB 7331.JPG","693.0"
"CREC_HLB 7332.JPG","693.0"
"CREC_HLB 7333.JPG","694.0"
"CREC_HLB 7334.JPG","694.0"
"CREC_HLB 7335.JPG","694.0"
"CREC_HLB 7336.JPG","694.0"
"CREC_HLB 7337.JPG","695.0"
"CREC_HLB 7338.JPG","695.0"
"CREC_HLB 7339.JPG","695.0"
"CREC_HLB 7340.JPG","695.0"
"CREC_HLB 7341.JPG","696.0"
"CREC_HLB 7342.JPG","696.0"
"CREC_HLB 7343.JPG","696.0"
"CREC_HLB 7344.JPG","696.0"
"CREC_HLB 7345.JPG","697.0"
"CREC_HLB 7346.JPG","697.0"
"CREC_HLB 7347.JPG","697.0"
"CREC_HLB 7348.JPG","697.0"
"CREC_HLB 7349.JPG","698.0"
"CREC_HLB 7350.JPG","698.0"
"CREC_HLB 7351.JPG","698.0"
"CREC_HLB 7352.JPG","698.0"
"CREC_HLB 7353.JPG","699.0"
"CREC_HLB 7354.JPG","699.0"
"CREC_HLB 7355.JPG","699.0"
"CREC_HLB 7356.JPG","699.0"
"CREC_HLB 7357.JPG","700.0"
"CREC_HLB 7358.JPG","700.0"
"CREC_HLB 7359.JPG","700.0"
"CREC_HLB 7360.JPG","700.0"
"CREC_HLB 7361.JPG","701.0"
"CREC_HLB 7362.JPG","701.0"
"CREC_HLB 7363.JPG","701.0"
"CREC_HLB 7364.JPG","701.0"
"CREC_HLB 7365.JPG","702.0"
"CREC_HLB 7366.JPG","702.0"
"CREC_HLB 7367.JPG","702.0"
"CREC_HLB 7368.JPG","702.0"
"CREC_HLB 7369.JPG","703.0"
"CREC_HLB 7370.JPG","703.0"
"CREC_HLB 7371.JPG","703.0"
"CREC_HLB 7372.JPG","703.0"
"CREC_HLB 7373.JPG","704.0"
"CREC_HLB 7374.JPG","704.0"
"CREC_HLB 7375.JPG","704.0"
"CREC_HLB 7376.JPG","704.0"
"CREC_HLB 7377.JPG","705.0"
"CREC_HLB 7378.JPG","705.0"
"CREC_HLB 7379.JPG","705.0"
"CREC_HLB 7380.JPG","705.0"
"CREC_HLB 7381.JPG","706.0"
"CREC_HLB 7382.JPG","706.0"
"CREC_HLB 7383.JPG","706.0"
"CREC_HLB 7384.JPG","706.0"
"CREC_HLB 7385.JPG","707.0"
"CREC_HLB 7386.JPG","707.0"
"CREC_HLB 7387.JPG","707.0"
"CREC_HLB 7388.JPG","707.0"
"CREC_HLB 7389.JPG","708.0"
"CREC_HLB 7390.JPG","708.0"
"CREC_HLB 7391.JPG","708.0"
"CREC_HLB 7392.JPG","708.0"
"CREC_HLB 7393.JPG","709.0"
"CREC_HLB 7394.JPG","709.0"
"CREC_HLB 7395.JPG","709.0"
"CREC_HLB 7396.JPG","709.0"
"CREC_HLB 7397.JPG","710.0"
"CREC_HLB 7398.JPG","710.0"
"CREC_HLB 7399.JPG","710.0"
"CREC_HLB 7400.JPG","710.0"
"CREC_HLB 7401.JPG","711.0"
"CREC_HLB 7402.JPG","711.0"
"CREC_HLB 7403.JPG","711.0"
"CREC_HLB 7404.JPG","711.0"
"CREC_HLB 7405.JPG","712.0"
"CREC_HLB 7406.JPG","712.0"
"CREC_HLB 7407.JPG","712.0"
"CREC_HLB 7408.JPG","712.0"
"CREC_HLB 7409.JPG","713.0"
"CREC_HLB 7410.JPG","713.0"
"CREC_HLB 7411.JPG","713.0"
"CREC_HLB 7412.JPG","713.0"
"CREC_HLB 7413.JPG","714.0"
"CREC_HLB 7414.JPG","714.0"
"CREC_HLB 7415.JPG","714.0"
"CREC_HLB 7416.JPG","714.0"
"CREC_HLB 7417.JPG","715.0"
"CREC_HLB 7418.JPG","715.0"
"CREC_HLB 7419.JPG","715.0"
"CREC_HLB 7420.JPG","715.0"
"CREC_HLB 7421.JPG","716.0"
"CREC_HLB 7422.JPG","716.0"
"CREC_HLB 7423.JPG","716.0"
"CREC_HLB 7424.JPG","716.0"
"CREC_HLB 7425.JPG","717.0"
"CREC_HLB 7426.JPG","717.0"
"CREC_HLB 7427.JPG","717.0"
"CREC_HLB 7428.JPG","717.0"
"CREC_HLB 7429.JPG","718.0"
"CREC_HLB 7430.JPG","718.0"
"CREC_HLB 7431.JPG","718.0"
"CREC_HLB 7432.JPG","718.0"
"CREC_HLB 7433.JPG","719.0"
"CREC_HLB 7434.JPG","719.0"
"CREC_HLB 7435.JPG","719.0"
"CREC_HLB 7436.JPG","719.0"
"CREC_HLB 7437.JPG","720.0"
"CREC_HLB 7438.JPG","720.0"
"CREC_HLB 7439.JPG","720.0"
"CREC_HLB 7440.JPG","720.0"
"CREC_HLB 7441.JPG","721.0"
"CREC_HLB 7442.JPG","721.0"
"CREC_HLB 7443.JPG","721.0"
"CREC_HLB 7444.JPG","721.0"
"CREC_HLB 7445.JPG","722.0"
"CREC_HLB 7446.JPG","722.0"
"CREC_HLB 7447.JPG","722.0"
"CREC_HLB 7448.JPG","722.0"
"CREC_HLB 7449.JPG","723.0"
"CREC_HLB 7450.JPG","723.0"
"CREC_HLB 7451.JPG","723.0"
"CREC_HLB 7452.JPG","723.0"
"CREC_HLB 7453.JPG","724.0"
"CREC_HLB 7454.JPG","724.0"
"CREC_HLB 7455.JPG","724.0"
"CREC_HLB 7456.JPG","724.0"
"CREC_HLB 7457.JPG","725.0"
"CREC_HLB 7458.JPG","725.0"
"CREC_HLB 7459.JPG","725.0"
"CREC_HLB 7460.JPG","725.0"
"CREC_HLB 7461.JPG","726.0"
"CREC_HLB 7462.JPG","726.0"
"CREC_HLB 7463.JPG","726.0"
"CREC_HLB 7464.JPG","726.0"
"CREC_HLB 7465.JPG","727.0"
"CREC_HLB 7466.JPG","727.0"
"CREC_HLB 7467.JPG","727.0"
"CREC_HLB 7468.JPG","727.0"
"CREC_HLB 7469.JPG","728.0"
"CREC_HLB 7470.JPG","728.0"
"CREC_HLB 7471.JPG","728.0"
"CREC_HLB 7472.JPG","728.0"
"CREC_HLB 7473.JPG","729.0"
"CREC_HLB 7474.JPG","729.0"
"CREC_HLB 7475.JPG","729.0"
"CREC_HLB 7476.JPG","729.0"
"CREC_HLB 7477.JPG","730.0"
"CREC_HLB 7478.JPG","730.0"
"CREC_HLB 7479.JPG","730.0"
"CREC_HLB 7480.JPG","730.0"
"CREC_HLB 7481.JPG","731.0"
"CREC_HLB 7482.JPG","731.0"
"CREC_HLB 7483.JPG","731.0"
"CREC_HLB 7484.JPG","731.0"
"CREC_HLB 7485.JPG","732.0"
"CREC_HLB 7486.JPG","732.0"
"CREC_HLB 7487.JPG","732.0"
"CREC_HLB 7488.JPG","732.0"
"CREC_HLB 7489.JPG","733.0"
"CREC_HLB 7490.JPG","733.0"
"CREC_HLB 7491.JPG","733.0"
"CREC_HLB 7492.JPG","733.0"
"CREC_HLB 7493.JPG","734.0"
"CREC_HLB 7494.JPG","734.0"
"CREC_HLB 7495.JPG","734.0"
"CREC_HLB 7496.JPG","734.0"
"CREC_HLB 7497.JPG","735.0"
"CREC_HLB 7498.JPG","735.0"
"CREC_HLB 7499.JPG","735.0"
"CREC_HLB 7500.JPG","735.0"
"CREC_HLB 7501.JPG","736.0"
"CREC_HLB 7502.JPG","736.0"
"CREC_HLB 7503.JPG","736.0"
"CREC_HLB 7504.JPG","736.0"
"CREC_HLB 7505.JPG","737.0"
"CREC_HLB 7506.JPG","737.0"
"CREC_HLB 7507.JPG","737.0"
"CREC_HLB 7508.JPG","737.0"
"CREC_HLB 7509.JPG","738.0"
"CREC_HLB 7510.JPG","738.0"
"CREC_HLB 7511.JPG","738.0"
"CREC_HLB 7512.JPG","738.0"
"CREC_HLB 7513.JPG","739.0"
"CREC_HLB 7514.JPG","739.0"
"CREC_HLB 7515.JPG","739.0"
"CREC_HLB 7516.JPG","739.0"
"CREC_HLB 7517.JPG","740.0"
"CREC_HLB 7518.JPG","740.0"
"CREC_HLB 7519.JPG","740.0"
"CREC_HLB 7520.JPG","740.0"
"CREC_HLB 7521.JPG","741.0"
"CREC_HLB 7522.JPG","741.0"
"CREC_HLB 7523.JPG","741.0"
"CREC_HLB 7524.JPG","741.0"
"CREC_HLB 7525.JPG","742.0"
"CREC_HLB 7526.JPG","742.0"
"CREC_HLB 7527.JPG","742.0"
"CREC_HLB 7528.JPG","742.0"
"CREC_HLB 7532.JPG","743.0"
"CREC_HLB 7533.JPG","743.0"
"CREC_HLB 7534.JPG","743.0"
"CREC_HLB 7535.JPG","743.0"
"CREC_HLB 7536.JPG","744.0"
"CREC_HLB 7537.JPG","744.0"
"CREC_HLB 7538.JPG","744.0"
"CREC_HLB 7539.JPG","744.0"
"CREC_HLB 7540.JPG","745.0"
"CREC_HLB 7541.JPG","745.0"
"CREC_HLB 7542.JPG","745.0"
"CREC_HLB 7543.JPG","745.0"
"CREC_HLB 7544.JPG","746.0"
"CREC_HLB 7545.JPG","746.0"
"CREC_HLB 7546.JPG","746.0"
"CREC_HLB 7547.JPG","746.0"
"CREC_HLB 7548.JPG","747.0"
"CREC_HLB 7549.JPG","747.0"
"CREC_HLB 7550.JPG","747.0"
"CREC_HLB 7551.JPG","747.0"
"CREC_HLB 7552.JPG","748.0"
"CREC_HLB 7553.JPG","748.0"
"CREC_HLB 7554.JPG","748.0"
"CREC_HLB 7555.JPG","748.0"
"CREC_HLB 7556.JPG","749.0"
"CREC_HLB 7557.JPG","749.0"
"CREC_HLB 7558.JPG","749.0"
"CREC_HLB 7559.JPG","749.0"
"CREC_HLB 7560.JPG","750.0"
"CREC_HLB 7561.JPG","750.0"
"CREC_HLB 7562.JPG","750.0"
"CREC_HLB 7563.JPG","750.0"
"CREC_HLB 7564.JPG","751.0"
"CREC_HLB 7565.JPG","751.0"
"CREC_HLB 7566.JPG","751.0"
"CREC_HLB 7567.JPG","751.0"
"CREC_HLB 7568.JPG","752.0"
"CREC_HLB 7569.JPG","752.0"
"CREC_HLB 7570.JPG","752.0"
"CREC_HLB 7571.JPG","752.0"
"CREC_HLB 7572.JPG","753.0"
"CREC_HLB 7573.JPG","753.0"
"CREC_HLB 7574.JPG","753.0"
"CREC_HLB 7575.JPG","753.0"
"CREC_HLB 7576.JPG","754.0"
"CREC_HLB 7577.JPG","754.0"
"CREC_HLB 7578.JPG","754.0"
"CREC_HLB 7579.JPG","754.0"
"CREC_HLB 7580.JPG","755.0"
"CREC_HLB 7581.JPG","755.0"
"CREC_HLB 7582.JPG","755.0"
"CREC_HLB 7583.JPG","755.0"
"CREC_HLB 7586.JPG","756.0"
"CREC_HLB 7587.JPG","756.0"
"CREC_HLB 7588.JPG","756.0"
"CREC_HLB 7589.JPG","756.0"
"CREC_HLB 7590.JPG","757.0"
"CREC_HLB 7591.JPG","757.0"
"CREC_HLB 7592.JPG","757.0"
"CREC_HLB 7593.JPG","757.0"
"CREC_HLB 7594.JPG","758.0"
"CREC_HLB 7595.JPG","758.0"
"CREC_HLB 7596.JPG","758.0"
"CREC_HLB 7597.JPG","758.0"
"CREC_HLB 7598.JPG","759.0"
"CREC_HLB 7599.JPG","759.0"
"CREC_HLB 7600.JPG","759.0"
"CREC_HLB 7601.JPG","759.0"
"CREC_HLB 7602.JPG","760.0"
"CREC_HLB 7603.JPG","760.0"
"CREC_HLB 7604.JPG","760.0"
"CREC_HLB 7605.JPG","760.0"
"CREC_HLB 7606.JPG","761.0"
"CREC_HLB 7607.JPG","761.0"
"CREC_HLB 7608.JPG","761.0"
"CREC_HLB 7609.JPG","761.0"
"CREC_HLB 7610.JPG","762.0"
"CREC_HLB 7611.JPG","762.0"
"CREC_HLB 7612.JPG","762.0"
"CREC_HLB 7613.JPG","762.0"
"CREC_HLB 7614.JPG","763.0"
"CREC_HLB 7615.JPG","763.0"
"CREC_HLB 7616.JPG","763.0"
"CREC_HLB 7617.JPG","763.0"
"CREC_HLB 7618.JPG","764.0"
"CREC_HLB 7619.JPG","764.0"
"CREC_HLB 7620.JPG","764.0"
"CREC_HLB 7621.JPG","764.0"
"CREC_HLB 7622.JPG","765.0"
"CREC_HLB 7623.JPG","765.0"
"CREC_HLB 7624.JPG","765.0"
"CREC_HLB 7625.JPG","765.0"
"CREC_HLB 7626.JPG","766.0"
"CREC_HLB 7627.JPG","766.0"
"CREC_HLB 7628.JPG","766.0"
"CREC_HLB 7629.JPG","766.0"
"CREC_HLB 7630.JPG","767.0"
"CREC_HLB 7631.JPG","767.0"
"CREC_HLB 7632.JPG","767.0"
"CREC_HLB 7633.JPG","767.0"
"CREC_HLB 7634.JPG","768.0"
"CREC_HLB 7635.JPG","768.0"
"CREC_HLB 7636.JPG","768.0"
"CREC_HLB 7637.JPG","768.0"
"CREC_HLB 7638.JPG","769.0"
"CREC_HLB 7639.JPG","769.0"
"CREC_HLB 7640.JPG","769.0"
"CREC_HLB 7641.JPG","769.0"
"CREC_HLB 7642.JPG","770.0"
"CREC_HLB 7643.JPG","770.0"
"CREC_HLB 7644.JPG","770.0"
"CREC_HLB 7645.JPG","770.0"
"CREC_HLB 7646.JPG","771.0"
"CREC_HLB 7647.JPG","771.0"
"CREC_HLB 7648.JPG","771.0"
"CREC_HLB 7649.JPG","771.0"
"CREC_HLB 7650.JPG","772.0"
"CREC_HLB 7651.JPG","772.0"
"CREC_HLB 7652.JPG","772.0"
"CREC_HLB 7653.JPG","772.0"
"CREC_HLB 7654.JPG","773.0"
"CREC_HLB 7655.JPG","773.0"
"CREC_HLB 7656.JPG","773.0"
"CREC_HLB 7657.JPG","773.0"
"CREC_HLB 7658.JPG","774.0"
"CREC_HLB 7659.JPG","774.0"
"CREC_HLB 7660.JPG","774.0"
"CREC_HLB 7661.JPG","774.0"
"CREC_HLB 7662.JPG","775.0"
"CREC_HLB 7663.JPG","775.0"
"CREC_HLB 7664.JPG","775.0"
"CREC_HLB 7665.JPG","775.0"
"CREC_HLB 7666.JPG","776.0"
"CREC_HLB 7667.JPG","776.0"
"CREC_HLB 7668.JPG","776.0"
"CREC_HLB 7669.JPG","776.0"
"CREC_HLB 7670.JPG","777.0"
"CREC_HLB 7671.JPG","777.0"
"CREC_HLB 7672.JPG","777.0"
"CREC_HLB 7673.JPG","777.0"
"CREC_HLB 7674.JPG","778.0"
"CREC_HLB 7675.JPG","778.0"
"CREC_HLB 7676.JPG","778.0"
"CREC_HLB 7677.JPG","778.0"
"CREC_HLB 7678.JPG","779.0"
"CREC_HLB 7679.JPG","779.0"
"CREC_HLB 7680.JPG","779.0"
"CREC_HLB 7681.JPG","779.0"
"CREC_HLB 7682.JPG","780.0"
"CREC_HLB 7683.JPG","780.0"
"CREC_HLB 7684.JPG","780.0"
"CREC_HLB 7685.JPG","780.0"
"CREC_HLB 7686.JPG","781.0"
"CREC_HLB 7687.JPG","781.0"
"CREC_HLB 7688.JPG","781.0"
"CREC_HLB 7689.JPG","781.0"
"CREC_HLB 7690.JPG","782.0"
"CREC_HLB 7691.JPG","782.0"
"CREC_HLB 7692.JPG","782.0"
"CREC_HLB 7693.JPG","782.0"
"CREC_HLB 7694.JPG","783.0"
"CREC_HLB 7695.JPG","783.0"
"CREC_HLB 7696.JPG","783.0"
"CREC_HLB 7697.JPG","783.0"
"CREC_HLB 7698.JPG","784.0"
"CREC_HLB 7699.JPG","784.0"
"CREC_HLB 7700.JPG","784.0"
"CREC_HLB 7701.JPG","784.0"
"CREC_HLB 7702.JPG","785.0"
"CREC_HLB 7703.JPG","785.0"
"CREC_HLB 7704.JPG","785.0"
"CREC_HLB 7705.JPG","785.0"
"CREC_HLB 7706.JPG","786.0"
"CREC_HLB 7707.JPG","786.0"
"CREC_HLB 7708.JPG","786.0"
"CREC_HLB 7709.JPG","786.0"
"CREC_HLB 7711.JPG","787.0"
"CREC_HLB 7712.JPG","787.0"
"CREC_HLB 7713.JPG","787.0"
"CREC_HLB 7714.JPG","787.0"
"CREC_HLB 7715.JPG","788.0"
"CREC_HLB 7716.JPG","788.0"
"CREC_HLB 7717.JPG","788.0"
"CREC_HLB 7718.JPG","788.0"
"CREC_HLB 7719.JPG","789.0"
"CREC_HLB 7720.JPG","789.0"
"CREC_HLB 7721.JPG","789.0"
"CREC_HLB 7722.JPG","789.0"
"CREC_HLB 7723.JPG","790.0"
"CREC_HLB 7724.JPG","790.0"
"CREC_HLB 7725.JPG","790.0"
"CREC_HLB 7726.JPG","790.0"
"CREC_HLB 7727.JPG","791.0"
"CREC_HLB 7728.JPG","791.0"
"CREC_HLB 7729.JPG","791.0"
"CREC_HLB 7730.JPG","791.0"
"CREC_HLB 7731.JPG","792.0"
"CREC_HLB 7732.JPG","792.0"
"CREC_HLB 7733.JPG","792.0"
"CREC_HLB 7734.JPG","792.0"
"CREC_HLB 7735.JPG","793.0"
"CREC_HLB 7736.JPG","793.0"
"CREC_HLB 7737.JPG","793.0"
"CREC_HLB 7738.JPG","793.0"
"CREC_HLB 7739.JPG","794.0"
"CREC_HLB 7740.JPG","794.0"
"CREC_HLB 7741.JPG","794.0"
"CREC_HLB 7742.JPG","794.0"
"CREC_HLB 7743.JPG","795.0"
"CREC_HLB 7744.JPG","795.0"
"CREC_HLB 7745.JPG","795.0"
"CREC_HLB 7746.JPG","795.0"
"CREC_HLB 7747.JPG","796.0"
"CREC_HLB 7748.JPG","796.0"
"CREC_HLB 7749.JPG","796.0"
"CREC_HLB 7750.JPG","796.0"
"CREC_HLB 7751.JPG","797.0"
"CREC_HLB 7752.JPG","797.0"
"CREC_HLB 7753.JPG","797.0"
"CREC_HLB 7754.JPG","797.0"
"CREC_HLB 7755.JPG","798.0"
"CREC_HLB 7756.JPG","798.0"
"CREC_HLB 7757.JPG","798.0"
"CREC_HLB 7758.JPG","798.0"
"CREC_HLB 7759.JPG","799.0"
"CREC_HLB 7760.JPG","799.0"
"CREC_HLB 7761.JPG","799.0"
"CREC_HLB 7762.JPG","799.0"
"CREC_HLB 7763.JPG","800.0"
"CREC_HLB 7764.JPG","800.0"
"CREC_HLB 7765.JPG","800.0"
"CREC_HLB 7766.JPG","800.0"
"CREC_HLB 7767.JPG","801.0"
"CREC_HLB 7768.JPG","801.0"
"CREC_HLB 7769.JPG","801.0"
"CREC_HLB 7770.JPG","801.0"
"CREC_HLB 7771.JPG","802.0"
"CREC_HLB 7772.JPG","802.0"
"CREC_HLB 7773.JPG","802.0"
"CREC_HLB 7774.JPG","802.0"
"CREC_HLB 7775.JPG","803.0"
"CREC_HLB 7776.JPG","803.0"
"CREC_HLB 7777.JPG","803.0"
"CREC_HLB 7778.JPG","803.0"
"CREC_HLB 7779.JPG","804.0"
"CREC_HLB 7780.JPG","804.0"
"CREC_HLB 7781.JPG","804.0"
"CREC_HLB 7782.JPG","804.0"
"CREC_HLB 7783.JPG","805.0"
"CREC_HLB 7784.JPG","805.0"
"CREC_HLB 7785.JPG","805.0"
"CREC_HLB 7786.JPG","805.0"
"CREC_HLB 7787.JPG","806.0"
"CREC_HLB 7788.JPG","806.0"
"CREC_HLB 7789.JPG","806.0"
"CREC_HLB 7790.JPG","806.0"
"CREC_HLB 7791.JPG","807.0"
"CREC_HLB 7792.JPG","807.0"
"CREC_HLB 7793.JPG","807.0"
"CREC_HLB 7794.JPG","807.0"
"CREC_HLB 7795.JPG","808.0"
"CREC_HLB 7796.JPG","808.0"
"CREC_HLB 7797.JPG","808.0"
"CREC_HLB 7798.JPG","808.0"
"CREC_HLB 7799.JPG","809.0"
"CREC_HLB 7800.JPG","809.0"
"CREC_HLB 7801.JPG","809.0"
"CREC_HLB 7802.JPG","809.0"
"CREC_HLB 7803.JPG","810.0"
"CREC_HLB 7804.JPG","810.0"
"CREC_HLB 7805.JPG","810.0"
"CREC_HLB 7806.JPG","810.0"
"CREC_HLB 7807.JPG","811.0"
"CREC_HLB 7808.JPG","811.0"
"CREC_HLB 7809.JPG","811.0"
"CREC_HLB 7810.JPG","811.0"
"CREC_HLB 7811.JPG","812.0"
"CREC_HLB 7812.JPG","812.0"
"CREC_HLB 7813.JPG","812.0"
"CREC_HLB 7814.JPG","812.0"
"CREC_HLB 7815.JPG","813.0"
"CREC_HLB 7816.JPG","813.0"
"CREC_HLB 7817.JPG","813.0"
"CREC_HLB 7818.JPG","813.0"
"CREC_HLB 7819.JPG","814.0"
"CREC_HLB 7820.JPG","814.0"
"CREC_HLB 7821.JPG","814.0"
"CREC_HLB 7822.JPG","814.0"
"CREC_HLB 7823.JPG","815.0"
"CREC_HLB 7824.JPG","815.0"
"CREC_HLB 7825.JPG","815.0"
"CREC_HLB 7826.JPG","815.0"
"CREC_HLB 7827.JPG","816.0"
"CREC_HLB 7828.JPG","816.0"
"CREC_HLB 7830.JPG","816.0"
"CREC_HLB 7831.JPG","816.0"
"CREC_HLB 7832.JPG","817.0"
"CREC_HLB 7833.JPG","817.0"
"CREC_HLB 7834.JPG","817.0"
"CREC_HLB 7835.JPG","817.0"
"CREC_HLB 7836.JPG","818.0"
"CREC_HLB 7837.JPG","818.0"
"CREC_HLB 7838.JPG","818.0"
"CREC_HLB 7839.JPG","818.0"
"CREC_HLB 7840.JPG","819.0"
"CREC_HLB 7841.JPG","819.0"
"CREC_HLB 7842.JPG","819.0"
"CREC_HLB 7843.JPG","819.0"
"CREC_HLB 7844.JPG","820.0"
"CREC_HLB 7845.JPG","820.0"
"CREC_HLB 7846.JPG","820.0"
"CREC_HLB 7847.JPG","820.0"
"CREC_HLB 7848.JPG","821.0"
"CREC_HLB 7849.JPG","821.0"
"CREC_HLB 7850.JPG","821.0"
"CREC_HLB 7851.JPG","821.0"
"CREC_HLB 7852.JPG","822.0"
"CREC_HLB 7853.JPG","822.0"
"CREC_HLB 7854.JPG","822.0"
"CREC_HLB 7855.JPG","822.0"
"CREC_HLB 7856.JPG","823.0"
"CREC_HLB 7857.JPG","823.0"
"CREC_HLB 7858.JPG","823.0"
"CREC_HLB 7859.JPG","823.0"
"CREC_HLB 7860.JPG","824.0"
"CREC_HLB 7861.JPG","824.0"
"CREC_HLB 7862.JPG","824.0"
"CREC_HLB 7863.JPG","824.0"
"CREC_HLB 7864.JPG","825.0"
"CREC_HLB 7865.JPG","825.0"
"CREC_HLB 7866.JPG","825.0"
"CREC_HLB 7867.JPG","825.0"
"CREC_HLB 7868.JPG","826.0"
"CREC_HLB 7869.JPG","826.0"
"CREC_HLB 7870.JPG","826.0"
"CREC_HLB 7871.JPG","826.0"
"CREC_HLB 7872.JPG","827.0"
"CREC_HLB 7873.JPG","827.0"
"CREC_HLB 7874.JPG","827.0"
"CREC_HLB 7875.JPG","827.0"
"CREC_HLB 7876.JPG","828.0"
"CREC_HLB 7877.JPG","828.0"
"CREC_HLB 7878.JPG","828.0"
"CREC_HLB 7879.JPG","828.0"
"CREC_HLB 7880.JPG","829.0"
"CREC_HLB 7881.JPG","829.0"
"CREC_HLB 7882.JPG","829.0"
"CREC_HLB 7883.JPG","829.0"
"CREC_HLB 7884.JPG","830.0"
"CREC_HLB 7885.JPG","830.0"
"CREC_HLB 7886.JPG","830.0"
"CREC_HLB 7887.JPG","830.0"
"CREC_HLB 7888.JPG","831.0"
"CREC_HLB 7889.JPG","831.0"
"CREC_HLB 7890.JPG","831.0"
"CREC_HLB 7891.JPG","831.0"
"CREC_HLB 7892.JPG","832.0"
"CREC_HLB 7893.JPG","832.0"
"CREC_HLB 7894.JPG","832.0"
"CREC_HLB 7895.JPG","832.0"
"CREC_HLB 7896.JPG","833.0"
"CREC_HLB 7897.JPG","833.0"
"CREC_HLB 7898.JPG","833.0"
"CREC_HLB 7899.JPG","833.0"
"CREC_HLB 7900.JPG","834.0"
"CREC_HLB 7901.JPG","834.0"
"CREC_HLB 7902.JPG","834.0"
"CREC_HLB 7903.JPG","834.0"
"CREC_HLB 7904.JPG","835.0"
"CREC_HLB 7905.JPG","835.0"
"CREC_HLB 7906.JPG","835.0"
"CREC_HLB 7907.JPG","835.0"
"CREC_HLB 7908.JPG","836.0"
"CREC_HLB 7909.JPG","836.0"
"CREC_HLB 7910.JPG","836.0"
"CREC_HLB 7911.JPG","836.0"
"CREC_HLB 7912.JPG","837.0"
"CREC_HLB 7913.JPG","837.0"
"CREC_HLB 7914.JPG","837.0"
"CREC_HLB 7915.JPG","837.0"
"CREC_HLB 7916.JPG","838.0"
"CREC_HLB 7917.JPG","838.0"
"CREC_HLB 7918.JPG","838.0"
"CREC_HLB 7919.JPG","838.0"
"CREC_HLB 7920.JPG","839.0"
"CREC_HLB 7921.JPG","839.0"
"CREC_HLB 7922.JPG","839.0"
"CREC_HLB 7923.JPG","839.0"
"CREC_HLB 7924.JPG","840.0"
"CREC_HLB 7925.JPG","840.0"
"CREC_HLB 7926.JPG","840.0"
"CREC_HLB 7927.JPG","840.0"
"CREC_HLB 7928.JPG","841.0"
"CREC_HLB 7929.JPG","841.0"
"CREC_HLB 7930.JPG","841.0"
"CREC_HLB 7931.JPG","841.0"
"CREC_HLB 7932.JPG","842.0"
"CREC_HLB 7933.JPG","842.0"
"CREC_HLB 7934.JPG","842.0"
"CREC_HLB 7935.JPG","842.0"
"CREC_HLB 7936.JPG","843.0"
"CREC_HLB 7937.JPG","843.0"
"CREC_HLB 7938.JPG","843.0"
"CREC_HLB 7939.JPG","843.0"
