"File Name","Leaf #"
"NREC_B.Spot 1785.JPG","1.0"
"NREC_B.Spot 1786.JPG","1.0"
"NREC_B.Spot 1787.JPG","1.0"
"NREC_B.Spot 1788.JPG","1.0"
"NREC_B.Spot 1789.JPG","2.0"
"NREC_B.Spot 1790.JPG","2.0"
"NREC_B.Spot 1791.JPG","2.0"
"NREC_B.Spot 1792.JPG","2.0"
"NREC_B.Spot 1793.JPG","3.0"
"NREC_B.Spot 1794.JPG","3.0"
"NREC_B.Spot 1795.JPG","3.0"
"NREC_B.Spot 1796.JPG","3.0"
"NREC_B.Spot 1798.JPG","4.0"
"NREC_B.Spot 1799.JPG","4.0"
"NREC_B.Spot 1800.JPG","4.0"
"NREC_B.Spot 1801.JPG","4.0"
"NREC_B.Spot 1802.JPG","5.0"
"NREC_B.Spot 1803.JPG","5.0"
"NREC_B.Spot 1804.JPG","5.0"
"NREC_B.Spot 1805.JPG","5.0"
"NREC_B.Spot 1806.JPG","6.0"
"NREC_B.Spot 1807.JPG","6.0"
"NREC_B.Spot 1808.JPG","6.0"
"NREC_B.Spot 1809.JPG","6.0"
"NREC_B.Spot 1810.JPG","7.0"
"NREC_B.Spot 1811.JPG","7.0"
"NREC_B.Spot 1812.JPG","7.0"
"NREC_B.Spot 1813.JPG","7.0"
"NREC_B.Spot 1814.JPG","8.0"
"NREC_B.Spot 1815.JPG","8.0"
"NREC_B.Spot 1816.JPG","8.0"
"NREC_B.Spot 1817.JPG","8.0"
"NREC_B.Spot 1818.JPG","9.0"
"NREC_B.Spot 1819.JPG","9.0"
"NREC_B.Spot 1820.JPG","9.0"
"NREC_B.Spot 1821.JPG","9.0"
"NREC_B.Spot 1822.JPG","10.0"
"NREC_B.Spot 1823.JPG","10.0"
"NREC_B.Spot 1824.JPG","10.0"
"NREC_B.Spot 1825.JPG","10.0"
"NREC_B.Spot 1826.JPG","11.0"
"NREC_B.Spot 1827.JPG","11.0"
"NREC_B.Spot 1828.JPG","11.0"
"NREC_B.Spot 1829.JPG","11.0"
"NREC_B.Spot 1830.JPG","12.0"
"NREC_B.Spot 1831.JPG","12.0"
"NREC_B.Spot 1832.JPG","12.0"
"NREC_B.Spot 1833.JPG","12.0"
"NREC_B.Spot 1834.JPG","13.0"
"NREC_B.Spot 1835.JPG","13.0"
"NREC_B.Spot 1836.JPG","13.0"
"NREC_B.Spot 1837.JPG","13.0"
"NREC_B.Spot 1838.JPG","14.0"
"NREC_B.Spot 1839.JPG","14.0"
"NREC_B.Spot 1840.JPG","14.0"
"NREC_B.Spot 1841.JPG","14.0"
"NREC_B.Spot 1842.JPG","15.0"
"NREC_B.Spot 1843.JPG","15.0"
"NREC_B.Spot 1844.JPG","15.0"
"NREC_B.Spot 1845.JPG","15.0"
"NREC_B.Spot 1846.JPG","16.0"
"NREC_B.Spot 1847.JPG","16.0"
"NREC_B.Spot 1848.JPG","16.0"
"NREC_B.Spot 1849.JPG","16.0"
"NREC_B.Spot 1850.JPG","17.0"
"NREC_B.Spot 1851.JPG","17.0"
"NREC_B.Spot 1852.JPG","17.0"
"NREC_B.Spot 1853.JPG","17.0"
"NREC_B.Spot 1854.JPG","18.0"
"NREC_B.Spot 1855.JPG","18.0"
"NREC_B.Spot 1856.JPG","18.0"
"NREC_B.Spot 1857.JPG","18.0"
"NREC_B.Spot 1858.JPG","19.0"
"NREC_B.Spot 1859.JPG","19.0"
"NREC_B.Spot 1860.JPG","19.0"
"NREC_B.Spot 1861.JPG","19.0"
"NREC_B.Spot 1862.JPG","20.0"
"NREC_B.Spot 1863.JPG","20.0"
"NREC_B.Spot 1864.JPG","20.0"
"NREC_B.Spot 1865.JPG","20.0"
"NREC_B.Spot 1866.JPG","21.0"
"NREC_B.Spot 1867.JPG","21.0"
"NREC_B.Spot 1868.JPG","21.0"
"NREC_B.Spot 1869.JPG","21.0"
"NREC_B.Spot 1870.JPG","22.0"
"NREC_B.Spot 1871.JPG","22.0"
"NREC_B.Spot 1872.JPG","22.0"
"NREC_B.Spot 1873.JPG","22.0"
"NREC_B.Spot 1874.JPG","23.0"
"NREC_B.Spot 1875.JPG","23.0"
"NREC_B.Spot 1876.JPG","23.0"
"NREC_B.Spot 1877.JPG","23.0"
"NREC_B.Spot 1878.JPG","24.0"
"NREC_B.Spot 1879.JPG","24.0"
"NREC_B.Spot 1880.JPG","24.0"
"NREC_B.Spot 1881.JPG","24.0"
"NREC_B.Spot 1882.JPG","25.0"
"NREC_B.Spot 1883.JPG","25.0"
"NREC_B.Spot 1884.JPG","25.0"
"NREC_B.Spot 1885.JPG","25.0"
"NREC_B.Spot 1886.JPG","26.0"
"NREC_B.Spot 1887.JPG","26.0"
"NREC_B.Spot 1889.JPG","26.0"
"NREC_B.Spot 1890.JPG","26.0"
"NREC_B.Spot 1891.JPG","27.0"
"NREC_B.Spot 1892.JPG","27.0"
"NREC_B.Spot 1893.JPG","27.0"
"NREC_B.Spot 1894.JPG","27.0"
"NREC_B.Spot 1895.JPG","28.0"
"NREC_B.Spot 1896.JPG","28.0"
"NREC_B.Spot 1897.JPG","28.0"
"NREC_B.Spot 1898.JPG","28.0"
"NREC_B.Spot 1899.JPG","29.0"
"NREC_B.Spot 1900.JPG","29.0"
"NREC_B.Spot 1901.JPG","29.0"
"NREC_B.Spot 1902.JPG","29.0"
"NREC_B.Spot 1903.JPG","30.0"
"NREC_B.Spot 1904.JPG","30.0"
"NREC_B.Spot 1905.JPG","30.0"
"NREC_B.Spot 1906.JPG","30.0"
"NREC_B.Spot 1907.JPG","31.0"
"NREC_B.Spot 1908.JPG","31.0"
"NREC_B.Spot 1909.JPG","31.0"
"NREC_B.Spot 1910.JPG","31.0"
"NREC_B.Spot 1911.JPG","32.0"
"NREC_B.Spot 1912.JPG","32.0"
"NREC_B.Spot 1913.JPG","32.0"
"NREC_B.Spot 1914.JPG","32.0"
"NREC_B.Spot 1915.JPG","33.0"
"NREC_B.Spot 1916.JPG","33.0"
"NREC_B.Spot 1917.JPG","33.0"
"NREC_B.Spot 1918.JPG","33.0"
"NREC_B.Spot 1919.JPG","34.0"
"NREC_B.Spot 1920.JPG","34.0"
"NREC_B.Spot 1921.JPG","34.0"
"NREC_B.Spot 1922.JPG","34.0"
"NREC_B.Spot 1923.JPG","35.0"
"NREC_B.Spot 1924.JPG","35.0"
"NREC_B.Spot 1925.JPG","35.0"
"NREC_B.Spot 1926.JPG","35.0"
"NREC_B.Spot 1927.JPG","36.0"
"NREC_B.Spot 1928.JPG","36.0"
"NREC_B.Spot 1929.JPG","36.0"
"NREC_B.Spot 1930.JPG","36.0"
"NREC_B.Spot 1931.JPG","37.0"
"NREC_B.Spot 1932.JPG","37.0"
"NREC_B.Spot 1933.JPG","37.0"
"NREC_B.Spot 1934.JPG","37.0"
"NREC_B.Spot 1935.JPG","38.0"
"NREC_B.Spot 1936.JPG","38.0"
"NREC_B.Spot 1937.JPG","38.0"
"NREC_B.Spot 1938.JPG","38.0"
"NREC_B.Spot 1939.JPG","39.0"
"NREC_B.Spot 1940.JPG","39.0"
"NREC_B.Spot 1941.JPG","39.0"
"NREC_B.Spot 1942.JPG","39.0"
"NREC_B.Spot 1943.JPG","40.0"
"NREC_B.Spot 1944.JPG","40.0"
"NREC_B.Spot 1945.JPG","40.0"
"NREC_B.Spot 1946.JPG","40.0"
"NREC_B.Spot 1947.JPG","41.0"
"NREC_B.Spot 1948.JPG","41.0"
"NREC_B.Spot 1949.JPG","41.0"
"NREC_B.Spot 1950.JPG","41.0"
"NREC_B.Spot 1951.JPG","42.0"
"NREC_B.Spot 1952.JPG","42.0"
"NREC_B.Spot 1953.JPG","42.0"
"NREC_B.Spot 1954.JPG","42.0"
"NREC_B.Spot 1955.JPG","43.0"
"NREC_B.Spot 1956.JPG","43.0"
"NREC_B.Spot 1957.JPG","43.0"
"NREC_B.Spot 1958.JPG","43.0"
"NREC_B.Spot 1959.JPG","44.0"
"NREC_B.Spot 1960.JPG","44.0"
"NREC_B.Spot 1961.JPG","44.0"
"NREC_B.Spot 1962.JPG","44.0"
"NREC_B.Spot 1963.JPG","45.0"
"NREC_B.Spot 1964.JPG","45.0"
"NREC_B.Spot 1965.JPG","45.0"
"NREC_B.Spot 1966.JPG","45.0"
"NREC_B.Spot 1967.JPG","46.0"
"NREC_B.Spot 1968.JPG","46.0"
"NREC_B.Spot 1969.JPG","46.0"
"NREC_B.Spot 1970.JPG","46.0"
"NREC_B.Spot 1971.JPG","47.0"
"NREC_B.Spot 1972.JPG","47.0"
"NREC_B.Spot 1973.JPG","47.0"
"NREC_B.Spot 1974.JPG","47.0"
"NREC_B.Spot 1975.JPG","48.0"
"NREC_B.Spot 1976.JPG","48.0"
"NREC_B.Spot 1977.JPG","48.0"
"NREC_B.Spot 1978.JPG","48.0"
"NREC_B.Spot 1979.JPG","49.0"
"NREC_B.Spot 1980.JPG","49.0"
"NREC_B.Spot 1981.JPG","49.0"
"NREC_B.Spot 1982.JPG","49.0"
"NREC_B.Spot 1983.JPG","50.0"
"NREC_B.Spot 1984.JPG","50.0"
"NREC_B.Spot 1985.JPG","50.0"
"NREC_B.Spot 1986.JPG","50.0"
"NREC_B.Spot 9045.JPG","51.0"
"NREC_B.Spot 9046.JPG","51.0"
"NREC_B.Spot 9047.JPG","51.0"
"NREC_B.Spot 9048.JPG","51.0"
"NREC_B.Spot 9049.JPG","52.0"
"NREC_B.Spot 9050.JPG","52.0"
"NREC_B.Spot 9051.JPG","52.0"
"NREC_B.Spot 9052.JPG","52.0"
"NREC_B.Spot 9053.JPG","53.0"
"NREC_B.Spot 9054.JPG","53.0"
"NREC_B.Spot 9055.JPG","53.0"
"NREC_B.Spot 9056.JPG","53.0"
"NREC_B.Spot 9057.JPG","54.0"
"NREC_B.Spot 9058.JPG","54.0"
"NREC_B.Spot 9059.JPG","54.0"
"NREC_B.Spot 9060.JPG","54.0"
"NREC_B.Spot 9061.JPG","55.0"
"NREC_B.Spot 9062.JPG","55.0"
"NREC_B.Spot 9063.JPG","55.0"
"NREC_B.Spot 9064.JPG","55.0"
"NREC_B.Spot 9065.JPG","56.0"
"NREC_B.Spot 9066.JPG","56.0"
"NREC_B.Spot 9067.JPG","56.0"
"NREC_B.Spot 9068.JPG","56.0"
"NREC_B.Spot 9069.JPG","57.0"
"NREC_B.Spot 9070.JPG","57.0"
"NREC_B.Spot 9071.JPG","57.0"
"NREC_B.Spot 9072.JPG","57.0"
"NREC_B.Spot 9073.JPG","58.0"
"NREC_B.Spot 9074.JPG","58.0"
"NREC_B.Spot 9075.JPG","58.0"
"NREC_B.Spot 9076.JPG","58.0"
"NREC_B.Spot 9077.JPG","59.0"
"NREC_B.Spot 9078.JPG","59.0"
"NREC_B.Spot 9079.JPG","59.0"
"NREC_B.Spot 9080.JPG","59.0"
"NREC_B.Spot 9081.JPG","60.0"
"NREC_B.Spot 9082.JPG","60.0"
"NREC_B.Spot 9083.JPG","60.0"
"NREC_B.Spot 9084.JPG","60.0"
"NREC_B.Spot 9085.JPG","61.0"
"NREC_B.Spot 9086.JPG","61.0"
"NREC_B.Spot 9087.JPG","61.0"
"NREC_B.Spot 9088.JPG","61.0"
"NREC_B.Spot 9089.JPG","62.0"
"NREC_B.Spot 9090.JPG","62.0"
"NREC_B.Spot 9091.JPG","62.0"
"NREC_B.Spot 9092.JPG","62.0"
"NREC_B.Spot 9093.JPG","63.0"
"NREC_B.Spot 9094.JPG","63.0"
"NREC_B.Spot 9095.JPG","63.0"
"NREC_B.Spot 9096.JPG","63.0"
"NREC_B.Spot 9097.JPG","64.0"
"NREC_B.Spot 9098.JPG","64.0"
"NREC_B.Spot 9099.JPG","64.0"
"NREC_B.Spot 9100.JPG","64.0"
"NREC_B.Spot 9101.JPG","65.0"
"NREC_B.Spot 9102.JPG","65.0"
"NREC_B.Spot 9103.JPG","65.0"
"NREC_B.Spot 9104.JPG","65.0"
"NREC_B.Spot 9105.JPG","66.0"
"NREC_B.Spot 9106.JPG","66.0"
"NREC_B.Spot 9107.JPG","66.0"
"NREC_B.Spot 9108.JPG","66.0"
"NREC_B.Spot 9109.JPG","67.0"
"NREC_B.Spot 9110.JPG","67.0"
"NREC_B.Spot 9111.JPG","67.0"
"NREC_B.Spot 9112.JPG","67.0"
"NREC_B.Spot 9113.JPG","68.0"
"NREC_B.Spot 9114.JPG","68.0"
"NREC_B.Spot 9115.JPG","68.0"
"NREC_B.Spot 9116.JPG","68.0"
"NREC_B.Spot 9117.JPG","69.0"
"NREC_B.Spot 9118.JPG","69.0"
"NREC_B.Spot 9119.JPG","69.0"
"NREC_B.Spot 9120.JPG","69.0"
"NREC_B.Spot 9121.JPG","70.0"
"NREC_B.Spot 9122.JPG","70.0"
"NREC_B.Spot 9123.JPG","70.0"
"NREC_B.Spot 9124.JPG","70.0"
"NREC_B.Spot 9125.JPG","71.0"
"NREC_B.Spot 9126.JPG","71.0"
"NREC_B.Spot 9127.JPG","71.0"
"NREC_B.Spot 9128.JPG","71.0"
"NREC_B.Spot 9129.JPG","72.0"
"NREC_B.Spot 9130.JPG","72.0"
"NREC_B.Spot 9131.JPG","72.0"
"NREC_B.Spot 9132.JPG","72.0"
"NREC_B.Spot 9133.JPG","73.0"
"NREC_B.Spot 9134.JPG","73.0"
"NREC_B.Spot 9135.JPG","73.0"
"NREC_B.Spot 9136.JPG","73.0"
"NREC_B.Spot 9137.JPG","74.0"
"NREC_B.Spot 9138.JPG","74.0"
"NREC_B.Spot 9139.JPG","74.0"
"NREC_B.Spot 9140.JPG","74.0"
"NREC_B.Spot 9141.JPG","75.0"
"NREC_B.Spot 9142.JPG","75.0"
"NREC_B.Spot 9143.JPG","75.0"
"NREC_B.Spot 9144.JPG","75.0"
"NREC_B.Spot 9145.JPG","76.0"
"NREC_B.Spot 9146.JPG","76.0"
"NREC_B.Spot 9147.JPG","76.0"
"NREC_B.Spot 9148.JPG","76.0"
"NREC_B.Spot 9149.JPG","77.0"
"NREC_B.Spot 9150.JPG","77.0"
"NREC_B.Spot 9151.JPG","77.0"
"NREC_B.Spot 9152.JPG","77.0"
"NREC_B.Spot 9153.JPG","78.0"
"NREC_B.Spot 9154.JPG","78.0"
"NREC_B.Spot 9155.JPG","78.0"
"NREC_B.Spot 9156.JPG","78.0"
"NREC_B.Spot 9157.JPG","79.0"
"NREC_B.Spot 9158.JPG","79.0"
"NREC_B.Spot 9159.JPG","79.0"
"NREC_B.Spot 9160.JPG","79.0"
"NREC_B.Spot 9161.JPG","80.0"
"NREC_B.Spot 9162.JPG","80.0"
"NREC_B.Spot 9163.JPG","80.0"
"NREC_B.Spot 9164.JPG","80.0"
"NREC_B.Spot 9165.JPG","81.0"
"NREC_B.Spot 9166.JPG","81.0"
"NREC_B.Spot 9167.JPG","81.0"
"NREC_B.Spot 9168.JPG","81.0"
"NREC_B.Spot 9169.JPG","82.0"
"NREC_B.Spot 9170.JPG","82.0"
"NREC_B.Spot 9171.JPG","82.0"
"NREC_B.Spot 9172.JPG","82.0"
"NREC_B.Spot 9173.JPG","83.0"
"NREC_B.Spot 9174.JPG","83.0"
"NREC_B.Spot 9175.JPG","83.0"
"NREC_B.Spot 9176.JPG","83.0"
"NREC_B.Spot 9177.JPG","84.0"
"NREC_B.Spot 9178.JPG","84.0"
"NREC_B.Spot 9179.JPG","84.0"
"NREC_B.Spot 9180.JPG","84.0"
"NREC_B.Spot 9181.JPG","85.0"
"NREC_B.Spot 9182.JPG","85.0"
"NREC_B.Spot 9183.JPG","85.0"
"NREC_B.Spot 9184.JPG","85.0"
"NREC_B.Spot 9185.JPG","86.0"
"NREC_B.Spot 9186.JPG","86.0"
"NREC_B.Spot 9187.JPG","86.0"
"NREC_B.Spot 9188.JPG","86.0"
"NREC_B.Spot 9189.JPG","87.0"
"NREC_B.Spot 9190.JPG","87.0"
"NREC_B.Spot 9191.JPG","87.0"
"NREC_B.Spot 9192.JPG","87.0"
"NREC_B.Spot 9193.JPG","88.0"
"NREC_B.Spot 9194.JPG","88.0"
"NREC_B.Spot 9195.JPG","88.0"
"NREC_B.Spot 9196.JPG","88.0"
"NREC_B.Spot 9197.JPG","89.0"
"NREC_B.Spot 9198.JPG","89.0"
"NREC_B.Spot 9199.JPG","89.0"
"NREC_B.Spot 9200.JPG","89.0"
"NREC_B.Spot 9201.JPG","90.0"
"NREC_B.Spot 9202.JPG","90.0"
"NREC_B.Spot 9203.JPG","90.0"
"NREC_B.Spot 9204.JPG","90.0"
"NREC_B.Spot 9205.JPG","91.0"
"NREC_B.Spot 9206.JPG","91.0"
"NREC_B.Spot 9207.JPG","91.0"
"NREC_B.Spot 9208.JPG","91.0"
"NREC_B.Spot 9209.JPG","92.0"
"NREC_B.Spot 9210.JPG","92.0"
"NREC_B.Spot 9211.JPG","92.0"
"NREC_B.Spot 9212.JPG","92.0"
"NREC_B.Spot 9213.JPG","93.0"
"NREC_B.Spot 9214.JPG","93.0"
"NREC_B.Spot 9215.JPG","93.0"
"NREC_B.Spot 9216.JPG","93.0"
"NREC_B.Spot 9217.JPG","94.0"
"NREC_B.Spot 9218.JPG","94.0"
"NREC_B.Spot 9219.JPG","94.0"
"NREC_B.Spot 9220.JPG","94.0"
"NREC_B.Spot 9221.JPG","95.0"
"NREC_B.Spot 9222.JPG","95.0"
"NREC_B.Spot 9223.JPG","95.0"
"NREC_B.Spot 9224.JPG","95.0"
"NREC_B.Spot 9225.JPG","96.0"
"NREC_B.Spot 9226.JPG","96.0"
"NREC_B.Spot 9227.JPG","96.0"
"NREC_B.Spot 9228.JPG","96.0"
"NREC_B.Spot 9229.JPG","97.0"
"NREC_B.Spot 9230.JPG","97.0"
"NREC_B.Spot 9231.JPG","97.0"
"NREC_B.Spot 9232.JPG","97.0"
"NREC_B.Spot 9233.JPG","98.0"
"NREC_B.Spot 9234.JPG","98.0"
"NREC_B.Spot 9235.JPG","98.0"
"NREC_B.Spot 9236.JPG","98.0"
"NREC_B.Spot 9237.JPG","99.0"
"NREC_B.Spot 9238.JPG","99.0"
"NREC_B.Spot 9239.JPG","99.0"
"NREC_B.Spot 9240.JPG","99.0"
"NREC_B.Spot 9241.JPG","100.0"
"NREC_B.Spot 9242.JPG","100.0"
"NREC_B.Spot 9243.JPG","100.0"
"NREC_B.Spot 9244.JPG","100.0"
"NREC_B.Spot 9245.JPG","101.0"
"NREC_B.Spot 9246.JPG","101.0"
"NREC_B.Spot 9247.JPG","101.0"
"NREC_B.Spot 9248.JPG","101.0"
"NREC_B.Spot 9249.JPG","102.0"
"NREC_B.Spot 9250.JPG","102.0"
"NREC_B.Spot 9251.JPG","102.0"
"NREC_B.Spot 9252.JPG","102.0"
